거미,판매처,채널,최초관측일,최초가,현재가,변동횟수,가격추이,최근변동일,재고,URL
[킬로브라키스 3종 세트],거미랑,자사몰,2026-06-02,190000,190000,0,,,품절,https://theraphosidae.co.kr/product/킬로브라키스-3종-세트-일렉트릭-블루-베트남-블루-버미즈-브라운-8-10cm암컷/1679/category/24/display/1/
가본 바분 가봉바분 가보네니스 바분,타란툴라코리아,네이버,2026-06-02,20000,20000,0,,,재고,https://smartstore.naver.com/tarantulakorea/products/10640738980
가본바분,타란툴라코리아,자사몰,2026-06-02,20000,20000,0,,,재고,https://tarantulakorea.com/product/가본바분-유체/416/category/66/display/1/
가이아나 자이언트 그린 핑크토,거미랑,자사몰,2026-06-02,25000,25000,0,,,품절,https://theraphosidae.co.kr/product/가이아나-자이언트-그린-핑크토-유체/472/category/24/display/1/
가이아나 자이언트 그린 핑크토,거미랑,자사몰,2026-06-02,35000,35000,0,,,품절,https://theraphosidae.co.kr/product/가이아나-자이언트-그린-핑크토-유체/827/category/24/display/1/
가이아나 핑크토,타란툴라코리아,네이버,2026-06-02,25000,25000,0,,,재고,https://smartstore.naver.com/tarantulakorea/products/10588414892
가이아나 핑크토,타란툴라코리아,자사몰,2026-06-02,25000,25000,0,,,재고,https://tarantulakorea.com/product/가이아나-핑크토-유체/500/category/67/display/1/
가이아나 핑크토 마드레데디오스,타란툴라코리아,네이버,2026-06-02,25000,25000,0,,,품절,https://smartstore.naver.com/tarantulakorea/products/10973254346
가이아나 핑크토 브리티쉬 기아나,거미랑,자사몰,2026-06-02,25000,25000,0,,,품절,https://theraphosidae.co.kr/product/가이아나-핑크토-브리티쉬-기아나-유체/1412/category/24/display/1/
가이아나 핑크토 브리티시 가이아나,거미랑,네이버,2026-06-02,25000,25000,0,,,품절,https://smartstore.naver.com/terrafactory/products/12455886369
가이아나 핑크토 브리티시 가이아나,타란센터,자사몰,2026-06-02,25000,25000,0,,,품절,https://tarancenter.com/product/가이아나-핑크토-브리티시-가이아나-avicularia-avicularia-british-guiana/1292/category/51/display/1/
갈레오데스 spec.,거미랑,자사몰,2026-06-02,90000,90000,0,,,품절,https://theraphosidae.co.kr/product/갈레오데스-spec-낙타거미-35cm/692/category/24/display/1/
갈레오데스 spec.,거미랑,자사몰,2026-06-02,110000,110000,0,,,품절,https://theraphosidae.co.kr/product/갈레오데스-spec-낙타거미-57cm/693/category/24/display/1/
강렬한 남미의 불꽃! 트릭소펠마 플레임럼프 학명 Thrioxopelma ockerti 습성 배회성 수명 약 10~20년 사육온도 23~27도 사육습도 50~60% 사이즈 성장 속도 빠름 페루비안 플레임 럼프 오거티 입니다. 소형 종으로 알고 계시는 분이 많지만 오랜시간 사육하면 이상으로 자라는 종입니다. 강하지만 예민한 편입니다. 건조한 걸 좋아하며 사육에서는 높은 곳에서 은신처를 만들어서 생활 하기도 합니다. 부터 의 고정 발색이 나타나고 발색이 매우,타란툴라코리아,네이버,2026-06-02,25000,25000,0,,,품절,https://smartstore.naver.com/tarantulakorea/products/10560538176
강인한 아프리카 스타우트렉 바분,타란툴라코리아,네이버,2026-06-02,230000,230000,0,,,재고,https://smartstore.naver.com/tarantulakorea/products/11117461916
고스트 오너멘탈,거미랑,자사몰,2026-06-02,200000,200000,0,,,품절,https://theraphosidae.co.kr/product/고스트-오너멘탈-15cm-암컷/1276/category/24/display/1/
고스트 오너멘탈,거미랑,자사몰,2026-06-02,80000,80000,0,,,품절,https://theraphosidae.co.kr/product/고스트-오너멘탈-6cm-암컷/1243/category/24/display/1/
고스트 오너멘탈,거미랑,자사몰,2026-06-02,30000,30000,0,,,품절,https://theraphosidae.co.kr/product/고스트-오너멘탈-유체/1624/category/24/display/1/
고스트 오너멘탈,거미랑,자사몰,2026-06-02,15000,15000,0,,,품절,https://theraphosidae.co.kr/product/고스트-오너멘탈-유체/308/category/24/display/1/
고스트 오너멘탈,거미랑,자사몰,2026-06-02,30000,30000,0,,,품절,https://theraphosidae.co.kr/product/고스트-오너멘탈-유체/530/category/24/display/1/
고스트 오너멘탈,타란센터,자사몰,2026-06-02,80000,80000,0,,,품절,https://tarancenter.com/product/고스트-오너멘탈-10cm-암컷-준성체-초-poecilotheria-vittata/1177/category/51/display/1/
고스트 오너멘탈,타란센터,자사몰,2026-06-02,50000,50000,0,,,재고,https://tarancenter.com/product/고스트-오너멘탈-아성체-poecilotheria-vittata/993/category/51/display/1/
고스트 트리 스파이 학명 Amazonius burgessi 습성 나무위성 수명 약 10~20년 사육온도 23~27도 사육습도 50~60% 사이즈 성장 속도 매우 빠름 트리스파이더속으로 처럼 도 복부의 무늬가 있고 화려한 개체입니다. 분양되는 타란툴라의 사이즈는 급 입니다. ● 추가 사진,타란툴라코리아,네이버,2026-06-02,15000,15000,0,,,품절,https://smartstore.naver.com/tarantulakorea/products/10588191419
고스트 트리 스파이더,거미랑,자사몰,2026-06-02,20000,20000,0,,,품절,https://theraphosidae.co.kr/product/고스트-트리-스파이더-유체/1158/category/24/display/1/
고스트 트리 스파이더,타란센터,자사몰,2026-06-02,25000,25000,0,,,품절,https://tarancenter.com/product/고스트-트리-스파이더-유체-amazonius-burgessi/723/category/51/display/1/
고스트 트리스파이더,거미랑,자사몰,2026-06-02,20000,20000,0,,,품절,https://theraphosidae.co.kr/product/고스트-트리스파이더-유체/1187/category/24/display/1/
고스트 트리스파이더,거미랑,자사몰,2026-06-02,20000,20000,0,,,품절,https://theraphosidae.co.kr/product/고스트-트리스파이더-유체/1219/category/24/display/1/
골드 밴디드 스타버스트,거미랑,자사몰,2026-06-02,40000,40000,0,,,품절,https://theraphosidae.co.kr/product/2차-재입고-골드-밴디드-스타버스트-ex-ami-sp-panama-유체/835/category/24/display/1/
골드제브라 뷰티,거미랑,네이버,2026-06-02,12000,12000,0,,,재고,https://smartstore.naver.com/terrafactory/products/12265429252
골든 바분 학명 Harpactira tigrina 습성 버로우성 수명 약 10~15년 사육온도 23~27도 사육습도 70~80% 사이즈 성장 속도 빠름 Harpactira 속의 금색 바디에 패턴이 선명한 종류 입니다. 분양되는 사이즈는 급 입니다. ● 추가 사진,타란툴라코리아,네이버,2026-06-02,70000,70000,0,,,품절,https://smartstore.naver.com/tarantulakorea/products/10663151287
골든 밴디드 스타버스트,거미랑,자사몰,2026-06-02,45000,45000,0,,,품절,https://theraphosidae.co.kr/product/골든-밴디드-스타버스트-ex-ami-sp-panama/1101/category/24/display/1/
골든 밴디드 스타버스트 학명 Ami sp. Panama 습성 배회성 수명 약 10년+,타란툴라코리아,네이버,2026-06-02,35000,35000,0,,,품절,https://smartstore.naver.com/tarantulakorea/products/10567901323
골든 어스타이거 다크폼,거미랑,네이버,2026-06-02,20000,20000,0,,,재고,https://smartstore.naver.com/terrafactory/products/12936772478
골든 어스타이거 선라,거미랑,자사몰,2026-06-02,20000,20000,0,,,재고,https://theraphosidae.co.kr/product/골든-어스타이거-선라-유체/1986/category/24/display/1/
골든그레이 버드이터,거미랑,네이버,2026-06-02,15000,15000,0,,,재고,https://smartstore.naver.com/terrafactory/products/5230237021
골든그레이 버드이터,거미랑,자사몰,2026-06-02,65000,65000,0,,,품절,https://theraphosidae.co.kr/product/골든그레이-버드이터-8cm-한쌍/1794/category/24/display/1/
골든그레이 버드이터,거미랑,자사몰,2026-06-02,15000,15000,0,,,품절,https://theraphosidae.co.kr/product/골든그레이-버드이터-유체/1121/category/24/display/1/
골든그레이 버드이터,타란센터,네이버,2026-06-02,15000,15000,0,,,품절,https://smartstore.naver.com/tarancenter/products/10775047299
골든그레이 버드이터,타란센터,자사몰,2026-06-02,50000,50000,0,,,품절,https://tarancenter.com/product/골든그레이-버드이터-5cm-암컷-아성체-phormictopus-auratus/1180/category/51/display/1/
골든그레이 버드이터,타란센터,자사몰,2026-06-02,15000,15000,0,,,품절,https://tarancenter.com/product/골든그레이-버드이터-유체-phormictopus-auratus/1090/category/51/display/1/
골든그레이 버드이터,타란센터,자사몰,2026-06-02,25000,25000,0,,,품절,https://tarancenter.com/product/골든그레이-버드이터-유체-phormictopus-auratus/732/category/51/display/1/
골든그레이 버드이터,타란툴라코리아,자사몰,2026-06-02,15000,15000,0,,,재고,https://tarantulakorea.com/product/골든그레이-유체/195/category/24/display/1/
골든블루렉바분,거미랑,네이버,2026-06-02,15000,15000,0,,,품절,https://smartstore.naver.com/terrafactory/products/5230363526
골든블루렉바분,거미랑,자사몰,2026-06-02,25000,25000,0,,,품절,https://theraphosidae.co.kr/product/골든블루렉-바분-유체/1622/category/24/display/1/
골든블루렉바분,거미랑,자사몰,2026-06-02,38000,38000,0,,,품절,https://theraphosidae.co.kr/product/골든블루렉-바분-유체대/1623/category/24/display/1/
골든블루렉바분,더쥬 송파점,네이버,2026-06-02,25000,25000,0,,,품절,https://smartstore.naver.com/tzblossom/products/8764178511
골든블루렉바분,타란센터,자사몰,2026-06-02,25000,25000,0,,,품절,https://tarancenter.com/product/골든-블루렉-바분-유체-harpactira-pulchripes/1304/category/51/display/1/
골든블루렉바분,타란센터,자사몰,2026-06-02,25000,25000,0,,,품절,https://tarancenter.com/product/골든-블루렉-바분-유체-harpactira-pulchripes/792/category/51/display/1/
골든블루렉바분,타란센터,자사몰,2026-06-02,15000,15000,0,,,품절,https://tarancenter.com/product/골든-블루렉-바분-유체-harpactira-pulchripes/974/category/51/display/1/
골든블루렉바분,타란센터,자사몰,2026-06-02,60000,60000,0,,,품절,https://tarancenter.com/product/골든블루렉바분-5cm-아성체-암컷-harpactira-pulchripes/1473/category/51/display/1/
골든블루렉바분,타란툴라코리아,네이버,2026-06-02,25000,25000,0,,,품절,https://smartstore.naver.com/tarantulakorea/products/10622124815
골든블루렉바분 버로우 배회성 타란튤라 애완거미,타란센터,네이버,2026-06-02,25000,25000,0,,,품절,https://smartstore.naver.com/tarancenter/products/12070395942
골든어스타이거,거미랑,네이버,2026-06-02,20000,20000,0,,,재고,https://smartstore.naver.com/terrafactory/products/5852955793
골든어스타이거,거미랑,자사몰,2026-06-02,120000,120000,0,,,품절,https://theraphosidae.co.kr/product/골든-어스타이거-광시-준성체암/226/category/24/display/1/
골든어스타이거,거미랑,자사몰,2026-06-02,220000,220000,0,,,품절,https://theraphosidae.co.kr/product/골든-어스타이거-케방-15cm-한쌍/623/category/24/display/1/
골든어스타이거,거미랑,자사몰,2026-06-02,105000,105000,0,,,품절,https://theraphosidae.co.kr/product/골든-어스타이거-케방-준성체한쌍암컷-1215cm-수컷-10cm/803/category/24/display/1/
골든어스타이거,더쥬 송파점,네이버,2026-06-02,20000,20000,0,,,재고,https://smartstore.naver.com/tzblossom/products/9996205491
골든어스타이거,타란센터,자사몰,2026-06-02,40000,40000,0,,,품절,https://tarancenter.com/product/골든-어스-타이거-반출빈투언-유체-대-cyriopagopus-cf-schmidti-binh-thuan/626/category/51/display/1/
골든어스타이거 다크폼,타란툴라코리아,네이버,2026-06-02,20000,20000,0,,,재고,https://smartstore.naver.com/tarantulakorea/products/12986432443
골든어스타이거 다크폼,타란툴라코리아,자사몰,2026-06-02,20000,20000,0,,,재고,https://tarantulakorea.com/product/골든어스타이거-다크폼-유체/735/category/66/display/1/
골든어스타이거 다크폼,타란툴라코리아,자사몰,2026-06-02,20000,20000,0,,,재고,https://tarantulakorea.com/product/골든어스타이거-다크폼-유체/735/category/66/display/2/
골든어스타이거 케방산지,타란툴라코리아,자사몰,2026-06-02,20000,20000,0,,,재고,https://tarantulakorea.com/product/골든어스타이거-케방산지-유체/341/category/66/display/1/
골든제브라뷰티,거미랑,자사몰,2026-06-02,35000,35000,0,,,재고,https://theraphosidae.co.kr/product/골든제브라-뷰티-유체/1882/category/24/display/1/
골든제브라뷰티,더쥬 송파점,네이버,2026-06-02,14000,14000,0,,,재고,https://smartstore.naver.com/tzblossom/products/11476500132
골든제브라뷰티,더쥬 송파점,네이버,2026-06-02,8000,8000,0,,,재고,https://smartstore.naver.com/tzblossom/products/13132491964
골든제브라뷰티,타란센터,네이버,2026-06-02,35000,35000,0,,,재고,https://smartstore.naver.com/tarancenter/products/11823019550
골든제브라뷰티,타란센터,자사몰,2026-06-02,35000,35000,0,,,재고,https://tarancenter.com/product/골든제브라-뷰티-유체-eupalaestrus-larae/1199/category/51/display/1/
골든제브라뷰티,타란툴라코리아,네이버,2026-06-02,35000,35000,0,,,재고,https://smartstore.naver.com/tarantulakorea/products/10922787458
골든제브라뷰티,타란툴라코리아,자사몰,2026-06-02,35000,35000,0,,,재고,https://tarantulakorea.com/product/골든제브라뷰티-유체/650/category/24/display/1/
골리앗 버드이터,거미랑,자사몰,2026-06-02,320000,320000,0,,,품절,https://theraphosidae.co.kr/product/골리앗-버드이터-버건디-15cm-암/191/category/24/display/1/
골리앗 버드이터,거미랑,자사몰,2026-06-02,380000,380000,0,,,품절,https://theraphosidae.co.kr/product/골리앗-버드이터-버건디-1820cm암/192/category/24/display/1/
골리앗 버드이터,거미랑,자사몰,2026-06-02,450000,450000,0,,,품절,https://theraphosidae.co.kr/product/골리앗-버드이터-버건디-18cm-한쌍/193/category/24/display/1/
골리앗 버드이터,거미랑,자사몰,2026-06-02,450000,450000,0,,,품절,https://theraphosidae.co.kr/product/골리앗-버드이터-버건디-18cm한쌍/146/category/24/display/1/
골리앗 스트라이프 렉,거미랑,자사몰,2026-06-02,38000,38000,0,,,품절,https://theraphosidae.co.kr/product/골리앗-스트라이프-렉-유체/1735/category/24/display/1/
골리앗 오렌지 스트라이프렉 학명 Lasiodorides striatus 습성 배회성 수명 약 10~15년 사육온도 23~27도 사육습도 60~80% 사이즈 성장 속도 보통 등갑 가 정 크게 자란다고 골리앗 이라는 관용명이 붙은 골리앗 오렌지 스트라이프렉 입니다. 분양하고 있는 는 급 입니다. ● 추가 사진,타란툴라코리아,네이버,2026-06-02,40000,40000,0,,,품절,https://smartstore.naver.com/tarantulakorea/products/10694360913
골리앗 핑크토,거미랑,자사몰,2026-06-02,150000,150000,0,,,품절,https://theraphosidae.co.kr/product/골리앗-핑크토-베네수엘라-준성체암컷/644/category/24/display/1/
골리앗 핑크토,거미랑,자사몰,2026-06-02,25000,25000,0,,,품절,https://theraphosidae.co.kr/product/골리앗-핑크토-브라질-exavicularia-braunshauseni/1854/category/24/display/1/
골리앗 핑크토,더쥬 송파점,네이버,2026-06-02,25000,25000,0,,,품절,https://smartstore.naver.com/tzblossom/products/10246773942
골리앗 핑크토,타란센터,네이버,2026-06-02,20000,20000,0,,,품절,https://smartstore.naver.com/tarancenter/products/10870605969
골리앗 핑크토,타란센터,자사몰,2026-06-02,20000,20000,0,,,품절,https://tarancenter.com/product/골리앗-핑크토-유체-avicularia-braunshauseni/1121/category/51/display/1/
골리앗 핑크토,타란툴라코리아,네이버,2026-06-02,25000,25000,0,,,품절,https://smartstore.naver.com/tarantulakorea/products/10707791003
골리앗 핑크토 베네수엘라,거미랑,자사몰,2026-06-02,20000,20000,0,,,품절,https://theraphosidae.co.kr/product/골리앗-핑크토-베네수엘라-ex베네수엘라-핑크토-유체/1612/category/24/display/1/
과테 라 타이거럼프,거미랑,자사몰,2026-06-02,12000,12000,0,,,품절,https://theraphosidae.co.kr/product/과테말라-타이거럼프-스파이더-링/804/category/24/display/1/
과테 라 타이거럼프,거미랑,자사몰,2026-06-02,18000,18000,0,,,품절,https://theraphosidae.co.kr/product/과테말라-타이거럼프-유체/1221/category/24/display/1/
과테 라 타이거럼프,거미랑,자사몰,2026-06-02,15000,15000,0,,,품절,https://theraphosidae.co.kr/product/과테말란-타이거럼프-유체/1947/category/24/display/1/
과테 라 타이거럼프,거미랑,자사몰,2026-06-02,15000,15000,0,,,품절,https://theraphosidae.co.kr/product/과테말란-타이거럼프-유체/883/category/24/display/1/
과테 라 타이거럼프,더쥬 송파점,네이버,2026-06-02,10000,10000,0,,,품절,https://smartstore.naver.com/tzblossom/products/8764162622
과테 라 타이거럼프,타란센터,네이버,2026-06-02,12000,12000,0,,,재고,https://smartstore.naver.com/tarancenter/products/11179564135
과테 라 타이거럼프,타란센터,네이버,2026-06-02,10000,10000,0,,,품절,https://smartstore.naver.com/tarancenter/products/6113856239
과테 라 타이거럼프,타란센터,자사몰,2026-06-02,60000,60000,0,,,품절,https://tarancenter.com/product/과테말라-타이거럼프-10cm-암컷-davus-pentaloris/1438/category/51/display/1/
과테 라 타이거럼프,타란센터,자사몰,2026-06-02,30000,30000,0,,,품절,https://tarancenter.com/product/과테말라-타이거럼프-아성체-한쌍-암컷단품만-가능-davus-pentaloris/312/category/51/display/1/
과테 라 타이거럼프,타란센터,자사몰,2026-06-02,12000,12000,0,,,재고,https://tarancenter.com/product/과테말라-타이거럼프-유체-davus-pentaloris/1347/category/51/display/1/
과테 라 타이거럼프,타란센터,자사몰,2026-06-02,10000,10000,0,,,품절,https://tarancenter.com/product/과테말라-타이거럼프-유체-대-davus-pentaloris/1031/category/51/display/1/
과테 라 타이거럼프,타란툴라코리아,네이버,2026-06-02,10000,10000,0,,,재고,https://smartstore.naver.com/tarantulakorea/products/10555850292
관용명 : 가본 드워프 바분,더쥬 송파점,네이버,2026-06-02,20000,20000,0,,,재고,https://smartstore.naver.com/tzblossom/products/13545434514
관용명 : 골든 어스 타이거 다크폼 학명 : Cyriopagopus schmidti 분양 개체 크기 : 2탈피 + - 손라 산지의 골든 어스 타이거로 골지타 로컬 가장 거 하게 성장합니다. 시 블랙어스타이거와 흡사할 정도로 어두운 다리의 블랙 발색이 특색으로 사육 견해로 실제로 사육 하여 보았던 버러우성 어스타이거 가장 크게 성장하였습니다. 메인 사진은 2022년도 입양하여 사육하였던 골지타 다크폼 손라산지 사진입니다. 20여년 전 부터 꾸준히 국내외 키퍼들에게 인기와 수요가 있어 왔,더쥬 송파점,네이버,2026-06-02,20000,20000,0,,,재고,https://smartstore.naver.com/tzblossom/products/12965099018
관용명 : 다니엘스쿠일 바분 학명 : Harpactira sp. Danielskuil 분양 개체 크기 : 2~3탈피 - 남아프리카공화국의 쿠루만 산 인근에서 발견되어진다고 알려져 있는 하르팍티라 속의 올블랙에 가까운 채색을 지닌 다니엘스쿠일 바분입니다. 알려진 정보는 거의 없으나 여타 하르팍티라 속과 유사한 습생을 띌 것으로 예측됩니다. *메인 사진은 Google 펌 이미지입니다. 분양되어지는 개체는 ~ 입니다.,더쥬 송파점,네이버,2026-06-02,55000,55000,0,,,품절,https://smartstore.naver.com/tzblossom/products/10635234360
관용명 : 다미 학명 : Haplopelma sp. Dami 분양 개체 크기 : 1탈피 - 베트남 남부에서 발견되어지는 지 성 어스타이거 Sp. 다미 입니다. 2019년도부터 유럽 탐사 에 의하여 발견되어진 종으로 유통량이 적어 다소 생소한 타란툴라입니다. 베트남 실버,더쥬 송파점,네이버,2026-06-02,20000,20000,0,,,재고,https://smartstore.naver.com/tzblossom/products/11738102065
관용명 : 다부스 오악사카 학명 : Davus sp. Oaxaca 분양 개체 크기 : 5~6탈피++,더쥬 송파점,네이버,2026-06-02,34000,34000,0,,,재고,https://smartstore.naver.com/tzblossom/products/9728706461
관용명 : 다이아몬드 백 학명 : Aphonopelma sp. Diamond Back 분양 개체 크기 : 2~3탈피 - 관용명칭에서 알 수 있듯 등갑 및 전방 발색은 밝은 톤에 럼프 부분 및 후방 발색은 검은 빛을 띄는 독특한 매력을 가진 아포노펠마입니다. 시 정도로 성장하는 소형종입니다. * Google 펌 이미지입니다. 분양되어지는 개체는 ~ 입니다.,더쥬 송파점,네이버,2026-06-02,20000,20000,0,,,재고,https://smartstore.naver.com/tzblossom/products/9344252812
관용명 : 도미니카 에메랄드,더쥬 송파점,네이버,2026-06-02,40000,40000,0,,,재고,https://smartstore.naver.com/tzblossom/products/13424091497
관용명 : 라오스 트랩도어 학명 : Ornithoctoninae sp. Laos 분양 개체 크기 : 1탈피 - 라오스 원산지 버로우성 어스타이거 라오스 트랩도어입니다. 트랩도어와 흡사한 형태의 굴을 파고 비슷한 생태로 인하여 관용적으로 라오스 트랩도어라고 불리우지만 스탬프 등의 실제 트랩도어류들 과는 전혀 다른 절지동물으로 Ctenizidae 분류가 아닌 엄연한 버로우성 어스타이거인 타란튤라 입니다. *메인 사진은 Google 펌 이미지입니다. 분양되어지는 개체는,더쥬 송파점,네이버,2026-06-02,20000,20000,0,,,재고,https://smartstore.naver.com/tzblossom/products/13538821102
관용명 : 레드트리스파이더,더쥬 송파점,네이버,2026-06-02,15000,15000,0,,,재고,https://smartstore.naver.com/tzblossom/products/11598341757
관용명 : 멕시칸 블루 피머 학명 : Bonnetina cyaneifemur 분양 개체 크기 : 4~5탈피 - 다소 생소한 본네티나 속의 타란툴라입니다. 일전 Bonnetina sp. Chamela 본네티나 카멜라 라는 임시학명으로 많이들 기억 해 주시는 종으로 개인적인 해당 속 타란툴라들의 사육 견해로는 그람모스톨라와 트릭소펠마를 합쳐 놓은 듯 한 느낌이 강하게 들었습니다. 그람솔라 속 타란툴라들처럼 매우 순하며 적응만 잘 해 준다면 알려 진 것 보다 꽤,더쥬 송파점,네이버,2026-06-02,25000,25000,0,,,재고,https://smartstore.naver.com/tzblossom/products/9728673637
관용명 : 바비아나 바분 학명 : Harpactira baviana 분양 개체 크기 : 1탈피 - 하르팍티라 속의 바비아나 바분입니다. 잘 알려져 있는 골든블루렉바분의 다크 버전으로 체형,더쥬 송파점,네이버,2026-06-02,30000,4000,1,"30,000 → 4,000",2026-06-06,재고,https://smartstore.naver.com/tzblossom/products/12823556077
관용명 : 벤듈라 타이거 학명 : Ornithoctoninae sp. Vendula 분양 개체 크기 : 12~ - 베트남에서 발견되어지는 벤듈라 타이거입니다. 앞다리 2 과 뒷다리 2 의 채색이 오묘하게 다르며 전체적으로 흑색과 적갈색 톤이 어우러진 버로우성 어스타이거입니다. 너무 높은 고온에서는 취약한 모습을 보이는 듯 하고 환기가 잘 되어지지 않는 세팅에서 적응이 굉장히 느린 편입니다. 다소 습한 환경을 선호합니다. 과거 유럽시장에서 상당한 인기를 끌었던 타란툴라로 현재에는 비교적 저렴한 분양가에 자리잡은,더쥬 송파점,네이버,2026-06-02,70000,70000,0,,,재고,https://smartstore.naver.com/tzblossom/products/13424068047
관용명 : 벤듈라 타이거 학명 : Ornithoctoninae sp. Vendula 분양 개체 크기 : 1탈피 - 베트남에서 발견되어지는 벤듈라 타이거입니다. 앞다리 2 과 뒷다리 2 의 채색이 오묘하게 다르며 전체적으로 흑색과 적갈색 톤이 어우러진 버로우성 어스타이거입니다. 너무 높은 고온에서는 취약한 모습을 보이는 듯 하고 환기가 잘 되어지지 않는 세팅에서 적응이 굉장히 느린 편입니다. 다소 습한 환경을 선호합니다. 과거 유럽시장에서 상당한 인기를 끌었던 타란툴라로 현재에는 비교적 저렴한 분양가에 자리잡은 타란툴라입니다,더쥬 송파점,네이버,2026-06-02,15000,15000,0,,,재고,https://smartstore.naver.com/tzblossom/products/10635208599
관용명 : 보르네오 블랙 학명 : Phormingochilus arboricola 분양 개체 크기 : 2~3탈피 - 올블랙 색상의 근본 나무위성 어스타이거입니다. 2025년 현 시점에서 정 수많은 교목성 어스타이거들이 국내 유통되어지고 있습니다. 허나 과거 국내 하비시장 창기에는 레이시안 어스타이거,더쥬 송파점,네이버,2026-06-02,7000,7000,0,,,품절,https://smartstore.naver.com/tzblossom/products/9344182165
관용명 : 브라질리안 드워프 브론즈,더쥬 송파점,네이버,2026-06-02,10000,10000,0,,,품절,https://smartstore.naver.com/tzblossom/products/11375486476
관용명 : 블루아줄 학명 : Phormictopus sp. Blue Azul 분양 개체 크기 : 1탈피 - 포믹토푸스 속 고가에 위치해 있는 블루아줄입니다. 푸른빛이 감도는 포믹토푸스 속 타란툴라로 여타 포믹토푸스 해당 속 종들이 그렇듯 이상 형으로 성장하며 같은 남미 형종들인 팜포베테우스,더쥬 송파점,네이버,2026-06-02,60000,60000,0,,,재고,https://smartstore.naver.com/tzblossom/products/12054613747
관용명 : 사바레드 학명 : Phormingochilus sp. Sabah Red 분양 개체 크기 : 1탈피 - 교목성 어스 타이거 에서 가장 아름다운 종 하나인 사바레드입니다. 포르밍고칠루스 속 답게 형으로 성장하며 레이시아 보르네오 사바하 주에 서식합니다. 매장 자체 번식 개체로 동일 속의 사바 드워프 다음으로 현 시점 보르네오 교목성 어스타이거 가장 희소하며 최고가에 위치하여 있습니다. * Google 펌 이미지입니다. 분양되어지는 개체는 ~ 입니다. 배송정보 배송 방법 : 택,더쥬 송파점,네이버,2026-06-02,95000,95000,0,,,품절,https://smartstore.naver.com/tzblossom/products/12811081251
관용명 : 세리코펠마 다리엔 학명 : Sericopelma sp. Darien 분양 개체 크기 : N3~4 - 메가포베마,더쥬 송파점,네이버,2026-06-02,50000,500,1,"50,000 → 500",2026-06-06,품절,https://smartstore.naver.com/tzblossom/products/9728767884
관용명 : 세비야 학명 : Thrixopelma sp. Sevilla 분양 개체 크기 : 5탈피+- - 트릭소펠마 속 형으로 성장하는 새롭게 소개되어지는 임시명 세비야 Sevilla 입니다. 소형종들이 거 포진해있는 트릭소펠마 계열 에서 해당 종은 시 에 약간 못미치는 맥시멈 크기로 알려져 있습니다. *메인 사진은 Google 펌 이미지입니다. 분양되어지는 개체는 ~ 입니다. 배송정보 배송 방법 : 택배 배송 지역 : 전국지역 배송 비용 : 4,더쥬 송파점,네이버,2026-06-02,55000,4000,1,"55,000 → 4,000",2026-06-06,재고,https://smartstore.naver.com/tzblossom/products/11180010480
관용명 : 수마트라 타이거 학명 : Omothymus sp. Sumatran Tiger 분양 개체 크기 : 3탈피+ - 올블랙 타란툴라의 명사에 뉴 월드 종에는 브라질리안 블랙 등이 있다면 올드 월드 새잡이거미에서는 수마트라 타이거가 빠지면 아쉬울 것 같습니다. 탁한 다크 발색이 아닌 고급스러운 느낌을 주는 진하고 깊은 블랙 발색으로 수많은 전세계 타란툴라 매니아분들께 타란툴라 하비시장이 자리잡고 해당 종이 마켓에 소개되어진 이래 지금까지 꾸준히 세계적으로 엄청난 인기를 자랑하고 있고 비교적 량 유통이 급격하게,더쥬 송파점,네이버,2026-06-02,45000,45000,0,,,품절,https://smartstore.naver.com/tzblossom/products/9875598995
관용명 : 스테인닥네리 학명 : Aphonopelma steindachneri 분양 개체 크기 : 한 - 브라질리안 블랙을 연상시키는 올블랙의 아포노펠마 스테인닥네리 입니다. 안팎으로 성장하는 형종으로 아주 미세한 붉은 빛 강모가 전신에 매우 약하게 분포합니다. 굉장히 희소성 높은 타란튤라로 해외 하비시장과 견주어도 손색 없을 만한 오히려 더욱 저렴한 분양가에 소개합니다. 해당 속 마니아분들께는 충분한 가치가 있을 것으로 사료됩니다. 분양하는 개체는 급 단위입니다. * 메인 사진은 실 분,더쥬 송파점,네이버,2026-06-02,880000,880000,0,,,재고,https://smartstore.naver.com/tzblossom/products/13361323375
관용명 : 시암사투 학명 : Ornithoctoninae sp. Siam Satu 분양 개체 크기 : 1탈피 - 태국 원산지 버로우성 어스타이거 시암사투 타이거입니다. 안팎으로 성장하는 형종으로 버로우성 타이거 치고는 큰 크기와 교목성 어스타이거와 흡사한 외모로 어스타이거 마니아분들에게 강력 추천드리는 종입니다. 빠르고 사납습니다. *메인 사진은 Google 펌 이미지입니다. 분양되어지는 개체는 ~ 입니다. 배송정보 배송 방법 : 택배 배송 지역 : 전국지역 배송 비용 : 4,더쥬 송파점,네이버,2026-06-02,20000,4000,1,"20,000 → 4,000",2026-06-06,재고,https://smartstore.naver.com/tzblossom/products/13538801402
관용명 : 실버그레이 학명 : Ornithoctonus costalis 분양 개체 크기 : 1~2탈피 - 를 약간 넘어가는 소형 버로우성 어스타이거입니다. 학명인 코스탈리스 로 불리우기도 하며 국내에서는 다소 생소한 타란툴라입니다. 스코풀라를 제외한 다리 색이 은은한 회색 빛이 돌아 실버그레이라는 관용 명칭이 붙었습니다. *메인 사진은 Google 펌 이미지입니다. 분양되어지는 개체는 ~ 입니다. 배송정보 배송 방법 : 택배 배송 지역 : 전국지역 배송 비용 : 4,더쥬 송파점,네이버,2026-06-02,8000,4000,1,"8,000 → 4,000",2026-06-06,품절,https://smartstore.naver.com/tzblossom/products/11884190463
관용명 : 안카샤 픽타 학명 : Anqasha picta 분양 개체 크기 : 4탈피++ - 페루에 서식하는 미만의 소형종입니다. 해외 타란툴라 하비시장에서 상당히 고가로 소개되어진 바 있는 타란툴라입니다. 국내에는 다소 생소한 타란툴라로 신종으로 착각하기 쉬운 종이나 1900년 반에 발견되어진 종으로 최 발견 당시 펌킨패치가 표적인 속인 Hapalopus 속으로 등재되었고 작년 안카샤 속으로 재편성되었습니다. 여타 펌킨패치,더쥬 송파점,네이버,2026-06-02,65000,65000,0,,,재고,https://smartstore.naver.com/tzblossom/products/10635204522
관용명 : 에라두라 학명 : Antikuna sp. Herradura 분양 개체 크기 : 1탈피 - 페루 원산지 타란튤라 에라두라 입니다. 매우 생소한 안티쿠나 속의 타란튤라로 극소수만 유통되어지고 있는 동일 속의 안티쿠나 파이어써클과 유사한 생김새로 에라두라 의 경우 불피누스,더쥬 송파점,네이버,2026-06-02,105000,105000,0,,,재고,https://smartstore.naver.com/tzblossom/products/13023227451
관용명 : 에슐러스 발파라이소,더쥬 송파점,네이버,2026-06-02,88000,4000,1,"88,000 → 4,000",2026-06-06,재고,https://smartstore.naver.com/tzblossom/products/13469470230
관용명 : 엔칸타다 학명 : Iridopelma cf)oliveirai 분양 개체 크기 : 4탈피+- - 최 유통 당시 엔칸타다로 유통되어지던 종이며 현재 유럽 하비시장에서 올리웨이라이로 유통되는 종입니다. 과거 엔칸타다와 같은 집단의 개체군으로 확인되었습니다. 청록색 등갑에 전체적으로 붉은 톤의 트리스파이더와 핑크토를 섞어놓은 듯 한 타란툴라입니다. 환기가 잘 되어지지 않는 환경에서 쉽게 폐사하오니 사육 시 주의를 요합니다. 참고용 1탈피 의 사진입니다. *메인 사진은 Google 펌 이미지입,더쥬 송파점,네이버,2026-06-02,40000,40000,0,,,품절,https://smartstore.naver.com/tzblossom/products/8801321557
관용명 : 오스카 학명 : Theraphosidae sp. Oscar 분양 개체 크기 : 2~3탈피 - 페루 원산지 타란튤라 오스카 입니다. 반까지 성장 가능한 소형 남미 배회성 타란툴라로 트릭소펠마 계열로 추측되며 해외 하비시장에서도 트릭소펠마 속의 타란튤라로 보는 견해가 지배적입니다. 유럽 시장에서는 트릭소펠마 가장 고가에 유통되어지는 하이랜드 블루와 함께 100달러 안팎의 고가의 동일한 분양 가격 를 형성하고 있으며 추후 트릭소펠마 편성 시 일전 소개되었던 하이랜드 블루와 함께 해당 속 내 최고가,더쥬 송파점,네이버,2026-06-02,65000,65000,0,,,재고,https://smartstore.naver.com/tzblossom/products/13023296947
관용명 : 이브,거미랑,네이버,2026-06-02,950000,950000,0,,,재고,https://smartstore.naver.com/terrafactory/products/12936788177
관용명 : 이브,더쥬 송파점,네이버,2026-06-02,950000,950000,0,,,재고,https://smartstore.naver.com/tzblossom/products/12965142831
관용명 : 인디언 레인보우 학명 : Haploclastus devamatha 분양 개체 크기 : 3탈피+- - 이름에서 알 수 있듯 인공적이고 메탈릭한 무지개 빛 발색을 띄는 타란툴라입니다. 시 이상으로 자라나는 형종이며 버러우성 경향을 띕니다. 고온에 다소 약한 종으로 전기장판 등의 열원은 사용하시지 않고 실온에서 사육하시는것을 권장드립니다. 참고용 1탈피 의 모습 * Google 펌 이미지입니다. 분양되어지는 개체는 ~ 입니다.,더쥬 송파점,네이버,2026-06-02,45000,45000,0,,,품절,https://smartstore.naver.com/tzblossom/products/8801522880
관용명 : 자바 옐로우니 블랙 학명 : Selenocosmia javanensis 분양 개체 크기 : ~ - 자바 옐로우니 버드이터로 아주 오래 전부터 하비시장에 유통되어지던 타란툴라입니다. 블랙,더쥬 송파점,네이버,2026-06-02,45000,45000,0,,,재고,https://smartstore.naver.com/tzblossom/products/9344169389
관용명 : 칠로 사우스 블루,더쥬 송파점,네이버,2026-06-02,35000,35000,0,,,품절,https://smartstore.naver.com/tzblossom/products/10246764837
관용명 : 카오속 어스 타이거 학명 : Ornithoctonus sp. Khao Sok 분양 개체 크기 : 4탈피+ - 태국의 카오 속 국립공원을 서식지로 두고 있는 미동정 지 성 어스타이거 개체군 카오속 타이거 입니다. 태국의 수랏타니 주 북서쪽 산지이며 동부는 O.sp. Surat thani 남서부는 O.aureotibialis 의 서식지입니다. 꽤나 먼 거리의 지리적 격리가 이루어져 있는 종들이라 단순 산지 분류의 느낌보다는 엄밀히 다른 종으로 분류되어지고,더쥬 송파점,네이버,2026-06-02,20000,20000,0,,,품절,https://smartstore.naver.com/tzblossom/products/10104292356
관용명 : 카하마르카 학명 : Thrixopelma sp. Cajamarca 분양 개체 크기 : 1탈피+ - 굉장히 생소한 트릭소펠마 속 타란툴라 카하마르카 입니다. 유광의 블랙 베이스 발색에 럼프 부분 강한 오렌지 빛이 특색인 타란툴라입니다. 트릭소펠마 답지 않게 먹성이 좋고 덜 예민한 것으로 사료됩니다. * Google 펌 이미지입니다. 분양되어지는 개체는 ~ 입니다.,더쥬 송파점,네이버,2026-06-02,35000,35000,0,,,재고,https://smartstore.naver.com/tzblossom/products/9728680391
관용명 : 캐리비안 골든 그레이 버드이터,더쥬 송파점,네이버,2026-06-02,25000,25000,0,,,품절,https://smartstore.naver.com/tzblossom/products/8801207633
관용명 : 코르디엘란 블루 학명 : Orphnaecus sp. Kordilleran 분양 개체 크기 : 4탈피+- - 필리핀 원산지의 우잠바라 바분처럼 3성을 띄는 타란툴라입니다. 셀레노코스미아 계열에 속하는 오르푸네쿠스 에서 표적으로 퀘존 블루와 같은 종들이 있으며 크기는 안팎의 소형 타란툴라이나 다산종에 속하는 거미 답게 1탈피 의 크기가 를 약간 넘어가는 작은 크기입니다. 개인적인 견해로는 ~ 까지의 외형과 습성 모두 보르네오 네온 블루렉 와 흡사한 듯 합니다만 먹성과 생명,더쥬 송파점,네이버,2026-06-02,25000,25000,0,,,재고,https://smartstore.naver.com/tzblossom/products/12484740930
관용명 : 쿠르즈하르 학명 : Pseudhapalopus sp. Kurzhaar 분양 개체 크기 : 2~3탈피+ - 국내에는 다소 생소한 유니크한 시멘트 발색의 쿠르즈하르입니다. 시 에 약간 못 미치는 소형종입니다. 같은 Pseudhapalopus속의 타란툴라로 그나마 적인 블루보틀이 있으나 습성은 여타 Pseudhapalopus속의 거미들과는 조금 다른 양상을 띕니다. 사육 난이도가 어렵지는 않으나 1탈피 의 크기가 아포노펠마 속 타란툴라들 처럼 매우 작으니 입양 전 참고바랍니다. *메인 사진은,더쥬 송파점,네이버,2026-06-02,23000,23000,0,,,재고,https://smartstore.naver.com/tzblossom/products/12239356632
관용명 : 퀸즐랜드 휘 스파이더,더쥬 송파점,네이버,2026-06-02,25000,25000,0,,,품절,https://smartstore.naver.com/tzblossom/products/13424081647
관용명 : 크세네스티스 블루,더쥬 송파점,네이버,2026-06-02,140000,140000,0,,,품절,https://smartstore.naver.com/tzblossom/products/12034290911
관용명 : 크세네스티스 블루,더쥬 송파점,네이버,2026-06-02,140000,140000,0,,,품절,https://smartstore.naver.com/tzblossom/products/9344080168
관용명 : 크세네스티스 인터메디아,거미랑,네이버,2026-06-02,260000,260000,0,,,품절,https://smartstore.naver.com/terrafactory/products/10757145729
관용명 : 크세네스티스 인터메디아,거미랑,네이버,2026-06-02,380000,380000,0,,,재고,https://smartstore.naver.com/terrafactory/products/6043828737
관용명 : 크세네스티스 인터메디아,더쥬 송파점,네이버,2026-06-02,240000,240000,0,,,품절,https://smartstore.naver.com/tzblossom/products/11751770552
관용명 : 크세네스티스 인터메디아,타란센터,자사몰,2026-06-02,70000,70000,0,,,품절,https://tarancenter.com/product/크세네스티스-인테르메디아-45탈피-수컷-xenesthis-intermedia-trujillo/863/category/51/display/1/
관용명 : 크세네스티스 카우카 학명 : Xenesthis sp. Cauca 분양 개체 크기 : 4탈피+- - 크세네스티스 속 신종 카우카 신규 입고되었습니다. 신종 답게 알려진 정보가 거의 없는 종으로 크세네스티스 파우나와 밀접한 관계가 있는 종으로 사료된다고 합니다. 허나 등갑 스타버스트가 보다 꽉 찬 느낌을 가지고 있으며 여타 크세네스티스 종들과의 차이점으로는 성장 단계에서 에 접어들기 전까지 앞 1,더쥬 송파점,네이버,2026-06-02,350000,350000,0,,,품절,https://smartstore.naver.com/tzblossom/products/11476533032
관용명 : 크세네스티스 테네브리스 학명 : Xenesthis sp. Tenebris,더쥬 송파점,네이버,2026-06-02,95000,95000,0,,,재고,https://smartstore.naver.com/tzblossom/products/8801559704
관용명 : 키무 학명 : Theraphosidae sp. Chimu 분양 개체 크기 : 1탈피 - 페루 원산지 타란튤라 키무 입니다. 미동정 형 배회성 타란튤라로 가까이 성장 가능한 것으로 알려져 있습니다. 서식지인 페루 서부 해안가 키무 지명으로 임시명명되어지고있으며 다크한 청동빛 메탈릭한 발색이 특색인 종으로 1탈피 의 크기는 여타 남비 형 배회 라시오도라의 크기와 흡사한 를 약간 넘어갈 정도로 작습니다. *메인 사진은 Google 펌 이미지입니다. 분양되어지는 개체는 ~,더쥬 송파점,네이버,2026-06-02,85000,85000,0,,,재고,https://smartstore.naver.com/tzblossom/products/13023249781
관용명 : 타이제브라 퍼플,더쥬 송파점,네이버,2026-06-02,12000,12000,0,,,재고,https://smartstore.naver.com/tzblossom/products/13219312007
관용명 : 트리니다드 핑크 학명 : holothele longipes 분양 개체 크기 : 1탈피 - 소형종으로 트리니다드 올리브의 사촌 뻘 되는 타란툴라입니다. 푸른 빛의 다리와 핑크 빛 등갑이 조화되는 거미입니다. 참고용 4~5탈피 사진입니다. *메인 사진은 Google 펌 이미지입니다. 분양되어지는 개체는 ~ 입니다.,더쥬 송파점,네이버,2026-06-02,25000,25000,0,,,품절,https://smartstore.naver.com/tzblossom/products/8801241024
관용명 : 파코라 학명 : Theraphosidae sp. Pacora 분양 개체 크기 : 6탈피 ++ 3~ - 페루 신종 임시명칭 파코라 입니다. 세계적으로 정보가 없는 타란툴라로 추측성 첨언만 남길 수 밖에 없는 점 매우 아쉽습니다. 개인적으로 일전 국내 소개되어졌던 만다린 과 발색은 전혀 다르나 굉장히 흡사한 점이 많다고 생각되어집니다. 발색과 등갑 패턴 자체는 얼핏 보면 크세네스티스와 유사 해 보입니다. 최소 이상 성장해 줄 수 있을것이라고 하고 라시오도리데스 와,더쥬 송파점,네이버,2026-06-02,85000,85000,0,,,재고,https://smartstore.naver.com/tzblossom/products/10635230545
관용명 : 팜포베테우스 마나비 학명 : Pamphobeteus sp. Manabi 분양 개체 크기 : 1탈피 - 에콰도르 미동정 팜포베테우스 에콰도르 마나비 주에서 채집되어지는 타란툴라입니다. 팜포베테에우스 티그리스와 매우 근접한 서식지 및 발색 습성 특징 등 유사한 부분이 많으며 유전적으로도 밀접한 관계이지 않을까 개인적으로 추측합니다. 올블랙의 형 에콰도르 팜포베테우스로 모든 여타 에콰도르 팜포베테우스들이 그렇 듯 사육하는 재미가 최고인 종 입니다. 유명한 월드셀러의 본인이 봤던,더쥬 송파점,네이버,2026-06-02,50000,50000,0,,,재고,https://smartstore.naver.com/tzblossom/products/9728643166
관용명 : 팜포베테우스 마찰라 학명 : Pamphobeteus sp. Machalla 분양 개체 크기 : 1탈피 - 타란툴라 하비시장 창기. 다수의 에콰도르 팜포베테우스들은 미동정 Sp로 정확한 분류와 구별 없이 마구잡이로 에콰도르 팜포베테에우스로 유통되었고 이에,더쥬 송파점,네이버,2026-06-02,35000,35000,0,,,품절,https://smartstore.naver.com/tzblossom/products/10430269249
관용명 : 팜포베테우스 망가네그라 학명 : Pamphobeteus sp. Manga Negra 분양 개체 크기 : 1탈피 - 에콰도르 팜포베테우스 최근에 유통 되어지기 시작한 Manga Negra 신규 입고되었습니다. 개인적인 사육 후기는 티그리스 베이스에 마스카라를 약간 섞어 놓은 듯한 느낌을 받았습니다. 발색 면에서 특색이 있어 컬렉 가치가 충분하다 사료됩니다. 에콰도르 팜포베테우스 특성상 매우 강인하고 먹성이 아주,더쥬 송파점,네이버,2026-06-02,40000,40000,0,,,품절,https://smartstore.naver.com/tzblossom/products/9970812626
관용명 : 팜포베테우스 메가카라팍스 학명 : Pamphobeteus sp. Megacarapax 분양 개체 크기 : 3~4탈피+- - 현재까지 유통되어지던 팜포베테우스와 조금은 상이한 새로운 계열의 팜포베테우스인 메가카라팍스 입니다. 임시명 메가카라팍스는 해당 종 들의 거 한 등갑에서 유래된 이름으로 완숙한 의 경우 흔히 골리앗 버드이터나 안티노우스 계열 팜포베테우스들처럼 우람한 덩치와 거 한 골격. 큼직한 체장을 자랑한다고 합니다. 발견되는 지역은 에콰도르 북동부 몬타나 인근이며 높은 해발고도와 안데스 산맥과 아,더쥬 송파점,네이버,2026-06-02,125000,125000,0,,,품절,https://smartstore.naver.com/tzblossom/products/11180038079
관용명 : 팜포베테우스 미라도르,더쥬 송파점,네이버,2026-06-02,68000,68000,0,,,재고,https://smartstore.naver.com/tzblossom/products/10333867598
관용명 : 팜포베테우스 빅블랙,더쥬 송파점,네이버,2026-06-02,60000,60000,0,,,재고,https://smartstore.naver.com/tzblossom/products/8801506923
관용명 : 팜포베테우스 오리아나 학명 : Pamphobeteus sp. Oreana 분양 개체 크기 : 1탈피 - 얼핏 보면 빅블랙을 연상시키는 에콰도르 원산지의 팜포베테우스 신종 오리아나입니다. 카스카다 계열과 흡사한 체형을 띄며 올블랙의 발색에 럼프 부분에 붉은 빛 강모가 특색인 팜포베테우스입니다. *메인 사진은 Google 펌 이미지입니다. 분양되어지는 개체는 ~ 입니다.,더쥬 송파점,네이버,2026-06-02,75000,75000,0,,,품절,https://smartstore.naver.com/tzblossom/products/10936665173
관용명 : 퍼플트리스파이더 학명 : Amazonius germani 분양 개체 크기 : 1탈피 - 트리스파이더 속 타란툴라 답게 정 빠르게 성장하는 타란툴라입니다. 속도 또한 빠르고 독성도 약한 종은 아니기에 보자 분들이 사육하실때에는 약간의 주의가 필요합니다. 발색,더쥬 송파점,네이버,2026-06-02,15000,15000,0,,,품절,https://smartstore.naver.com/tzblossom/products/10318487525
관용명 : 페루블루 버드이터 학명 : Thrixopelma longicolli 분양 개체 크기 : 2~3탈피 - 트릭소펠마 속 최 종으로 잘 알려져 있던 페루블루버드이터입니다. 과거 T. sp. Lagunas 미동정 종으로 정 오랜 기간동안 유통되어졌으나 현재 드디어 Thrixopelma longicolli 정식 학명 부여받았습니다. 에 약간 못 미치는 후반 에 보기 드문 트릭소펠마 형종으로 낮은 분양가에 비해 충분한 메리트 있는 종 입니다. *메인 사진은 Google 펌 이미지입니다. 분양되어지,더쥬 송파점,네이버,2026-06-02,22000,22000,0,,,재고,https://smartstore.naver.com/tzblossom/products/13032288592
관용명 : 펜넬헤울릿티 학명 : Phormingochilus pennellhewletti 분양 개체 크기 : 1탈피 - 교목성 어스타이거 끝판왕 하나인 펜넬헤울릿티입니다. 등갑 무늬가 여타 교목성 어스타이거와 전혀 다르게 매우 독특합니다. 브리딩 시도는 여러 번 해 보았는데 알집조차도 못 본 개인적으로 맞지 않는 종인지 세계 하비시장에서 정 오랜 기간 동안 분양가 방어를 하는 것으로 보아 원래 어려운 종인지 개인적으로 좋은 기억은 없었던 어스타이거입니다. 드물게 를 넘는 개체이 등장하기도 하지만 15~ 정도까,더쥬 송파점,네이버,2026-06-02,70000,70000,0,,,재고,https://smartstore.naver.com/tzblossom/products/10456920278
관용명 : 포믹토푸스 오리엔트 학명 : Phormictopus sp. Orient 분양 개체 크기 : 2~3탈피 - 같은 속의 정식 등재되어진 여타 기존 포믹토푸스 종들과 밀접한 관계가 있을 것이라 추측되어지는 미동정 포믹토푸스 속 타란툴라인 SP오리엔트입니다. 칸케리데스 등과는 다른 지역에 서식하는 종으로 확실한 지리적 격리가 있기에 분류되어져 유통되어지고 있습니다. 포믹토푸스 속 타란툴라답게 매우 강인하며 최고의 먹성을 자랑합니다. 포믹토푸스 속 타란툴라들은 덩치에 맞지 않게 겁이 많,더쥬 송파점,네이버,2026-06-02,30000,30000,0,,,품절,https://smartstore.naver.com/tzblossom/products/10820516276
관용명 : 포트홀 바분,더쥬 송파점,네이버,2026-06-02,10000,10000,0,,,품절,https://smartstore.naver.com/tzblossom/products/9728837488
관용명 : 하리본 어스 타이거 학명 : Ornithoctoninae sp. Haribon 분양 개체 크기 : 3탈피+- - 비교적 최근에 유통 되어지기 시작한 하리본 타이거 입니다. 교목성 어스타이거로 필리핀 로컬 타란툴라입니다. 형의 배회성 타란툴라를 연상시키는 동그랗고 거 한 교목 어스타이거에서 관찰하기 힘든 등갑의 형태와 체형이 특색인 종 입니다. 해외에서는 아직도 고가에 유통되어지는 종이며 한민국 브리더분들의 많은 노력으로 국내에서 굉장히 저렴한 분양가로 분양가 형성되어진 종 입니다. 이상 성장하는 형 거,더쥬 송파점,네이버,2026-06-02,14000,14000,0,,,품절,https://smartstore.naver.com/tzblossom/products/9728514366
관용명 : 하이난 차이니즈 어스 타이거 학명 : Chilobrachys cf)guanxiensis 분양 개체 크기 : N1 - 버미즈브라운,더쥬 송파점,네이버,2026-06-02,12000,12000,0,,,품절,https://smartstore.naver.com/tzblossom/products/10345476698
관용명 : 하이랜드 블루 학명 : Thrixopelma sp. HighLand Blue 분양 개체 크기 : 1탈피+ - 트릭소펠마 속 신종 타란툴라 하이랜드 블루입니다. 동일 속 코발트 레드럼프의 발색과 희소성,더쥬 송파점,네이버,2026-06-02,65000,4000,1,"65,000 → 4,000",2026-06-06,재고,https://smartstore.naver.com/tzblossom/products/12965105711
관용명 : 호치민 타이거 DCF 학명 : Ornithoctoninae spec. Ho Chi Minh DCF 분양 개체 크기 : 2~3탈피 - 과거 극악의 CBB 번식 난이도를 자랑하여 고가에 유통되었던 지 성 어스타이거입니다. 언뜻 보면 손라 산지의 다크폼 골든 어스 타이거와 흡사한 외관을 띄고 있으나 시 이하로 성장하는 소형종 어스타이거입니다. * Google 펌 이미지입니다.,더쥬 송파점,네이버,2026-06-02,25000,25000,0,,,품절,https://smartstore.naver.com/tzblossom/products/9344138075
구이루이타 케라도,거미랑,자사몰,2026-06-02,25000,25000,0,,,품절,https://theraphosidae.co.kr/product/구이루이타-케라도-유체/1582/category/24/display/1/
구이루이타 케라도,타란센터,자사몰,2026-06-02,25000,25000,0,,,품절,https://tarancenter.com/product/구이루이타-케라도-유체-guyruita-cerrado/892/category/51/display/1/
구티 사파이어 오너멘탈,거미랑,자사몰,2026-06-02,220000,220000,0,,,품절,https://theraphosidae.co.kr/product/구티-사파이어-오너멘탈-준성체암컷/603/category/24/display/1/
구티 사파이어 오너멘탈,거미랑,자사몰,2026-06-02,280000,280000,0,,,품절,https://theraphosidae.co.kr/product/구티-오너멘탈-성체한쌍/604/category/24/display/1/
구티 사파이어 오너멘탈,거미랑,자사몰,2026-06-02,30000,30000,0,,,품절,https://theraphosidae.co.kr/product/구티-오너멘탈-유체/1342/category/24/display/1/
구티 사파이어 오너멘탈,거미랑,자사몰,2026-06-02,42000,42000,0,,,품절,https://theraphosidae.co.kr/product/구티-오너멘탈-유체대4-5cm/1591/category/24/display/1/
구티 사파이어 오너멘탈,더쥬 송파점,네이버,2026-06-02,30000,30000,0,,,재고,https://smartstore.naver.com/tzblossom/products/9728823762
구티 사파이어 오너멘탈,타란센터,자사몰,2026-06-02,200000,200000,0,,,품절,https://tarancenter.com/product/구티-사파이어-오너멘탈-15cm-암컷-성체-poecilotheria-metallica/829/category/51/display/1/
구티 사파이어 오너멘탈,타란센터,자사몰,2026-06-02,25000,25000,0,,,품절,https://tarancenter.com/product/구티-사파이어-오너멘탈-유체-poecilotheria-metallica/592/category/51/display/1/
구티 사파이어 오너멘탈,타란센터,자사몰,2026-06-02,25000,25000,0,,,품절,https://tarancenter.com/product/구티-사파이어-오너멘탈-유체-poecilotheria-metallica/904/category/51/display/1/
구티 사파이어 오너멘탈,타란툴라코리아,네이버,2026-06-02,30000,30000,0,,,재고,https://smartstore.naver.com/tarantulakorea/products/10592441619
구티 사파이어 오너멘탈,타란툴라코리아,자사몰,2026-06-02,30000,30000,0,,,재고,https://tarantulakorea.com/product/구티-사파이어-오너멘탈-유체/141/category/67/display/1/
구티사파이어 오너멘탈,타란센터,네이버,2026-06-02,30000,30000,0,,,품절,https://smartstore.naver.com/tarancenter/products/8974910652
구티사파이어 오너멘탈,타란센터,자사몰,2026-06-02,90000,90000,0,,,품절,https://tarancenter.com/product/구티사파이어-오너멘탈-14cm-암컷-준성체-poecilotheria-metallica/1183/category/51/display/1/
구티사파이어 오너멘탈,타란센터,자사몰,2026-06-02,70000,70000,0,,,품절,https://tarancenter.com/product/구티사파이어-오너멘탈-910cm-암컷-준성체-초-poecilotheria-metallica/1214/category/51/display/1/
구티사파이어 오너멘탈,타란센터,자사몰,2026-06-02,30000,30000,0,,,품절,https://tarancenter.com/product/구티사파이어-오너멘탈-유체-poecilotheria-metallica/1307/category/51/display/1/
그람모스톨라 그로사,타란센터,네이버,2026-06-02,100000,100000,0,,,품절,https://smartstore.naver.com/tarancenter/products/13486491824
그람모스톨라 바코니,타란툴라코리아,네이버,2026-06-02,250000,250000,0,,,재고,https://smartstore.naver.com/tarantulakorea/products/12577922004
그람모스톨라 바코니,타란툴라코리아,자사몰,2026-06-02,250000,250000,0,,,재고,https://tarantulakorea.com/product/그람모스톨라-바코니-준성체-암컷/720/category/24/display/1/
그람모스톨라 안트라키나,거미랑,자사몰,2026-06-02,45000,45000,0,,,품절,https://theraphosidae.co.kr/product/그람모스톨라-안트라키나-유체/1776/category/24/display/1/
그람모스톨라 안트라키나,타란센터,자사몰,2026-06-02,45000,45000,0,,,품절,https://tarancenter.com/product/그람모스톨라-안트라키나-유체-grammostola-anthracina/1040/category/51/display/1/
그람솔라 그로사 팜파스트웨니레드,타란툴라코리아,네이버,2026-06-02,35000,35000,0,,,재고,https://smartstore.naver.com/tarantulakorea/products/10694414128
그람솔라 레드로즈,타란툴라코리아,네이버,2026-06-02,15000,15000,0,,,재고,https://smartstore.naver.com/tarantulakorea/products/10560275031
그람솔라 멘도사 학명 Grammostola mendozae 습성 배회성 수명 약 10년+,타란툴라코리아,네이버,2026-06-02,80000,80000,0,,,재고,https://smartstore.naver.com/tarantulakorea/products/11768873904
그람솔라 브라질리안 블랙,타란툴라코리아,네이버,2026-06-02,65000,65000,0,,,재고,https://smartstore.naver.com/tarantulakorea/products/10573569194
그람솔라 브라질리안 울리블랙,타란툴라코리아,네이버,2026-06-02,75000,75000,0,,,품절,https://smartstore.naver.com/tarantulakorea/products/10578856683
그람솔라 악테온 다크폼,타란툴라코리아,네이버,2026-06-02,80000,80000,0,,,재고,https://smartstore.naver.com/tarantulakorea/products/11651949654
그람솔라 안트라키나,타란툴라코리아,네이버,2026-06-02,45000,45000,0,,,재고,https://smartstore.naver.com/tarantulakorea/products/12243268644
그람솔라 안트라키나,타란툴라코리아,자사몰,2026-06-02,45000,45000,0,,,재고,https://tarantulakorea.com/product/그람솔라-안트라키나-유체/708/category/24/display/1/
그람솔라 엔트리 리오스,타란툴라코리아,네이버,2026-06-02,85000,85000,0,,,품절,https://smartstore.naver.com/tarantulakorea/products/10580902476
그람솔라 칠레뷰티 컨셉시온,타란툴라코리아,네이버,2026-06-02,300000,300000,0,,,품절,https://smartstore.naver.com/tarantulakorea/products/11729601343
그람솔라 칠레뷰티 컨셉시온 학명 Grammostola sp. Concepcion 습성 배회성 수명 약 10년+,타란툴라코리아,네이버,2026-06-02,40000,40000,0,,,품절,https://smartstore.naver.com/tarantulakorea/products/11457591027
그람솔라 칠리안 로즈헤어,타란툴라코리아,네이버,2026-06-02,13000,13000,0,,,재고,https://smartstore.naver.com/tarantulakorea/products/10555761775
그레이 머드타드 바분,거미랑,자사몰,2026-06-02,20000,20000,0,,,품절,https://theraphosidae.co.kr/product/그레이-머드타드-바분-유체/306/category/24/display/1/
그레이스모크,거미랑,자사몰,2026-06-02,35000,35000,0,,,품절,https://theraphosidae.co.kr/product/브라질리안-그레이스모크-유체/563/category/24/display/1/
그레이스모크,거미랑,자사몰,2026-06-02,35000,35000,0,,,품절,https://theraphosidae.co.kr/product/브라질리안-그레이스모크-유체대/841/category/24/display/1/
그레이스모크,더쥬 송파점,네이버,2026-06-02,35000,35000,0,,,재고,https://smartstore.naver.com/tzblossom/products/13424087330
그레이스모크,타란센터,네이버,2026-06-02,180000,180000,0,,,품절,https://smartstore.naver.com/tarancenter/products/13486495596
그레이스모크,타란센터,자사몰,2026-06-02,180000,180000,0,,,품절,https://tarancenter.com/product/그레이스모크-암컷-13cm-준성체-grammostola-alticeps/1534/category/51/display/1/
그레이스모크,타란센터,자사몰,2026-06-02,35000,35000,0,,,재고,https://tarancenter.com/product/그레이스모크-유체-grammostola-alticeps/1172/category/51/display/1/
그레이스모크,타란툴라코리아,네이버,2026-06-02,35000,35000,0,,,재고,https://smartstore.naver.com/tarantulakorea/products/10694424085
그레이스모크,타란툴라코리아,자사몰,2026-06-02,35000,35000,0,,,재고,https://tarantulakorea.com/product/그레이스모크-유체/296/category/24/display/1/
그레이터 혼드바분,거미랑,네이버,2026-06-02,15000,15000,0,,,재고,https://smartstore.naver.com/terrafactory/products/10797628050
그레이터 혼드바분,거미랑,자사몰,2026-06-02,55000,55000,0,,,품절,https://theraphosidae.co.kr/product/그레이터-혼드바분-wf-5cm암컷/1484/category/24/display/1/
그레이터 혼드바분,거미랑,자사몰,2026-06-02,15000,15000,0,,,재고,https://theraphosidae.co.kr/product/그레이터-혼드바분-wf-유체/1611/category/24/display/1/
그레이터 혼드바분,거미랑,자사몰,2026-06-02,40000,40000,0,,,품절,https://theraphosidae.co.kr/product/그레이터-혼드바분-와일드-폼-유체/1183/category/24/display/1/
그레이터 혼드바분,타란센터,자사몰,2026-06-02,80000,80000,0,,,품절,https://tarancenter.com/product/그레이터-혼드바분-wf-아성체-암수-한쌍-ceratogyrus-brachycephalus-wf-wild-form/895/category/51/display/1/
그레이터 혼드바분,타란센터,자사몰,2026-06-02,18000,18000,0,,,품절,https://tarancenter.com/product/그레이터-혼드바분-wf-유체-ceratogyrus-brachycephalus-wf-wild-form/1203/category/51/display/1/
그레이터 혼드바분,타란툴라코리아,네이버,2026-06-02,15000,15000,0,,,재고,https://smartstore.naver.com/tarantulakorea/products/10634696486
그레이터 혼드바분,타란툴라코리아,자사몰,2026-06-02,15000,15000,0,,,재고,https://tarantulakorea.com/product/그레이터혼드바분-wf-유체/366/category/66/display/1/
그레이트 혼드 바분 WF,더쥬 송파점,네이버,2026-06-02,15000,15000,0,,,재고,https://smartstore.naver.com/tzblossom/products/9728813611
그레이트 혼드바분,거미랑,자사몰,2026-06-02,35000,35000,0,,,품절,https://theraphosidae.co.kr/product/그레이트-혼드바분-하비-폼-유체/1048/category/24/display/1/
그로사,타란센터,네이버,2026-06-02,35000,35000,0,,,품절,https://smartstore.naver.com/tarancenter/products/10870642221
그로사,타란툴라코리아,자사몰,2026-06-02,35000,35000,0,,,재고,https://tarantulakorea.com/product/그로사-유체/197/category/24/display/1/
그린보틀블루,거미랑,자사몰,2026-06-02,42000,42000,0,,,품절,https://theraphosidae.co.kr/product/그린보틀-블루-유체대-3마리-남았습니다/1154/category/24/display/1/
그린보틀블루,더쥬 송파점,네이버,2026-06-02,15000,15000,0,,,품절,https://smartstore.naver.com/tzblossom/products/9344209402
그린보틀블루,타란센터,자사몰,2026-06-02,30000,30000,0,,,품절,https://tarancenter.com/product/그린-보틀-블루그린볼-유체-chromatopelma-cyaneopubescens/602/category/51/display/1/
그린보틀블루,타란센터,자사몰,2026-06-02,70000,70000,0,,,품절,https://tarancenter.com/product/그린보틀블루-12cm-암컷-chromatopelma-cyaneopubescens/1437/category/51/display/1/
그린보틀블루,타란센터,자사몰,2026-06-02,50000,50000,0,,,품절,https://tarancenter.com/product/그린보틀블루-14cm-암컷-성체-초-chromatopelma-cyaneopubescens/1054/category/51/display/1/
그린보틀블루,타란센터,자사몰,2026-06-02,60000,60000,0,,,품절,https://tarancenter.com/product/그린보틀블루-9cm-암컷-chromatopelma-cyaneopubescens/1436/category/51/display/1/
그린보틀블루,타란센터,자사몰,2026-06-02,10000,10000,0,,,품절,https://tarancenter.com/product/그린보틀블루-그린볼-유체-chromatopelma-cyaneopubescens/1072/category/51/display/1/
그린보틀블루,타란센터,자사몰,2026-06-02,25000,25000,0,,,재고,https://tarancenter.com/product/그린보틀블루-그린볼-유체-대-chromatopelma-cyaneopubescens/1335/category/51/display/1/
그린보틀블루,타란센터,자사몰,2026-06-02,20000,20000,0,,,품절,https://tarancenter.com/product/그린보틀블루-그린볼-유체-대-chromatopelma-cyaneopubescens/963/category/51/display/1/
그린보틀블루,타란툴라코리아,네이버,2026-06-02,15000,15000,0,,,재고,https://smartstore.naver.com/tarantulakorea/products/10556518948
그린볼,거미랑,네이버,2026-06-02,15000,15000,0,,,재고,https://smartstore.naver.com/terrafactory/products/5719135322
그린볼,거미랑,자사몰,2026-06-02,42000,42000,0,,,품절,https://theraphosidae.co.kr/product/그린볼-7cm-한쌍/1199/category/24/display/1/
그린볼,거미랑,자사몰,2026-06-02,15000,15000,0,,,품절,https://theraphosidae.co.kr/product/그린볼-유체/1707/category/24/display/1/
그린볼,타란툴라코리아,자사몰,2026-06-02,15000,15000,0,,,재고,https://tarantulakorea.com/product/그린볼-유체-그린보틀블루/142/category/24/display/1/
나마쿠엔시스,거미랑,네이버,2026-06-02,25000,25000,0,,,품절,https://smartstore.naver.com/terrafactory/products/5230368665
나마쿠엔시스,더쥬 송파점,네이버,2026-06-02,15000,15000,0,,,재고,https://smartstore.naver.com/tzblossom/products/9728806452
나마쿠엔시스,타란센터,자사몰,2026-06-02,20000,20000,0,,,재고,https://tarancenter.com/product/나마쿠엔시스-유체-harpactira-namaquensis/1450/category/51/display/1/
나마쿠엔시스,타란센터,자사몰,2026-06-02,25000,25000,0,,,품절,https://tarancenter.com/product/브론즈-바분-유체-나마쿠엔시스-harpactira-namaquensis/1035/category/51/display/1/
나마쿠엔시스바분 타란튤라,타란센터,네이버,2026-06-02,20000,20000,0,,,재고,https://smartstore.naver.com/tarancenter/products/11176301300
나마퀜시스,거미랑,자사몰,2026-06-02,40000,40000,0,,,품절,https://theraphosidae.co.kr/product/하르팍티라-나마퀜시스-유체/590/category/24/display/1/
나마퀜시스,타란툴라코리아,네이버,2026-06-02,18000,18000,0,,,재고,https://smartstore.naver.com/tarantulakorea/products/10625878981
나마퀜시스,타란툴라코리아,자사몰,2026-06-02,18000,18000,0,,,재고,https://tarantulakorea.com/product/브론즈-바분-나마퀜시스-유체/463/category/66/display/1/
나미비아 혼드바분,거미랑,자사몰,2026-06-02,20000,20000,0,,,재고,https://theraphosidae.co.kr/product/나미비아-혼드바분-유체-ex산데리-혼드바분/1466/category/24/display/1/
나미비아 혼드바분,거미랑,자사몰,2026-06-02,50000,50000,0,,,품절,https://theraphosidae.co.kr/product/나미비아-혼드바분-유체대-ex산데리-혼드바분/1609/category/24/display/1/
나미비안 혼드 바분,타란센터,자사몰,2026-06-02,20000,20000,0,,,재고,https://tarancenter.com/product/나미비안-혼드-바분-ex샌데리-유체-ceratogyrus-sanderi/1337/category/51/display/1/
나미비안 혼드 바분,타란센터,자사몰,2026-06-02,40000,40000,0,,,품절,https://tarancenter.com/product/나미비안-혼드-바분-ex샌데리-유체-ceratogyrus-sanderi/720/category/51/display/1/
나이지리아 러스트 레드 바분 라티셉스,타란툴라코리아,네이버,2026-06-02,8000,8000,0,,,재고,https://smartstore.naver.com/tarantulakorea/products/10621750461
나이지리아 러스트 레드바분,거미랑,자사몰,2026-06-02,15000,15000,0,,,품절,https://theraphosidae.co.kr/product/나이지리아-러스트-레드바분-유체/750/category/24/display/1/
나이지리아 러스트 레드바분,거미랑,자사몰,2026-06-02,75000,75000,0,,,품절,https://theraphosidae.co.kr/product/나이지리아-러스트레드-바분-7-8cm-암컷/1318/category/24/display/1/
나이지리아 러스트 레드바분,거미랑,자사몰,2026-06-02,150000,150000,0,,,품절,https://theraphosidae.co.kr/product/나이지리아-러스트레드-바분-7-8cm-한쌍/1319/category/24/display/1/
나이지리아 러스트 레드바분,거미랑,자사몰,2026-06-02,15000,15000,0,,,품절,https://theraphosidae.co.kr/product/나이지리아-러스트레드-바분-스파이더-링/729/category/24/display/1/
나이지리아 러스트 레드바분,거미랑,자사몰,2026-06-02,32000,32000,0,,,품절,https://theraphosidae.co.kr/product/나이지리아-러스트레드-바분-유체대/1086/category/24/display/1/
나이지리아 러스트 레드바분,타란툴라코리아,자사몰,2026-06-02,8000,8000,0,,,재고,https://tarantulakorea.com/product/나이지리아-러스트-레드-바분-유체/90/category/66/display/1/
난두 레드 학명 Nhandu sp. RED 습성 배회성 수명 약 10년 +,타란툴라코리아,네이버,2026-06-02,35000,35000,0,,,재고,https://smartstore.naver.com/tarantulakorea/products/11115145003
난두 세라덴시스,타란툴라코리아,자사몰,2026-06-02,65000,65000,0,,,재고,https://tarantulakorea.com/product/난두-세라덴시스/668/category/24/display/1/
난두 세라덴시스 학명 Nhandu cerradensis 습성 배회성 수명 약 10년~15년 +,타란툴라코리아,네이버,2026-06-02,65000,65000,0,,,재고,https://smartstore.naver.com/tarantulakorea/products/11151849273
난두레드,타란툴라코리아,자사몰,2026-06-02,35000,35000,0,,,재고,https://tarantulakorea.com/product/난두레드-유체-nhandu-sp-red/656/category/24/display/1/
네게리 셈빌란 타이거,거미랑,자사몰,2026-06-02,45000,45000,0,,,품절,https://theraphosidae.co.kr/product/로부스툼-타이거-네게리-셈빌란-유체/901/category/24/display/1/
네온 퍼플 블래스트 네온 퍼플&핑크 학명 Dolichothele rufoniger 습성 배회성 수명 약 10~20년 사육온도 25~27도 사육습도 50~70% 사이즈,타란툴라코리아,네이버,2026-06-02,123000,123000,0,,,품절,https://smartstore.naver.com/tarantulakorea/products/10988200719
넨뎁 어스타이거,거미랑,자사몰,2026-06-02,15000,15000,0,,,품절,https://theraphosidae.co.kr/product/넨뎁-타이거-유체/1621/category/24/display/1/
넨뎁 어스타이거,거미랑,자사몰,2026-06-02,75000,75000,0,,,품절,https://theraphosidae.co.kr/product/넨뎁-타이거-준성체/1706/category/24/display/1/
넨뎁 어스타이거,더쥬 송파점,네이버,2026-06-02,12000,12000,0,,,재고,https://smartstore.naver.com/tzblossom/products/11789259427
넨뎁 어스타이거,더쥬 송파점,네이버,2026-06-02,65000,65000,0,,,재고,https://smartstore.naver.com/tzblossom/products/13288771701
넨뎁 어스타이거,더쥬 송파점,네이버,2026-06-02,10000,10000,0,,,재고,https://smartstore.naver.com/tzblossom/products/8771195836
넨뎁 어스타이거,타란센터,자사몰,2026-06-02,35000,35000,0,,,재고,https://tarancenter.com/product/넨뎁-어스-타이거-유체대-cyriopagopus-sp-nhen-dep/600/category/51/display/1/
넨뎁 어스타이거,타란센터,자사몰,2026-06-02,15000,15000,0,,,재고,https://tarancenter.com/product/넨뎁-어스타이거-유체-cyriopagopus-sp-nhen-dep/854/category/51/display/1/
넨뎁 어스타이거,타란툴라코리아,네이버,2026-06-02,15000,15000,0,,,재고,https://smartstore.naver.com/tarantulakorea/products/10622104543
넨뎁타이거,타란툴라코리아,자사몰,2026-06-02,15000,15000,0,,,재고,https://tarantulakorea.com/product/넨뎁타이거-유체/252/category/66/display/1/
뉴기니아 러스트오렌지,거미랑,자사몰,2026-06-02,25000,25000,0,,,재고,https://theraphosidae.co.kr/product/뉴기니아-러스트오렌지-유체/2027/category/24/display/1/
뉴기니아 러스트오렌지,타란툴라코리아,네이버,2026-06-02,25000,25000,0,,,재고,https://smartstore.naver.com/tarantulakorea/products/13581020933
뉴기니아 러스트오렌지,타란툴라코리아,자사몰,2026-06-02,25000,25000,0,,,재고,https://tarantulakorea.com/product/뉴기니아-러스트-오렌지-유체/750/category/66/display/1/
뉴기니아 러스트오렌지,타란툴라코리아,자사몰,2026-06-02,25000,25000,0,,,재고,https://tarantulakorea.com/product/뉴기니아-러스트-오렌지-유체/750/category/66/display/2/
뉴기니아 블랙퓨리,거미랑,자사몰,2026-06-02,25000,25000,0,,,재고,https://theraphosidae.co.kr/product/뉴기니아-블랙퓨리-유체/2026/category/24/display/1/
뉴기니아 블랙피머 퓨리,타란툴라코리아,자사몰,2026-06-02,25000,25000,0,,,재고,https://tarantulakorea.com/product/뉴기니아-블랙피머-퓨리-유체/745/category/24/display/1/
뉴기니아 블랙피머 퓨리,타란툴라코리아,자사몰,2026-06-02,25000,25000,0,,,재고,https://tarantulakorea.com/product/뉴기니아-블랙피머-퓨리-유체/745/category/24/display/2/
니겔멈 어스타이거,타란센터,네이버,2026-06-02,15000,15000,0,,,품절,https://smartstore.naver.com/tarancenter/products/11167693072
니겔멈 어스타이거,타란센터,네이버,2026-06-02,90000,90000,0,,,재고,https://smartstore.naver.com/tarancenter/products/13495440258
니겔멈 어스타이거,타란툴라코리아,네이버,2026-06-02,15000,15000,0,,,품절,https://smartstore.naver.com/tarantulakorea/products/10588178296
다리엔,타란툴라코리아,자사몰,2026-06-02,40000,40000,0,,,재고,https://tarantulakorea.com/product/다리엔-유체/258/category/24/display/1/
다미 어스타이거 타란튤라,타란센터,네이버,2026-06-02,25000,25000,0,,,재고,https://smartstore.naver.com/tarancenter/products/11823232216
다부스 Sp. 오악사카,거미랑,자사몰,2026-06-02,32000,32000,0,,,품절,https://theraphosidae.co.kr/product/다부스-spec-오악사카-유체/1715/category/24/display/1/
다부스 Sp. 오악사카,타란센터,네이버,2026-06-02,40000,40000,0,,,재고,https://smartstore.naver.com/tarancenter/products/13446636580
다부스 Sp. 오악사카,타란센터,자사몰,2026-06-02,40000,40000,0,,,재고,https://tarancenter.com/product/다부스-sp-오악사카-아성체-davus-sp-oaxaca/981/category/51/display/1/
다부스 Sp. 치아파스,거미랑,자사몰,2026-06-02,98000,98000,0,,,품절,https://theraphosidae.co.kr/product/다부스-spec-치아파스-유체/1840/category/24/display/1/
다부스 Sp. 치아파스,타란센터,네이버,2026-06-02,98000,98000,0,,,재고,https://smartstore.naver.com/tarancenter/products/10981416415
다부스 Sp. 치아파스,타란센터,자사몰,2026-06-02,98000,98000,0,,,품절,https://tarancenter.com/product/다부스-sp-치아파스-유체-davus-sp-chiapas/1126/category/51/display/1/
다부스 spec. 콜롬비아,거미랑,자사몰,2026-06-02,165000,165000,0,,,품절,https://theraphosidae.co.kr/product/다부스-spec-콜롬비아-유체/1845/category/24/display/1/
다부스 오악사카 학명 Davus sp. Oaxaca 습성 배회성 수명 약 10~15년 사육온도 25~27도 사육습도 60~70% 사이즈 성장 속도 빠름 멕시코 지역의 신종인 오악사카 입니다. 과테 란 타이거럼프 와 비교시 무릎마디에 보다 강한 스트라잎,타란툴라코리아,네이버,2026-06-02,32000,32000,0,,,재고,https://smartstore.naver.com/tarantulakorea/products/10567865147
다이아몬드 백,거미랑,자사몰,2026-06-02,450000,450000,0,,,품절,https://theraphosidae.co.kr/product/다이아몬드-백-8cm-암/462/category/24/display/1/
다이아몬드 백,거미랑,자사몰,2026-06-02,60000,60000,0,,,품절,https://theraphosidae.co.kr/product/다이아몬드-백-유체대/1394/category/24/display/1/
다이아몬드 백,타란센터,자사몰,2026-06-02,35000,35000,0,,,품절,https://tarancenter.com/product/다이아몬드-백-유체-aphonopelma-sp-diamond-back/658/category/51/display/1/
다이아몬드백,거미랑,네이버,2026-06-02,15000,15000,0,,,재고,https://smartstore.naver.com/terrafactory/products/5998193510
다이아몬드백,타란툴라코리아,자사몰,2026-06-02,25000,25000,0,,,재고,https://tarantulakorea.com/product/다이아몬드백-유체/295/category/24/display/1/
다크 어스타이거,거미랑,자사몰,2026-06-02,5000,5000,0,,,재고,https://theraphosidae.co.kr/product/다크-어스타이거-ex카엥-크라찬-유체/1108/category/24/display/1/
다크 어스타이거,거미랑,자사몰,2026-06-02,50000,50000,0,,,재고,https://theraphosidae.co.kr/product/다크-어스타이거-ex크라찬-준성체1518cm암컷/2011/category/24/display/1/
다크 어스타이거 크라찬,거미랑,네이버,2026-06-02,8000,8000,0,,,재고,https://smartstore.naver.com/terrafactory/products/5230199372
더듬이 정리 인 탄자니아 블루링렉 센티페드 애완지네 사이즈 탄자니아 블루링렉 센티페드 애완지네 ~ 급 사이즈의 모습 커먼네임 - 탄자니아 블루링렉 학명 - Ethmostigmus trigonopodus Leach,타란센터,네이버,2026-06-02,120000,120000,0,,,품절,https://smartstore.naver.com/tarancenter/products/10824904356
데저트블론디,타란툴라코리아,자사몰,2026-06-02,35000,35000,0,,,재고,https://tarantulakorea.com/product/데저트블론디-유체/297/category/24/display/1/
데저트블론디,타란툴라코리아,자사몰,2026-06-02,250000,250000,0,,,재고,https://tarantulakorea.com/product/데저트블론디-준성체-912cm-암컷/725/category/24/display/1/
데저트블론디 뉴리버,타란툴라코리아,자사몰,2026-06-02,40000,40000,0,,,재고,https://tarantulakorea.com/product/데저트블론디-뉴리버-유체/425/category/24/display/1/
데져트 블론디,거미랑,네이버,2026-06-02,390000,390000,0,,,재고,https://smartstore.naver.com/terrafactory/products/12508248325
데져트 블론디,거미랑,네이버,2026-06-02,250000,250000,0,,,재고,https://smartstore.naver.com/terrafactory/products/12508252246
데져트 블론디,거미랑,네이버,2026-06-02,35000,35000,0,,,품절,https://smartstore.naver.com/terrafactory/products/5230228362
데져트 블론디,거미랑,자사몰,2026-06-02,35000,35000,0,,,품절,https://theraphosidae.co.kr/product/데져트-블론디-유체/1431/category/24/display/1/
데져트 블론디,거미랑,자사몰,2026-06-02,65000,65000,0,,,품절,https://theraphosidae.co.kr/product/데져트-블론디-유체대/1586/category/24/display/1/
데져트 블론디,거미랑,자사몰,2026-06-02,250000,250000,0,,,재고,https://theraphosidae.co.kr/product/데져트-블론디-준성체912cm-성별선택/1777/category/24/display/1/
데져트 블론디,더쥬 송파점,네이버,2026-06-02,220000,220000,0,,,재고,https://smartstore.naver.com/tzblossom/products/12565997256
데져트 블론디,타란센터,네이버,2026-06-02,35000,35000,0,,,품절,https://smartstore.naver.com/tarancenter/products/10561000272
데져트 블론디,타란센터,자사몰,2026-06-02,35000,35000,0,,,품절,https://tarancenter.com/product/데져트-블론디-유체-aphonopelma-chalcodes/1074/category/51/display/1/
데져트 블론디,타란센터,자사몰,2026-06-02,50000,50000,0,,,품절,https://tarancenter.com/product/데져트-블론디-유체-aphonopelma-chalcodes/721/category/51/display/1/
데져트 블론디 뉴 리버,거미랑,자사몰,2026-06-02,55000,55000,0,,,품절,https://theraphosidae.co.kr/product/데져트-블론디-뉴-리버-유체/1443/category/24/display/1/
도미니카 드워프 블루 학명 Scopelobates sericeus 습성 배회성 수명 약 10년 사육온도 23~27도 사육습도 40~60% 사이즈 성장 속도 빠름 소형종이지만 아주 아름다운 발색을 가졌습니다. 아주 소량만 산란하는 종으로 산란의 알 갯수가 15~20개 밖에 되지 않습니다. 어미의 크기에 비해서는 크기가 큰 편이고,타란툴라코리아,네이버,2026-06-02,50000,50000,0,,,품절,https://smartstore.naver.com/tarantulakorea/products/10575289679
도미니카 스틸리블루,타란센터,자사몰,2026-06-02,25000,25000,0,,,품절,https://tarancenter.com/product/도미니카-스틸리블루-유체-phormictopus-sp-gold-carapax/1286/category/51/display/1/
도미니카 스틸리블루,타란센터,자사몰,2026-06-02,25000,25000,0,,,품절,https://tarancenter.com/product/도미니카-스틸리블루-유체-phormictopus-sp-gold-carapax/867/category/51/display/1/
도미니카 스틸리블루,타란센터,자사몰,2026-06-02,40000,40000,0,,,품절,https://tarancenter.com/product/도미니카-스틸리블루-유체-대-phormictopus-sp-gold-carapax/633/category/51/display/1/
도미니카 스틸리블루,타란툴라코리아,네이버,2026-06-02,25000,25000,0,,,재고,https://smartstore.naver.com/tarantulakorea/products/11768685363
도미니카 스틸리블루,타란툴라코리아,자사몰,2026-06-02,25000,25000,0,,,재고,https://tarantulakorea.com/product/도미니카-스틸리블루-유체/259/category/24/display/1/
도미니카 퍼플,더쥬 송파점,네이버,2026-06-02,20000,20000,0,,,품절,https://smartstore.naver.com/tzblossom/products/8801359191
도미니카 퍼플,타란툴라코리아,자사몰,2026-06-02,35000,35000,0,,,재고,https://tarantulakorea.com/product/도미니카-퍼플-유체/154/category/24/display/1/
도미니칸 퍼플,거미랑,자사몰,2026-06-02,160000,160000,0,,,품절,https://theraphosidae.co.kr/product/도미니칸-퍼플-10cm-암컷/1481/category/24/display/1/
도미니칸 퍼플,거미랑,자사몰,2026-06-02,35000,35000,0,,,품절,https://theraphosidae.co.kr/product/포르믹토푸스-spec-도미니칸-퍼플-유체/1664/category/24/display/1/
도미니칸 퍼플,타란센터,자사몰,2026-06-02,180000,180000,0,,,품절,https://tarancenter.com/product/도미니칸-퍼플-9cm-암수수-phormictopus-sp-purple/889/category/51/display/1/
도미니칸 퍼플,타란센터,자사몰,2026-06-02,70000,70000,0,,,품절,https://tarancenter.com/product/도미니칸-퍼플-버드이터-10cm-암컷-준성체-초-phormictopus-sp-dominican-purple/1154/category/51/display/1/
도미니칸 퍼플,타란센터,자사몰,2026-06-02,40000,40000,0,,,품절,https://tarancenter.com/product/도미니칸-퍼플-유체-phormictopus-sp-dominican-purple/1038/category/51/display/1/
도미니칸 퍼플,타란센터,자사몰,2026-06-02,35000,35000,0,,,재고,https://tarancenter.com/product/도미니칸-퍼플-유체-phormictopus-sp-dominican-purple/1315/category/51/display/1/
도미니칸 퍼플,타란센터,자사몰,2026-06-02,60000,60000,0,,,품절,https://tarancenter.com/product/도미니칸-퍼플-유체-대-phormictopus-sp-purple/881/category/51/display/1/
도미니칸 퍼플,타란센터,자사몰,2026-06-02,80000,80000,0,,,품절,https://tarancenter.com/product/포믹토푸스-도미니칸-퍼플-버드이터-11cm-준성체-암컷-phormictopus-sp-dominican-purple/1163/category/51/display/1/
도미니칸퍼플 버드이터 타란튤라,타란센터,네이버,2026-06-02,35000,35000,0,,,품절,https://smartstore.naver.com/tarancenter/products/11176182945
독재자 딕테토르 바분 딕데이터,타란툴라코리아,네이버,2026-06-02,45000,45000,0,,,품절,https://smartstore.naver.com/tarantulakorea/products/10734571143
돌리코텔레 엑실리스,거미랑,자사몰,2026-06-02,15000,15000,0,,,품절,https://theraphosidae.co.kr/product/돌리코텔레-엑실리스-유체/1343/category/24/display/1/
돌리코텔레 엑실리스 학명 Dolicho exesilis 습성 버로우성 수명 약 10~15년 사육온도 23~27도 사육습도 75~80% 사이즈 성장 속도 빠름 브라질 소형의 타란툴라 입니다. 브라질리안 드워프 뷰티와 같은 속으로 시 자라는 종류 입니다. 거미줄을 많이 치는 종으로 강하고 먹성 또한 좋으며 내츄럴한 브라운 바디색이 특징입니다. 분양되는 사이즈는 급 입니다. ● 추가 사진,타란툴라코리아,네이버,2026-06-02,15000,15000,0,,,재고,https://smartstore.naver.com/tarantulakorea/products/10560186174
드워프핑크렉,거미랑,자사몰,2026-06-02,18000,18000,0,,,품절,https://theraphosidae.co.kr/product/드워프-핑크렉-ex코키아나-브룬니페스-유체/1214/category/24/display/1/
드워프핑크렉,타란센터,자사몰,2026-06-02,40000,40000,0,,,품절,https://tarancenter.com/product/드워프-핑크렉-암컷-성체-초-kochiana-brunnipes/1108/category/51/display/1/
드워프핑크렉,타란툴라코리아,자사몰,2026-06-02,20000,20000,0,,,재고,https://tarantulakorea.com/product/드워프핑크렉-유체-대/386/category/24/display/1/
라농 블루,거미랑,네이버,2026-06-02,6000,6000,0,,,재고,https://smartstore.naver.com/terrafactory/products/13443025034
라농블루 타이거,타란센터,자사몰,2026-06-02,35000,35000,0,,,재고,https://tarancenter.com/product/라농블루-ex사우스-춤폰타이거-타이거-암컷-아성체-7cm-ornithoctonus-sp-ranong-blue/1568/category/51/display/1/
라마시 학명 Bistriopelma cf.lamasi 습성 배회성 수명 약 10~20년 사육온도 23~27도 사육습도 50~70% 사이즈,타란툴라코리아,네이버,2026-06-02,60000,60000,0,,,품절,https://smartstore.naver.com/tarantulakorea/products/10574748787
라바 스파이더,거미랑,자사몰,2026-06-02,85000,85000,0,,,품절,https://theraphosidae.co.kr/product/라바-스파이더-유체/1396/category/24/display/1/
라시오도라 세르타네하,타란툴라코리아,네이버,2026-06-02,35000,35000,0,,,재고,https://smartstore.naver.com/tarantulakorea/products/11457207676
라시오도라 수브카넨스,거미랑,자사몰,2026-06-02,15000,15000,0,,,품절,https://theraphosidae.co.kr/product/라시오도라-수브카넨스-ex실버-백-유체/1815/category/24/display/1/
라오스 이,타란툴라코리아,자사몰,2026-06-02,25000,25000,0,,,재고,https://tarantulakorea.com/product/라오스-초이-유체/681/category/24/display/1/
라오스 타이거,거미랑,자사몰,2026-06-02,135000,135000,0,,,품절,https://theraphosidae.co.kr/product/라오스-타이거-유체/1898/category/24/display/1/
라오스 트랩도어,거미랑,자사몰,2026-06-02,70000,70000,0,,,재고,https://theraphosidae.co.kr/product/라오스-트랩도어-poss말타이-준성체1214cm-암컷/2012/category/24/display/1/
라오스 트랩도어 땅지타 버로우성 타란튤라,타란센터,네이버,2026-06-02,20000,20000,0,,,재고,https://smartstore.naver.com/tarancenter/products/13523653141
라이트 블루블룸,거미랑,자사몰,2026-06-02,500000,500000,0,,,품절,https://theraphosidae.co.kr/product/라이트-블루블룸-10cm-한쌍/619/category/24/display/1/
라이트 블루블룸,거미랑,자사몰,2026-06-02,750000,750000,0,,,품절,https://theraphosidae.co.kr/product/라이트-블루블룸-17cm-암/570/category/24/display/1/
라이트 블루블룸,거미랑,자사몰,2026-06-02,300000,300000,0,,,품절,https://theraphosidae.co.kr/product/라이트-블루블룸-로우랜드-10cm-암컷/666/category/24/display/1/
라이트 블루블룸,거미랑,자사몰,2026-06-02,150000,150000,0,,,품절,https://theraphosidae.co.kr/product/라이트-블루블룸-로우랜드-유체/829/category/24/display/1/
란솔라툼 ​,타란툴라코리아,자사몰,2026-06-02,35000,35000,0,,,재고,https://tarantulakorea.com/product/란솔라툼-유체/420/category/24/display/1/
랑카위 타이거,거미랑,자사몰,2026-06-02,25000,25000,0,,,품절,https://theraphosidae.co.kr/product/오모튀무스-spec-랑카위-유체/1617/category/24/display/1/
랑카위 타이거,타란센터,자사몰,2026-06-02,38000,38000,0,,,품절,https://tarancenter.com/product/랑카위-어스-타이거-유체-omothymus-sp-langkawi/816/category/51/display/1/
랑카위 타이거,타란센터,자사몰,2026-06-02,130000,130000,0,,,품절,https://tarancenter.com/product/랑카위-어스타이거-9cm-암컷-준성체-초-omothymus-sp-langkawi/1186/category/51/display/1/
랑카위 타이거,타란툴라코리아,네이버,2026-06-02,28000,28000,0,,,재고,https://smartstore.naver.com/tarantulakorea/products/10614754208
랑카위 타이거,타란툴라코리아,자사몰,2026-06-02,28000,28000,0,,,재고,https://tarantulakorea.com/product/랑카위-타이거-유체/619/category/67/display/1/
러스티 브라운 버드이터,타란툴라코리아,네이버,2026-06-02,180000,180000,0,,,재고,https://smartstore.naver.com/tarantulakorea/products/12577928661
러스티 브라운 버드이터,타란툴라코리아,네이버,2026-06-02,30000,30000,0,,,재고,https://smartstore.naver.com/tarantulakorea/products/12773888444
러스티 브라운 버드이터,타란툴라코리아,자사몰,2026-06-02,30000,30000,0,,,재고,https://tarantulakorea.com/product/러스티-브라운-버드이터-유체/731/category/24/display/1/
러스티 브라운 버드이터,타란툴라코리아,자사몰,2026-06-02,180000,180000,0,,,재고,https://tarantulakorea.com/product/러스티-브라운-버드이터-준성체-암컷/721/category/24/display/1/
럼동 어스타이거 타란튤라,타란센터,네이버,2026-06-02,18000,18000,0,,,재고,https://smartstore.naver.com/tarancenter/products/11823255660
럼동타이거,거미랑,자사몰,2026-06-02,60000,60000,0,,,품절,https://theraphosidae.co.kr/product/럼동-타이거-12cm-암/210/category/24/display/1/
럼동타이거,거미랑,자사몰,2026-06-02,70000,70000,0,,,품절,https://theraphosidae.co.kr/product/럼동-타이거-14cm암/211/category/24/display/1/
럼동타이거,거미랑,자사몰,2026-06-02,65000,65000,0,,,품절,https://theraphosidae.co.kr/product/럼동-타이거-준성체12cm-1518cm/1708/category/24/display/1/
럼동타이거,타란센터,자사몰,2026-06-02,18000,18000,0,,,재고,https://tarancenter.com/product/럼동-타이거-유체-cyriopagopus-sp-lam-dong/1024/category/51/display/1/
럼동타이거,타란툴라코리아,자사몰,2026-06-02,18000,18000,0,,,재고,https://tarantulakorea.com/product/럼동타이거-유체/510/category/66/display/1/
레드 스켈레톤,거미랑,자사몰,2026-06-02,140000,140000,0,,,품절,https://theraphosidae.co.kr/product/레드-스켈레톤-8-10cm-암컷/1736/category/24/display/1/
레드 스켈레톤,거미랑,자사몰,2026-06-02,35000,35000,0,,,품절,https://theraphosidae.co.kr/product/레드-스켈레톤-유체/1308/category/24/display/1/
레드 스켈레톤,타란센터,자사몰,2026-06-02,90000,90000,0,,,품절,https://tarancenter.com/product/레드-스켈레톤-아성체-한쌍-ephebopus-rufescens-pair/513/category/51/display/1/
레드 스켈레톤,타란센터,자사몰,2026-06-02,70000,70000,0,,,품절,https://tarancenter.com/product/레드스켈레톤-암컷-10cm-성체급-ephebopus-rufescens/1184/category/51/display/1/
레드 스켈레톤,타란툴라코리아,네이버,2026-06-02,35000,35000,0,,,품절,https://smartstore.naver.com/tarantulakorea/products/10645335709
레드 아일랜드 버드이터 몬테 크리스티,거미랑,자사몰,2026-06-02,35000,35000,0,,,품절,https://theraphosidae.co.kr/product/레드-아일랜드-버드이터-몬테-크리스티-유체/1153/category/24/display/1/
레드 트리 스파이더,거미랑,자사몰,2026-06-02,15000,15000,0,,,품절,https://theraphosidae.co.kr/product/레드-트리-스파이더-유체/1597/category/24/display/1/
레드 트리 스파이더,거미랑,자사몰,2026-06-02,15000,15000,0,,,품절,https://theraphosidae.co.kr/product/레드-트리-스파이더-유체/1887/category/24/display/1/
레드 트리 스파이더,타란툴라코리아,네이버,2026-06-02,15000,15000,0,,,재고,https://smartstore.naver.com/tarantulakorea/products/10588264735
레드로즈,타란툴라코리아,자사몰,2026-06-02,15000,15000,0,,,재고,https://tarantulakorea.com/product/레드로즈-유체/117/category/24/display/1/
레드스트라이프 핑크토,거미랑,자사몰,2026-06-02,35000,35000,0,,,품절,https://theraphosidae.co.kr/product/레드스트라이프-핑크토-유체/1365/category/24/display/1/
레드스트라이프 핑크토,더쥬 송파점,네이버,2026-06-02,19000,19000,0,,,품절,https://smartstore.naver.com/tzblossom/products/8801334895
레드스트라이프 핑크토,타란툴라코리아,네이버,2026-06-02,35000,35000,0,,,재고,https://smartstore.naver.com/tarantulakorea/products/10596132488
레드스트라이프 핑크토,타란툴라코리아,자사몰,2026-06-02,35000,35000,0,,,재고,https://tarantulakorea.com/product/레드스트라이프-핑크토-유체/483/category/67/display/1/
레드슬레이트 오너멘탈,거미랑,네이버,2026-06-02,35000,35000,0,,,품절,https://smartstore.naver.com/terrafactory/products/5720715698
레드슬레이트 오너멘탈,거미랑,자사몰,2026-06-02,40000,40000,0,,,품절,https://theraphosidae.co.kr/product/레드-슬레이트-오너멘탈-유체/1193/category/24/display/1/
레드슬레이트 오너멘탈,거미랑,자사몰,2026-06-02,40000,40000,0,,,품절,https://theraphosidae.co.kr/product/레드-슬레이트-오너멘탈-유체/295/category/24/display/1/
레드슬레이트 오너멘탈,거미랑,자사몰,2026-06-02,150000,150000,0,,,품절,https://theraphosidae.co.kr/product/레드슬레이트-오너멘탈-8cm-한쌍/1272/category/24/display/1/
레드슬레이트 오너멘탈,거미랑,자사몰,2026-06-02,20000,20000,0,,,품절,https://theraphosidae.co.kr/product/레드슬레이트-오너멘탈-유체/1700/category/24/display/1/
레드슬레이트 오너멘탈,거미랑,자사몰,2026-06-02,350000,350000,0,,,품절,https://theraphosidae.co.kr/product/레드슬레이트-오너멘탈-한쌍-암18cm-수8cm/985/category/24/display/1/
레드슬레이트 오너멘탈,타란센터,자사몰,2026-06-02,40000,40000,0,,,품절,https://tarancenter.com/product/레드-슬레이트-오너멘탈-유체-대-poecilotheria-rufilata/813/category/51/display/1/
레드슬레이트 오너멘탈,타란툴라코리아,네이버,2026-06-02,35000,35000,0,,,품절,https://smartstore.naver.com/tarantulakorea/products/10592999280
레드아일랜드,타란센터,네이버,2026-06-02,25000,25000,0,,,품절,https://smartstore.naver.com/tarancenter/products/12070619397
레드아일랜드,타란센터,자사몰,2026-06-02,25000,25000,0,,,품절,https://tarancenter.com/product/레드-아일랜드-유체-phormictopus-atrichomatus/1300/category/51/display/1/
레드아일랜드,타란툴라코리아,자사몰,2026-06-02,25000,25000,0,,,재고,https://tarantulakorea.com/product/레드아일랜드-유체/163/category/24/display/1/
레드트리 스파이더,타란센터,네이버,2026-06-02,12000,12000,0,,,품절,https://smartstore.naver.com/tarancenter/products/11823166721
레드트리 스파이더,타란센터,자사몰,2026-06-02,12000,12000,0,,,품절,https://tarancenter.com/product/레드트리-스파이더-유체-amazonius-germani-ex-tapinauchenius-gigas/1205/category/51/display/1/
레드트리 스파이더,타란센터,자사몰,2026-06-02,15000,15000,0,,,품절,https://tarancenter.com/product/레드트리-스파이더-유체-amazonius-germani-ex-tapinauchenius-gigas/727/category/51/display/1/
레드트리 스파이더,타란툴라코리아,자사몰,2026-06-02,15000,15000,0,,,재고,https://tarantulakorea.com/product/레드트리-스파이더-유체/319/category/67/display/1/
레엣지 학명 Cyriocosmus leetzi 습성 배회성 수명 약 10~20년 사육온도 23~27도 사육습도 75~80% 사이즈 성장 속도 빠름 엘레강스 속에서 리테 다음으로 화려한 발색을 가진 종류 입니다. 작지만 정 화려한 종입니다. 분양되는 사이즈는 급 급 입니다. ● 추가사진,타란툴라코리아,네이버,2026-06-02,55000,55000,0,,,품절,https://smartstore.naver.com/tarantulakorea/products/10613479464
레이시아 퍼플피머 학명 Coremiocnemis hoggi 습성 버로우성 수명 약 10~15년 사육온도 23~27도 사육습도 80~90% 사이즈 성장 속도 빠름 레이시아 프레이저힐 가장 높은 지역에서 서식하는 아름다운 발색을 가진 타란툴라 입니다. 습한 환경의 특정 지역에만 서식해서 습하고 온도 되도록 낮게 사육하시는 게 좋은 타란툴라로 워낙 예뻐 추천합니다. 분양하고 있는 는 급 입니다. ● 추가 사진,타란툴라코리아,네이버,2026-06-02,35000,35000,0,,,재고,https://smartstore.naver.com/tarantulakorea/products/10694388657
레이시안 블루피머 뷰티,타란센터,자사몰,2026-06-02,50000,50000,0,,,품절,https://tarancenter.com/product/말레이시안-블루피머-뷰티-로부스텀-타이거-유체-cyriopagopus-robustum/875/category/51/display/1/
레이시안 아머드 트랩도어,거미랑,자사몰,2026-06-02,120000,120000,0,,,품절,https://theraphosidae.co.kr/product/말레이시안-아머드-트랩도어-준성체/1812/category/24/display/1/
레이시안 어스 타이거 지타,타란툴라코리아,네이버,2026-06-02,25000,25000,0,,,품절,https://smartstore.naver.com/tarantulakorea/products/10588232319
레이시안 어스타이거,거미랑,네이버,2026-06-02,25000,25000,0,,,재고,https://smartstore.naver.com/terrafactory/products/6022709175
레이시안 어스타이거,거미랑,자사몰,2026-06-02,120000,120000,0,,,품절,https://theraphosidae.co.kr/product/말레이시안-어스타이거-12cm암/201/category/24/display/1/
레이시안 어스타이거,거미랑,자사몰,2026-06-02,60000,60000,0,,,품절,https://theraphosidae.co.kr/product/말레이시안-어스타이거-아성체한쌍/172/category/24/display/1/
레이시안 어스타이거,거미랑,자사몰,2026-06-02,25000,25000,0,,,재고,https://theraphosidae.co.kr/product/말레이시안-어스타이거-유체/1188/category/24/display/1/
레이시안 어스타이거,더쥬 송파점,네이버,2026-06-02,25000,25000,0,,,재고,https://smartstore.naver.com/tzblossom/products/8771262681
레이시안 어스타이거,타란센터,자사몰,2026-06-02,18000,18000,0,,,품절,https://tarancenter.com/product/말레이시안-어스-타이거-ex말지타-유체-omothymus-schioedtei/1071/category/51/display/1/
레이시안 어스타이거,타란센터,자사몰,2026-06-02,25000,25000,0,,,품절,https://tarancenter.com/product/말레이시안-어스-타이거-유체-omothymus-schioedtei/1397/category/51/display/1/
레이시안 어스타이거,타란센터,자사몰,2026-06-02,25000,25000,0,,,품절,https://tarancenter.com/product/말레이시안-어스-타이거-유체-omothymus-schioedtei/908/category/51/display/1/
레이시안 퍼플피머,거미랑,자사몰,2026-06-02,250000,250000,0,,,품절,https://theraphosidae.co.kr/product/말레이시안-퍼플피머-성체/914/category/24/display/1/
레이시안 퍼플피머,거미랑,자사몰,2026-06-02,35000,35000,0,,,재고,https://theraphosidae.co.kr/product/말레이시안-퍼플피머-유체/1822/category/24/display/1/
레이시안 퍼플피머,거미랑,자사몰,2026-06-02,250000,250000,0,,,재고,https://theraphosidae.co.kr/product/말레이시안-퍼플피머-준성체/913/category/24/display/1/
레이시안 퍼플피머,더쥬 송파점,네이버,2026-06-02,15000,15000,0,,,재고,https://smartstore.naver.com/tzblossom/products/10635218607
레이시안 퍼플피머,타란센터,네이버,2026-06-02,35000,35000,0,,,재고,https://smartstore.naver.com/tarancenter/products/10793332347
레이시안 퍼플피머,타란센터,자사몰,2026-06-02,35000,35000,0,,,재고,https://tarancenter.com/product/말레이시안-퍼플-피머-유체-coremiocnemis-hoggi/1085/category/51/display/1/
레이시안 퍼플피머,타란툴라코리아,자사몰,2026-06-02,35000,35000,0,,,재고,https://tarantulakorea.com/product/말레이시안-퍼플피머-유체/635/category/66/display/1/
레이시안어스타이거 지타 타란튤라 애완거미,타란센터,네이버,2026-06-02,18000,18000,0,,,품절,https://smartstore.naver.com/tarancenter/products/10561023531
렛서 고아 머스타드,거미랑,자사몰,2026-06-02,32000,32000,0,,,품절,https://theraphosidae.co.kr/product/렛서-고아-머스타드-유체/1155/category/24/display/1/
렛서고아 머스타드,거미랑,자사몰,2026-06-02,50000,50000,0,,,품절,https://theraphosidae.co.kr/product/렛서고아-머스타드-유체대/1301/category/24/display/1/
렛서고아 머스타드,타란센터,네이버,2026-06-02,25000,25000,0,,,품절,https://smartstore.naver.com/tarancenter/products/8979311844
렛서고아 머스타드,타란센터,자사몰,2026-06-02,25000,25000,0,,,품절,https://tarancenter.com/product/렛서고아-머스타드-유체-ex-인디언-브라운-thrigmopoeus-truculentus/902/category/51/display/1/
로부스텀 타이거,타란센터,자사몰,2026-06-02,35000,35000,0,,,품절,https://tarancenter.com/product/로부스텀-타이거-프레이져힐-유체-cyriopagopus-robustus/1037/category/51/display/1/
로부스텀 타이거,타란센터,자사몰,2026-06-02,45000,45000,0,,,품절,https://tarancenter.com/product/로부스텀-타이거-프레이져힐-유체-cyriopagopus-robustus/1310/category/51/display/1/
로부스텀 타이거 프레이저힐,타란툴라코리아,네이버,2026-06-02,40000,40000,0,,,재고,https://smartstore.naver.com/tarantulakorea/products/10650840144
로부스텀 타이거 프레이저힐,타란툴라코리아,자사몰,2026-06-02,40000,40000,0,,,재고,https://tarantulakorea.com/product/로부스텀-타이거-프레이저힐-유체/220/category/66/display/1/
로부스텀 타이거 학명 Cyriopagopus cf. robustus 습성 버로우성 수명 약 10~15년 사육온도 23~27도 사육습도 60~80% 사이즈 성장 속도 빠름 국내에는 프레이저힐,타란툴라코리아,네이버,2026-06-02,40000,40000,0,,,품절,https://smartstore.naver.com/tarantulakorea/products/10650896665
로부스툼 타이거,거미랑,자사몰,2026-06-02,220000,220000,0,,,품절,https://theraphosidae.co.kr/product/로부스툼-타이거-10cm-한쌍/147/category/24/display/1/
로부스툼 타이거,거미랑,자사몰,2026-06-02,250000,250000,0,,,품절,https://theraphosidae.co.kr/product/로부스툼-타이거-14cm암컷/687/category/24/display/1/
로부스툼 타이거,거미랑,자사몰,2026-06-02,250000,250000,0,,,품절,https://theraphosidae.co.kr/product/로부스툼-타이거-네게리-셈빌란-14cm-한쌍/212/category/24/display/1/
로부스툼 타이거,거미랑,자사몰,2026-06-02,40000,40000,0,,,품절,https://theraphosidae.co.kr/product/로부스툼-타이거-네게리-셈빌란-유체/136/category/24/display/1/
로부스툼 타이거,거미랑,자사몰,2026-06-02,40000,40000,0,,,품절,https://theraphosidae.co.kr/product/로부스툼-타이거-네게리-셈빌란-유체/744/category/24/display/1/
로아탄 아일랜드,타란센터,자사몰,2026-06-02,45000,45000,0,,,품절,https://tarancenter.com/product/로아탄-아일랜드-유체-대-theraphosidae-sp-roatan/719/category/51/display/1/
로즈헤어,거미랑,네이버,2026-06-02,15000,15000,0,,,재고,https://smartstore.naver.com/terrafactory/products/5342385841
로즈헤어,거미랑,자사몰,2026-06-02,35000,35000,0,,,품절,https://theraphosidae.co.kr/product/레드-로즈헤어-아성체5cm/1750/category/24/display/1/
로즈헤어,거미랑,자사몰,2026-06-02,18500,18500,0,,,품절,https://theraphosidae.co.kr/product/레드-로즈헤어-유체/958/category/24/display/1/
로즈헤어,거미랑,자사몰,2026-06-02,15000,15000,0,,,품절,https://theraphosidae.co.kr/product/로즈헤어-유체/1265/category/24/display/1/
로즈헤어,거미랑,자사몰,2026-06-02,18000,18000,0,,,품절,https://theraphosidae.co.kr/product/칠리안-로즈헤어-유체/1562/category/24/display/1/
로즈헤어,더쥬 송파점,네이버,2026-06-02,13000,13000,0,,,재고,https://smartstore.naver.com/tzblossom/products/8764174594
로즈헤어,더쥬 송파점,네이버,2026-06-02,15000,15000,0,,,품절,https://smartstore.naver.com/tzblossom/products/9344102736
로즈헤어,타란센터,네이버,2026-06-02,20000,20000,0,,,재고,https://smartstore.naver.com/tarancenter/products/10998263310
로즈헤어,타란센터,네이버,2026-06-02,18000,18000,0,,,재고,https://smartstore.naver.com/tarancenter/products/12022576954
로즈헤어,타란센터,자사몰,2026-06-02,20000,20000,0,,,품절,https://tarancenter.com/product/레드로즈헤어-유체-grammostola-rosea-rcf/1130/category/51/display/1/
로즈헤어,타란센터,자사몰,2026-06-02,20000,20000,0,,,품절,https://tarancenter.com/product/레드로즈헤어-유체-grammostola-rosea-rcf/1318/category/51/display/1/
로즈헤어,타란센터,자사몰,2026-06-02,18000,18000,0,,,품절,https://tarancenter.com/product/로즈헤어-유체-grammostola-rosea/919/category/51/display/1/
로즈헤어,타란센터,자사몰,2026-06-02,18000,18000,0,,,재고,https://tarancenter.com/product/칠리안-로즈헤어-유체-grammostola-rosea/1291/category/51/display/1/
로즈헤어,타란툴라코리아,자사몰,2026-06-02,13000,13000,0,,,재고,https://tarantulakorea.com/product/로즈헤어-유체/188/category/24/display/1/
롬블론 핑크,거미랑,자사몰,2026-06-02,15000,15000,0,,,품절,https://theraphosidae.co.kr/product/롬블론-핑크-유체/1563/category/24/display/1/
롬블론 핑크,타란툴라코리아,네이버,2026-06-02,15000,15000,0,,,재고,https://smartstore.naver.com/tarantulakorea/products/10561448333
롬블론 핑크,타란툴라코리아,자사몰,2026-06-02,15000,15000,0,,,재고,https://tarantulakorea.com/product/롬블론-핑크-유체/449/category/24/display/1/
롱나 타이거,타란툴라코리아,네이버,2026-06-02,15000,15000,0,,,재고,https://smartstore.naver.com/tarantulakorea/products/12411532493
롱나 타이거,타란툴라코리아,자사몰,2026-06-02,15000,15000,0,,,재고,https://tarantulakorea.com/product/롱나-타이거-유체/716/category/66/display/1/
루돌피,타란툴라코리아,자사몰,2026-06-02,50000,50000,0,,,재고,https://tarantulakorea.com/product/루돌피-유체/488/category/24/display/1/
루비블룸 핑크토,거미랑,자사몰,2026-06-02,40000,40000,0,,,품절,https://theraphosidae.co.kr/product/루비블룸-핑크토-ex올리웨이라이-유체/1583/category/24/display/1/
루푸스 타이거,거미랑,네이버,2026-06-02,6000,6000,0,,,재고,https://smartstore.naver.com/terrafactory/products/5757609267
루푸스 타이거,거미랑,자사몰,2026-06-02,35000,35000,0,,,품절,https://theraphosidae.co.kr/product/루푸스-타이거-7cm-암컷/1427/category/24/display/1/
루푸스 타이거,거미랑,자사몰,2026-06-02,4000,4000,0,,,품절,https://theraphosidae.co.kr/product/루푸스-타이거-유체/1538/category/24/display/1/
루푸스 타이거,거미랑,자사몰,2026-06-02,32000,32000,0,,,품절,https://theraphosidae.co.kr/product/루푸스-타이거-유체대/1220/category/24/display/1/
루푸스 타이거,더쥬 송파점,네이버,2026-06-02,5000,5000,0,,,재고,https://smartstore.naver.com/tzblossom/products/9728847108
루푸스 타이거,타란센터,자사몰,2026-06-02,60000,60000,0,,,품절,https://tarancenter.com/product/루푸스-어스-타이거-11cm-암컷-준성체-aspinochilus-rufus/1247/category/51/display/1/
루푸스 타이거,타란툴라코리아,네이버,2026-06-02,5000,5000,0,,,재고,https://smartstore.naver.com/tarantulakorea/products/10526180810
루푸스 타이거,타란툴라코리아,자사몰,2026-06-02,5000,5000,0,,,재고,https://tarantulakorea.com/product/루푸스-타이거-유체/104/category/67/display/1/
뤼롱나투스 크로탈루스,거미랑,자사몰,2026-06-02,35000,35000,0,,,품절,https://theraphosidae.co.kr/product/뤼롱나투스-크로탈루스-유체/309/category/24/display/1/
리벌소펠마 페테르시,타란툴라코리아,네이버,2026-06-02,160000,160000,0,,,품절,https://smartstore.naver.com/tarantulakorea/products/11749352970
리오 티푸티니 핑크토,타란툴라코리아,네이버,2026-06-02,50000,50000,0,,,품절,https://smartstore.naver.com/tarantulakorea/products/10598563065
리오그란데 골드 텍사스,거미랑,자사몰,2026-06-02,320000,320000,0,,,품절,https://theraphosidae.co.kr/product/리오그란데-골드-텍사스-준성체5-6cm-암컷/1925/category/24/display/1/
리오그란데 골드 텍사스,거미랑,자사몰,2026-06-02,460000,460000,0,,,품절,https://theraphosidae.co.kr/product/리오그란데-골드-텍사스-준성체5-6cm-한쌍/1908/category/24/display/1/
리오그란데 골드 텍사스,거미랑,자사몰,2026-06-02,580000,580000,0,,,품절,https://theraphosidae.co.kr/product/리오그란데-골드-텍사스-준성체7-9cm-한쌍/1909/category/24/display/1/
리오그란데골드,거미랑,네이버,2026-06-02,65000,65000,0,,,재고,https://smartstore.naver.com/terrafactory/products/12321603807
리오그란데골드,거미랑,자사몰,2026-06-02,65000,65000,0,,,재고,https://theraphosidae.co.kr/product/리오그란데-골드-텍사스-유체/1516/category/24/display/1/
리오그란데골드,더쥬 송파점,네이버,2026-06-02,320000,320000,0,,,품절,https://smartstore.naver.com/tzblossom/products/11907353307
리오그란데골드,더쥬 송파점,네이버,2026-06-02,65000,65000,0,,,재고,https://smartstore.naver.com/tzblossom/products/9728684590
리오그란데골드,타란센터,자사몰,2026-06-02,65000,65000,0,,,품절,https://tarancenter.com/product/리오그란데-골드-유체-aphonopelma-moderatum/972/category/51/display/1/
리오그란데골드,타란센터,자사몰,2026-06-02,65000,65000,0,,,재고,https://tarancenter.com/product/리오그란데골드-유체-aphonopelma-moderatum/1444/category/51/display/1/
리오그란데골드 멕시코 누에보레온,타란툴라코리아,자사몰,2026-06-02,70000,70000,0,,,재고,https://tarantulakorea.com/product/리오그란데골드-멕시코-누에보레온-유체/749/category/24/display/1/
리오그란데골드 멕시코 누에보레온,타란툴라코리아,자사몰,2026-06-02,70000,70000,0,,,재고,https://tarantulakorea.com/product/리오그란데골드-멕시코-누에보레온-유체/749/category/24/display/2/
리오그란데골드 멕시코 뉴에보레온,타란툴라코리아,네이버,2026-06-02,70000,70000,0,,,재고,https://smartstore.naver.com/tarantulakorea/products/13476627206
리오그란데골드 텍사스,타란툴라코리아,자사몰,2026-06-02,65000,65000,0,,,재고,https://tarantulakorea.com/product/리오그란데골드-텍사스-유체/423/category/24/display/1/
리오우르밤바,더쥬 송파점,네이버,2026-06-02,80000,80000,0,,,품절,https://smartstore.naver.com/tzblossom/products/10318506973
리오우르밤바,타란툴라코리아,네이버,2026-06-02,80000,80000,0,,,품절,https://smartstore.naver.com/tarantulakorea/products/10579177795
린나이 핑크토,타란툴라코리아,네이버,2026-06-02,195000,195000,0,,,품절,https://smartstore.naver.com/tarantulakorea/products/10609419169
립드트리 스파이더,거미랑,자사몰,2026-06-02,35000,35000,0,,,품절,https://theraphosidae.co.kr/product/립드트리-스파이더-유체/157/category/24/display/1/
마그누스 타이거,거미랑,자사몰,2026-06-02,95000,95000,0,,,재고,https://theraphosidae.co.kr/product/마그누스-타이거-아성체5-8cm성별선택/2001/category/24/display/1/
마그누스 타이거,거미랑,자사몰,2026-06-02,50000,50000,0,,,품절,https://theraphosidae.co.kr/product/마그누스-타이거-유체/2000/category/24/display/1/
마드레 데 디오스 핑크토,거미랑,자사몰,2026-06-02,25000,25000,0,,,품절,https://theraphosidae.co.kr/product/마드레-데-디오스-핑크토-유체/1600/category/24/display/1/
마드레 데 디오스 핑크토,거미랑,자사몰,2026-06-02,25000,25000,0,,,품절,https://theraphosidae.co.kr/product/아위쿨라리아-spec-마드레-데-디오스-유체/627/category/24/display/1/
마드레 데 디오스 핑크토,거미랑,자사몰,2026-06-02,30000,30000,0,,,품절,https://theraphosidae.co.kr/product/아위쿨라리아-spec-마드레-데-디오스-유체/982/category/24/display/1/
마드레 데 디오스 핑크토,더쥬 송파점,네이버,2026-06-02,25000,25000,0,,,품절,https://smartstore.naver.com/tzblossom/products/11963519676
마드레 데 디오스 핑크토,타란센터,자사몰,2026-06-02,25000,25000,0,,,품절,https://tarancenter.com/product/가이아나-마드레-데-디오스-핑크토-유체-avicularia-avicularia-morpho-types-4/907/category/51/display/1/
마이소르 오너멘탈,거미랑,자사몰,2026-06-02,140000,140000,0,,,품절,https://theraphosidae.co.kr/product/마이소르-오너멘탈-14cm암/1030/category/24/display/1/
마이소르 오너멘탈,거미랑,자사몰,2026-06-02,12000,12000,0,,,품절,https://theraphosidae.co.kr/product/마이소르-오너멘탈-스파이더-링/1109/category/24/display/1/
마이소어 마이소르 오너멘탈,타란툴라코리아,네이버,2026-06-02,20000,20000,0,,,품절,https://smartstore.naver.com/tarantulakorea/products/10585013592
마이소어 오너멘탈,거미랑,자사몰,2026-06-02,15000,15000,0,,,품절,https://theraphosidae.co.kr/product/마이소어-오너멘탈-유체/1131/category/24/display/1/
마이소어 오너멘탈,거미랑,자사몰,2026-06-02,15000,15000,0,,,품절,https://theraphosidae.co.kr/product/마이소어-오너멘탈-유체/1470/category/24/display/1/
마이소어 오너멘탈,거미랑,자사몰,2026-06-02,25000,25000,0,,,품절,https://theraphosidae.co.kr/product/마이소어-오너멘탈-유체대/1266/category/24/display/1/
마이소어 오너멘탈,타란센터,자사몰,2026-06-02,40000,40000,0,,,품절,https://tarancenter.com/product/마이소어-오너멘탈-7cm-아성체-암컷-poecilotheria-striata/1081/category/51/display/1/
마호가니 트리 스파이더,타란툴라코리아,네이버,2026-06-02,25000,25000,0,,,품절,https://smartstore.naver.com/tarantulakorea/products/10988216370
매그너스 어스 타이거,타란센터,자사몰,2026-06-02,120000,120000,0,,,품절,https://tarancenter.com/product/매그너스-어스-타이거-유체-omothymus-sp-magnus/1440/category/51/display/1/
매그너스 타이거 나무위성 버로우성 타란튤라,타란센터,네이버,2026-06-02,120000,120000,0,,,품절,https://smartstore.naver.com/tarancenter/products/13046429310
매홍손 밤부스 타이거 나무위성 버로우성 타란튤라,타란센터,네이버,2026-06-02,70000,70000,0,,,품절,https://smartstore.naver.com/tarancenter/products/13155701345
매홍손 밤부스 타이거 나무위성 버로우성 타란튤라,타란센터,네이버,2026-06-02,20000,20000,0,,,재고,https://smartstore.naver.com/tarancenter/products/13523577216
매홍손 어스 타이거,타란센터,자사몰,2026-06-02,20000,20000,0,,,재고,https://tarancenter.com/product/매홍손-어스-타이거-유체-taksinus-bambus/1555/category/51/display/1/
매홍손 오렌지,타란툴라코리아,자사몰,2026-06-02,25000,25000,0,,,재고,https://tarantulakorea.com/product/매홍손-오렌지-유체/93/category/24/display/1/
매홍손 타이거,타란툴라코리아,네이버,2026-05-31,20000,30000,1,"20,000 → 30,000",2026-06-01,재고,https://smartstore.naver.com/tarantulakorea/products/13256966467
매홍손타이거,거미랑,자사몰,2026-06-02,30000,30000,0,,,품절,https://theraphosidae.co.kr/product/매홍손-타이거-유체/1616/category/24/display/1/
매홍손타이거,더쥬 송파점,네이버,2026-06-02,20000,20000,0,,,품절,https://smartstore.naver.com/tzblossom/products/8801245822
매홍손타이거,타란센터,자사몰,2026-06-02,70000,70000,0,,,품절,https://tarancenter.com/product/매홍손-타이거-준성체성체급-암컷-taksinus-bambus/1456/category/51/display/1/
매홍손타이거,타란툴라코리아,자사몰,2026-06-02,30000,30000,0,,,재고,https://tarantulakorea.com/product/매홍손타이거-유체/462/category/67/display/1/
메가포베마 벨베토소마 에콰도르,거미랑,자사몰,2026-06-02,250000,250000,0,,,품절,https://theraphosidae.co.kr/product/메가포베마-벨베토소마-에콰도르-준성체암컷/1892/category/24/display/1/
메가포베마 벨베토소마 코카 에콰도르,거미랑,자사몰,2026-06-02,75000,75000,0,,,품절,https://theraphosidae.co.kr/product/메가포베마-벨베토소마-코카-에콰도르-유체/1472/category/24/display/1/
메가포베마 화이트,거미랑,네이버,2026-06-02,85000,85000,0,,,재고,https://smartstore.naver.com/terrafactory/products/12577415303
메가포베마 화이트,거미랑,자사몰,2026-06-02,85000,85000,0,,,재고,https://theraphosidae.co.kr/product/메가포베마-spec-화이트-콜롬비아-유체/1378/category/24/display/1/
메가포베마 화이트,거미랑,자사몰,2026-06-02,420000,420000,0,,,품절,https://theraphosidae.co.kr/product/메가포베마-화이트-7cm한쌍/1556/category/24/display/1/
메가포베마 화이트,타란센터,자사몰,2026-06-02,350000,350000,0,,,품절,https://tarancenter.com/product/메가포베마-sp-화이트-12cm-암컷-준성체-megaphobema-sp-white-columbia/1110/category/51/display/1/
메가포베마 화이트,타란센터,자사몰,2026-06-02,250000,250000,0,,,품절,https://tarancenter.com/product/메가포베마-sp-화이트-콜럼비아-7cm-아성체-암컷-megaphobema-sp-white-columbia-female/686/category/51/display/1/
메리아나이 핑크토,더쥬 송파점,네이버,2026-06-02,25000,25000,0,,,품절,https://smartstore.naver.com/tzblossom/products/8801471571
메리아나이 핑크토,타란센터,자사몰,2026-06-02,40000,40000,0,,,품절,https://tarancenter.com/product/메리아나이-핑크토-ex타라포토-유체-avicularia-merianae/1065/category/51/display/1/
메리아나이 핑크토,타란센터,자사몰,2026-06-02,45000,45000,0,,,재고,https://tarancenter.com/product/메리아나이-핑크토-ex타라포토-유체-avicularia-merianae/1400/category/51/display/1/
메리아나이 핑크토,타란툴라코리아,네이버,2026-06-02,45000,45000,0,,,재고,https://smartstore.naver.com/tarantulakorea/products/10598175816
메리아나이 핑크토,타란툴라코리아,자사몰,2026-06-02,45000,45000,0,,,재고,https://tarantulakorea.com/product/메리아나이-핑크토-유체/600/category/67/display/1/
메탈릭 그린 피머 술라나,타란툴라코리아,네이버,2026-06-02,5000,5000,0,,,재고,https://smartstore.naver.com/tarantulakorea/products/10527637975
메탈릭 그린피머,거미랑,자사몰,2026-06-02,20000,20000,0,,,품절,https://theraphosidae.co.kr/product/메탈릭-그린피머-유체/683/category/24/display/1/
메탈릭 그린피머,타란센터,자사몰,2026-06-02,15000,15000,0,,,재고,https://tarancenter.com/product/메탈릭-그린피머-아성체-thrixopelma-sp-sullana/598/category/51/display/1/
메탈릭 그린피머,타란센터,자사몰,2026-06-02,50000,50000,0,,,품절,https://tarancenter.com/product/메탈릭-그린피머-암컷-준성체-10cm-thrixopelma-sp-sullana/948/category/51/display/1/
메탈릭 핑크토,거미랑,자사몰,2026-06-02,35000,35000,0,,,품절,https://theraphosidae.co.kr/product/메탈릭-핑크토-유체/1389/category/24/display/1/
메탈릭 핑크토,거미랑,자사몰,2026-06-02,35000,35000,0,,,품절,https://theraphosidae.co.kr/product/메탈릭-핑크토-유체/1433/category/24/display/1/
메탈릭 핑크토,거미랑,자사몰,2026-06-02,28000,28000,0,,,품절,https://theraphosidae.co.kr/product/메탈릭-핑크토-유체/42/category/24/display/1/
메탈릭 핑크토,더쥬 송파점,네이버,2026-06-02,25000,25000,0,,,재고,https://smartstore.naver.com/tzblossom/products/11003518319
메탈릭 핑크토,타란센터,네이버,2026-06-02,25000,25000,0,,,재고,https://smartstore.naver.com/tarancenter/products/10981398926
메탈릭 핑크토,타란센터,자사몰,2026-06-02,25000,25000,0,,,품절,https://tarancenter.com/product/메탈릭-핑크토-유체-avicularia-metallica/1125/category/51/display/1/
메탈릭 핑크토,타란센터,자사몰,2026-06-02,25000,25000,0,,,재고,https://tarancenter.com/product/메탈릭-핑크토-유체-avicularia-metallica/1320/category/51/display/1/
메탈릭 핑크토,타란툴라코리아,네이버,2026-06-02,25000,25000,0,,,재고,https://smartstore.naver.com/tarantulakorea/products/10593080418
메탈릭 핑크토,타란툴라코리아,자사몰,2026-06-02,25000,25000,0,,,재고,https://tarantulakorea.com/product/메탈릭-핑크토-유체/217/category/67/display/1/
메탈릭그린피머 타란튤라 애완거미,타란센터,네이버,2026-06-02,15000,15000,0,,,재고,https://smartstore.naver.com/tarancenter/products/10833679303
멕시칸 블랙벨벳,타란센터,자사몰,2026-06-02,15000,15000,0,,,품절,https://tarancenter.com/product/멕시칸-블랙벨벳-유체-aphonopelma-caniceps/1116/category/51/display/1/
멕시칸 블랙벨벳,타란툴라코리아,네이버,2026-06-02,15000,15000,0,,,품절,https://smartstore.naver.com/tarantulakorea/products/10560239759
멕시칸 블러드렉,거미랑,네이버,2026-06-02,35000,35000,0,,,재고,https://smartstore.naver.com/terrafactory/products/5970932427
멕시칸 블러드렉,거미랑,자사몰,2026-06-02,50000,50000,0,,,품절,https://theraphosidae.co.kr/product/멕시칸-블러드렉-유체/1133/category/24/display/1/
멕시칸 블러드렉,거미랑,자사몰,2026-06-02,35000,35000,0,,,재고,https://theraphosidae.co.kr/product/멕시칸-블러드렉-유체/40/category/24/display/1/
멕시칸 블러드렉,더쥬 송파점,네이버,2026-06-02,25000,25000,0,,,재고,https://smartstore.naver.com/tzblossom/products/9344222334
멕시칸 블러드렉,타란센터,네이버,2026-06-02,34000,34000,0,,,재고,https://smartstore.naver.com/tarancenter/products/11403674211
멕시칸 블러드렉,타란센터,자사몰,2026-06-02,35000,35000,0,,,재고,https://tarancenter.com/product/아포노펠마-멕시칸-블러드렉-유체-aphonopelma-bicoloratum/1003/category/51/display/1/
멕시칸 블러드렉,타란툴라코리아,네이버,2026-06-02,30000,30000,0,,,재고,https://smartstore.naver.com/tarantulakorea/products/10569163189
멕시칸 블러드렉,타란툴라코리아,자사몰,2026-06-02,30000,30000,0,,,재고,https://tarantulakorea.com/product/블러드렉-유체/490/category/24/display/1/
멕시칸 블루피머,타란툴라코리아,네이버,2026-06-02,30000,30000,0,,,재고,https://smartstore.naver.com/tarantulakorea/products/10567632227
멕시칸 블루피머,타란툴라코리아,자사몰,2026-06-02,30000,30000,0,,,재고,https://tarantulakorea.com/product/멕시칸-블루피머-유체/189/category/24/display/1/
멕시칸 제이드 푸에고,거미랑,자사몰,2026-06-02,340000,340000,0,,,품절,https://theraphosidae.co.kr/product/멕시칸-제이드-푸에고-유체/1633/category/24/display/1/
멕시칸 제이드 푸에고,거미랑,자사몰,2026-06-02,340000,340000,0,,,품절,https://theraphosidae.co.kr/product/멕시칸-제이드-푸에고-유체/461/category/24/display/1/
멕시칸 제이드 푸에고 무레이,타란툴라코리아,자사몰,2026-06-02,220000,220000,0,,,품절,https://tarantulakorea.com/product/멕시칸-제이드-푸에고-무레이-유체/499/category/24/display/1/
멕시칸 하프앤하프,더쥬 송파점,네이버,2026-06-02,35000,35000,0,,,품절,https://smartstore.naver.com/tzblossom/products/10302835676
멕시칸 하프앤하프,타란센터,자사몰,2026-06-02,35000,35000,0,,,품절,https://tarancenter.com/product/멕시칸-하프앤-하프-빅토리-유체-psalmopoeus-victori/1036/category/51/display/1/
멕시칸 하프앤하프,타란센터,자사몰,2026-06-02,35000,35000,0,,,품절,https://tarancenter.com/product/멕시칸-하프앤하프-유체-ex빅토리-psalmopoeus-victori/1256/category/51/display/1/
멕시칸 하프앤하프,타란센터,자사몰,2026-06-02,90000,90000,0,,,품절,https://tarancenter.com/product/멕시칸-하프하프-빅토리-8cm-암컷-psalmopoeus-victori/1005/category/51/display/1/
멕시칸 하프앤하프,타란센터,자사몰,2026-06-02,50000,50000,0,,,품절,https://tarancenter.com/product/멕시칸-하프하프빅토리-유체-psalmopoeus-victori/603/category/51/display/1/
멕시칸블랙벨벳 타란튤라 애완거미,타란센터,네이버,2026-06-02,15000,15000,0,,,품절,https://smartstore.naver.com/tarancenter/products/10824874888
멕시칸하프앤하프 빅토리 타란튤라,타란센터,네이버,2026-06-02,35000,35000,0,,,품절,https://smartstore.naver.com/tarancenter/products/11176224727
멘도사,타란툴라코리아,자사몰,2026-06-02,80000,80000,0,,,재고,https://tarantulakorea.com/product/멘도사-유체/688/category/24/display/1/
모잠비크 혼드 바분,타란툴라코리아,네이버,2026-06-02,8000,8000,0,,,재고,https://smartstore.naver.com/tarantulakorea/products/10621700674
모잠비크 혼드바분,거미랑,자사몰,2026-06-02,20000,20000,0,,,품절,https://theraphosidae.co.kr/product/모잠비크-혼드바분-유체/1483/category/24/display/1/
모잠비크 혼드바분,거미랑,자사몰,2026-06-02,25000,25000,0,,,품절,https://theraphosidae.co.kr/product/모잠비크-혼드바분-유체대/1608/category/24/display/1/
모잠비크 혼드바분,타란센터,네이버,2026-06-02,80000,80000,0,,,품절,https://smartstore.naver.com/tarancenter/products/13486501370
모잠비크 혼드바분,타란센터,자사몰,2026-06-02,80000,80000,0,,,품절,https://tarancenter.com/product/모잠비크-혼드바분-암컷-성체-ceratogyrus-sp-mozambique/1531/category/51/display/1/
모잠비크 혼드바분,타란센터,자사몰,2026-06-02,10000,10000,0,,,품절,https://tarancenter.com/product/모잠비크-혼드바분-유체-ceratogyrus-sp-mozambique/781/category/51/display/1/
모잠비크 혼드바분,타란툴라코리아,자사몰,2026-06-02,8000,8000,0,,,재고,https://tarantulakorea.com/product/모잠비크-혼드바분-유체/365/category/66/display/1/
미 아칸 레드럼프,거미랑,네이버,2026-06-02,32000,32000,0,,,재고,https://smartstore.naver.com/terrafactory/products/13443081364
미 아칸 레드럼프,거미랑,자사몰,2026-06-02,32000,32000,0,,,재고,https://theraphosidae.co.kr/product/미초아칸-레드럼프-ex탄제리-유체/1818/category/24/display/1/
미 아칸 레드럼프,타란센터,네이버,2026-06-02,25000,25000,0,,,품절,https://smartstore.naver.com/tarancenter/products/10793303556
미 아칸 레드럼프,타란센터,자사몰,2026-06-02,25000,25000,0,,,품절,https://tarancenter.com/product/미초아칸-레드럼프-유체-bonnetina-tanzeri/1087/category/51/display/1/
미 아칸 레드럼프,타란툴라코리아,네이버,2026-06-02,25000,25000,0,,,재고,https://smartstore.naver.com/tarantulakorea/products/10611965073
미들 이스트 블랙 이집트,거미랑,자사몰,2026-06-02,18000,18000,0,,,품절,https://theraphosidae.co.kr/product/미들-이스트-블랙-이집트-유체/1842/category/24/display/1/
미들 이스트 블랙 이집트,타란센터,자사몰,2026-06-02,18000,18000,0,,,품절,https://tarancenter.com/product/미들-이스트-블랙-이집트-유체-chaetopelma-cf-olivaceum-egypt/1144/category/51/display/1/
미들이스트 블랙 이집트,타란센터,네이버,2026-06-02,18000,18000,0,,,품절,https://smartstore.naver.com/tarancenter/products/11217448495
미들이스트 블랙 이집트,타란툴라코리아,네이버,2026-06-02,18000,18000,0,,,재고,https://smartstore.naver.com/tarantulakorea/products/13457312140
미들이스트 블랙 이집트,타란툴라코리아,자사몰,2026-06-02,18000,18000,0,,,재고,https://tarantulakorea.com/product/미들이스트-블랙-이집트-유체/663/category/24/display/1/
미들이스트 블랙 이집트,타란툴라코리아,자사몰,2026-06-02,18000,18000,0,,,재고,https://tarantulakorea.com/product/미들이스트-블랙-이집트-유체/663/category/66/display/1/
민다나오 타이거 센트럴,거미랑,자사몰,2026-06-02,100000,100000,0,,,품절,https://theraphosidae.co.kr/product/민다나오-타이거-센트럴-유체/1212/category/24/display/1/
민다나오 타이거 센트럴,거미랑,자사몰,2026-06-02,35000,35000,0,,,품절,https://theraphosidae.co.kr/product/민다나오-타이거-센트럴-유체/1800/category/24/display/1/
민다나오 타이거 센트럴,거미랑,자사몰,2026-06-02,130000,130000,0,,,품절,https://theraphosidae.co.kr/product/민다나오-타이거-센트럴-유체대/1315/category/24/display/1/
민다나오 타이거 센트럴,타란센터,자사몰,2026-06-02,80000,80000,0,,,품절,https://tarancenter.com/product/민다나오-센트럴-타이거-수리가오-유체-ornithoctoninae-sp-mindanao-central/629/category/51/display/1/
민다나오 타이거 센트럴,타란툴라코리아,자사몰,2026-06-02,60000,60000,0,,,재고,https://tarantulakorea.com/product/민다나오-센트럴-타이거-유체/626/category/67/display/1/
민다나오 타이거 센트럴,타란툴라코리아,자사몰,2026-06-02,60000,60000,0,,,재고,https://tarantulakorea.com/product/민다나오-센트럴-타이거-유체/626/category/67/display/2/
민다나오 타이거 오리엔탈,거미랑,자사몰,2026-06-02,35000,35000,0,,,품절,https://theraphosidae.co.kr/product/민다나오-타이거-오리엔탈-유체/1368/category/24/display/1/
민다나오 타이거 오리엔탈,타란센터,네이버,2026-06-02,35000,35000,0,,,품절,https://smartstore.naver.com/tarancenter/products/12022667822
민다나오 타이거 오리엔탈,타란센터,자사몰,2026-06-02,35000,35000,0,,,품절,https://tarancenter.com/product/민다나오-타이거-오리엔탈-유체-ornithoctoninae-sp-mindanao-oriental/1295/category/51/display/1/
민다니오 센트럴 타이거,타란툴라코리아,네이버,2026-06-02,60000,60000,0,,,재고,https://smartstore.naver.com/tarantulakorea/products/10613696776
민다니오 타이거 DDO 학명 Ornithoctoninae sp. Davao de oro 습성 나무위성 수명 약 10~20년 사육온도 25~27도 사육습도 60~80% 사이즈 성장 속도 매우 빠름 민다나오 섬에서 발견되는 교목성 어스 타이거 입니다. 임시 학명으로 Ornithoctoninae sp. Davao de oro 사용하고 있으며,타란툴라코리아,네이버,2026-06-02,35000,35000,0,,,품절,https://smartstore.naver.com/tarantulakorea/products/10593250969
민다니오 타이거 오리엔탈,타란툴라코리아,네이버,2026-06-02,35000,35000,0,,,품절,https://smartstore.naver.com/tarantulakorea/products/12064372720
바비아나 바분,타란툴라코리아,네이버,2026-06-02,35000,35000,0,,,재고,https://smartstore.naver.com/tarantulakorea/products/12025908637
바비아나바분,타란툴라코리아,자사몰,2026-06-02,35000,35000,0,,,재고,https://tarantulakorea.com/product/바비아나바분-유체/422/category/66/display/1/
바츠마 타이거,타란툴라코리아,자사몰,2026-06-02,20000,20000,0,,,재고,https://tarantulakorea.com/product/바츠마-타이거-유체/103/category/66/display/1/
바칸타이거,거미랑,자사몰,2026-06-02,80000,80000,0,,,품절,https://theraphosidae.co.kr/product/바칸-타이거-준성체9cm-암컷/1813/category/24/display/1/
바칸타이거,타란툴라코리아,자사몰,2026-06-02,40000,40000,0,,,재고,https://tarantulakorea.com/product/바칸타이거-유체/384/category/66/display/1/
바크마 어스타이거,거미랑,자사몰,2026-06-02,60000,60000,0,,,품절,https://theraphosidae.co.kr/product/바크마-타이거-14-15cm-암컷/138/category/24/display/1/
바크마 어스타이거,거미랑,자사몰,2026-06-02,60000,60000,0,,,품절,https://theraphosidae.co.kr/product/바크마-타이거-15cm-암컷/1426/category/24/display/1/
바크마 어스타이거,거미랑,자사몰,2026-06-02,20000,20000,0,,,품절,https://theraphosidae.co.kr/product/바크마-타이거-dcf-유체/1672/category/24/display/1/
바크마 어스타이거,거미랑,자사몰,2026-06-02,15000,15000,0,,,재고,https://theraphosidae.co.kr/product/바크마-타이거-유체/1673/category/24/display/1/
바크마 어스타이거,거미랑,자사몰,2026-06-02,28000,28000,0,,,품절,https://theraphosidae.co.kr/product/바크마-타이거-유체/56/category/24/display/1/
바크마 어스타이거,거미랑,자사몰,2026-06-02,28000,28000,0,,,품절,https://theraphosidae.co.kr/product/바크마-타이거-유체대아성체-밝은-형태의-개체군/976/category/24/display/1/
바크마 어스타이거,더쥬 송파점,네이버,2026-06-02,10000,10000,0,,,재고,https://smartstore.naver.com/tzblossom/products/10177976106
바크마 어스타이거,더쥬 송파점,네이버,2026-06-02,5000,5000,0,,,재고,https://smartstore.naver.com/tzblossom/products/9728827910
바크마 어스타이거,타란센터,네이버,2026-06-02,15000,15000,0,,,재고,https://smartstore.naver.com/tarancenter/products/11887430936
바크마 어스타이거,타란센터,네이버,2026-06-02,60000,60000,0,,,품절,https://smartstore.naver.com/tarancenter/products/13446710485
바크마 어스타이거,타란센터,자사몰,2026-06-02,40000,40000,0,,,품절,https://tarancenter.com/product/바크마-어스-타이거-유체-cyriopagopus-sp-bach-ma/611/category/51/display/1/
바크마 어스타이거,타란센터,자사몰,2026-06-02,60000,60000,0,,,품절,https://tarancenter.com/product/바크마-어스타이거-아성체-암수-한쌍-cyriopagopus-sp-bach-ma/1522/category/51/display/1/
바크마 어스타이거,타란센터,자사몰,2026-06-02,15000,15000,0,,,재고,https://tarancenter.com/product/바크마-어스타이거-유체-cyriopagopus-sp-bach-ma/901/category/51/display/1/
바크마 어스타이거,타란툴라코리아,네이버,2026-05-31,10000,15000,1,"10,000 → 15,000",2026-06-01,재고,https://smartstore.naver.com/tarantulakorea/products/10625747366
바히아 스칼렛,거미랑,자사몰,2026-06-02,15000,15000,0,,,품절,https://theraphosidae.co.kr/product/바히아-스칼렛-아성체/82/category/24/display/1/
바히아 스칼렛,타란툴라코리아,자사몰,2026-06-02,4000,4000,0,,,재고,https://tarantulakorea.com/product/바히아-스칼렛-유체/127/category/24/display/1/
바히아 스칼렛 버드이터,거미랑,네이버,2026-06-02,2500,2500,0,,,품절,https://smartstore.naver.com/terrafactory/products/5806846483
바히아 스칼렛 버드이터,거미랑,자사몰,2026-06-02,3000,3000,0,,,품절,https://theraphosidae.co.kr/product/바히아-스칼렛-버드이터-유체/1213/category/24/display/1/
바히아 스칼렛 버드이터,더쥬 송파점,네이버,2026-06-02,4000,4000,0,,,재고,https://smartstore.naver.com/tzblossom/products/10322969799
바히아 스칼렛 버드이터,타란센터,자사몰,2026-06-02,20000,20000,0,,,품절,https://tarancenter.com/product/바히아-스칼렛-버드이터-수컷-수완한방전-lasiodora-klugi/1055/category/51/display/1/
바히아 스칼렛 버드이터,타란센터,자사몰,2026-06-02,50000,50000,0,,,품절,https://tarancenter.com/product/바히아-스칼렛-버드이터-암컷-12cm-lasiodora-klugi/1432/category/51/display/1/
바히아 스칼렛 버드이터,타란센터,자사몰,2026-06-02,4000,4000,0,,,재고,https://tarancenter.com/product/바히아-스칼렛-버드이터-유체-옵션-크기선택-lasiodora-klugi/446/category/51/display/1/
바히아 스칼렛 버드이터,타란툴라코리아,네이버,2026-06-02,4000,4000,0,,,재고,https://smartstore.naver.com/tarantulakorea/products/10537202828
바히아 퍼플레드,거미랑,자사몰,2026-06-02,38000,38000,0,,,재고,https://theraphosidae.co.kr/product/바히아-퍼플레드-ex조로데스-유체/1361/category/24/display/1/
바히아 퍼플레드,거미랑,자사몰,2026-06-02,30000,30000,0,,,품절,https://theraphosidae.co.kr/product/바히아-퍼플레드-유체/626/category/24/display/1/
바히아 퍼플레드,타란툴라코리아,네이버,2026-05-31,25000,38000,1,"25,000 → 38,000",2026-06-01,재고,https://smartstore.naver.com/tarantulakorea/products/13396817243
바히아 퍼플레드,타란툴라코리아,자사몰,2026-06-02,38000,38000,0,,,재고,https://tarantulakorea.com/product/바히아-퍼플레드-유체/746/category/67/display/1/
바히아 퍼플레드,타란툴라코리아,자사몰,2026-06-02,38000,38000,0,,,재고,https://tarantulakorea.com/product/바히아-퍼플레드-유체/746/category/67/display/2/
바히아스칼렛 버드이터 애완거미 타란튤라,타란센터,네이버,2026-06-02,4000,4000,0,,,재고,https://smartstore.naver.com/tarancenter/products/10986134442
발파라이소 자이언트 브론즈,거미랑,자사몰,2026-06-02,96000,96000,0,,,재고,https://theraphosidae.co.kr/product/발파라이소-자이언트-브론즈-유체/2015/category/24/display/1/
발파라이소 자이언트 브론즈,타란툴라코리아,네이버,2026-06-02,96000,96000,0,,,재고,https://smartstore.naver.com/tarantulakorea/products/13476611202
발파라이소 자이언트 브론즈,타란툴라코리아,자사몰,2026-06-02,96000,96000,0,,,재고,https://tarantulakorea.com/product/발파라이소-자이언트-브론즈-유체/748/category/24/display/1/
발파라이소 자이언트 브론즈,타란툴라코리아,자사몰,2026-06-02,96000,96000,0,,,재고,https://tarantulakorea.com/product/발파라이소-자이언트-브론즈-유체/748/category/24/display/2/
발할라 어스타이거,거미랑,네이버,2026-05-31,32000,35000,1,"32,000 → 35,000",2026-06-01,재고,https://smartstore.naver.com/terrafactory/products/12430210626
발할라 어스타이거,거미랑,자사몰,2026-06-02,35000,35000,0,,,재고,https://theraphosidae.co.kr/product/발할라-타이거-유체/1618/category/24/display/1/
발할라 어스타이거,더쥬 송파점,네이버,2026-06-02,35000,35000,0,,,재고,https://smartstore.naver.com/tzblossom/products/12965133674
발할라 어스타이거,타란센터,네이버,2026-06-02,50000,50000,2,"50,000 → 35,000 → 50,000",2026-06-06,재고,https://smartstore.naver.com/tarancenter/products/13036660209
발할라 어스타이거,타란센터,자사몰,2026-06-02,65000,65000,0,,,품절,https://tarancenter.com/product/발할라-어스-타이거-유체-omothymus-sp-valhalla/1446/category/51/display/1/
발할라 어스타이거,타란센터,자사몰,2026-06-02,135000,135000,0,,,품절,https://tarancenter.com/product/발할라-어스-타이거-유체-omothymus-sp-valhalla/913/category/51/display/1/
발할라 어스타이거,타란센터,자사몰,2026-06-02,50000,35000,1,"50,000 → 35,000",2026-06-02,재고,https://tarancenter.com/product/발할라-어스타이거-유체-omothymus-sp-valhalla/1554/category/51/display/1/
발할라 어스타이거,타란툴라코리아,네이버,2026-06-02,65000,65000,0,,,재고,https://smartstore.naver.com/tarantulakorea/products/12241807402
발할라 어스타이거,타란툴라코리아,자사몰,2026-06-02,65000,65000,0,,,재고,https://tarantulakorea.com/product/발할라-타이거-유체/504/category/67/display/1/
버간디 골리앗,타란툴라코리아,자사몰,2026-06-02,90000,90000,0,,,품절,https://tarantulakorea.com/product/버간디-골리앗-유체-재입고-예정/323/category/24/display/1/
버건디 골리앗 버드이터,거미랑,네이버,2026-06-02,80000,80000,0,,,품절,https://smartstore.naver.com/terrafactory/products/5230213640
버건디 골리앗 버드이터,거미랑,자사몰,2026-06-02,200000,200000,0,,,품절,https://theraphosidae.co.kr/product/버건디-골리앗-버드이터-6-7cm-한쌍/1438/category/24/display/1/
버건디 골리앗 버드이터,거미랑,자사몰,2026-06-02,240000,240000,0,,,품절,https://theraphosidae.co.kr/product/버건디-골리앗-버드이터-9cm-한쌍/1092/category/24/display/1/
버건디 골리앗 버드이터,거미랑,자사몰,2026-06-02,80000,80000,0,,,품절,https://theraphosidae.co.kr/product/버건디-골리앗-버드이터-유체-1탈피-유체-재입/1239/category/24/display/1/
버건디 골리앗 버드이터,거미랑,자사몰,2026-06-02,85000,85000,0,,,품절,https://theraphosidae.co.kr/product/버건디-골리앗-버드이터-유체대/806/category/24/display/1/
버건디 골리앗 버드이터,더쥬 송파점,네이버,2026-06-02,80000,80000,0,,,품절,https://smartstore.naver.com/tzblossom/products/10752554838
버건디 골리앗 버드이터,타란센터,네이버,2026-06-02,70000,70000,0,,,품절,https://smartstore.naver.com/tarancenter/products/10752058109
버건디 골리앗 버드이터,타란센터,자사몰,2026-06-02,70000,70000,0,,,품절,https://tarancenter.com/product/버건디-골리앗-버드이터-유체-theraphosa-stirmi/1105/category/51/display/1/
버마 코 브라운,타란툴라코리아,자사몰,2026-06-02,9000,9000,0,,,재고,https://tarantulakorea.com/product/버마초코-브라운-유체/270/category/24/display/1/
버마 코 블랙,타란센터,네이버,2026-06-02,8000,8000,0,,,품절,https://smartstore.naver.com/tarancenter/products/10169246938
버마 코 블랙,타란센터,자사몰,2026-06-02,8000,8000,0,,,품절,https://tarancenter.com/product/버마초코-블랙-유체-chilobrachys-dyscolus-black/1013/category/51/display/1/
버마 코 블랙,타란툴라코리아,네이버,2026-06-02,9000,9000,0,,,재고,https://smartstore.naver.com/tarantulakorea/products/10556872170
버미즈브라운,더쥬 송파점,네이버,2026-06-02,5000,5000,0,,,품절,https://smartstore.naver.com/tzblossom/products/8764132894
버미즈브라운,타란센터,네이버,2026-06-02,70000,70000,0,,,품절,https://smartstore.naver.com/tarancenter/products/13506957787
버미즈브라운,타란센터,자사몰,2026-06-02,30000,30000,0,,,품절,https://tarancenter.com/product/버미즈브라운-7cm-아성체-암컷-chilobrachys-andersoni/1250/category/51/display/1/
버미즈브라운,타란센터,자사몰,2026-06-02,70000,70000,0,,,품절,https://tarancenter.com/product/버미즈브라운-암컷-성체급-15cm-chilobrachys-andersoni/1544/category/51/display/1/
버미즈브라운,타란센터,자사몰,2026-06-02,10000,10000,0,,,재고,https://tarancenter.com/product/버미즈브라운-유체-대-chilobrachys-andersoni/614/category/51/display/1/
버미즈브라운,타란툴라코리아,자사몰,2026-06-02,10000,10000,0,,,재고,https://tarantulakorea.com/product/버미즈브라운-유체/92/category/24/display/1/
버미즈블랙,거미랑,자사몰,2026-06-02,60000,60000,0,,,품절,https://theraphosidae.co.kr/product/버미즈-블랙-12cm-암컷-부절복구-개체/1423/category/24/display/1/
버미즈블랙,거미랑,자사몰,2026-06-02,30000,30000,0,,,품절,https://theraphosidae.co.kr/product/버미즈-블랙-유체/1100/category/24/display/1/
버미즈블랙,거미랑,자사몰,2026-06-02,15000,15000,0,,,품절,https://theraphosidae.co.kr/product/버미즈-블랙-유체/153/category/24/display/1/
버미즈블랙,타란센터,자사몰,2026-06-02,60000,60000,0,,,품절,https://tarancenter.com/product/버미즈블랙-7cm-암컷-아성체-ornithoctonus-aureotibialis/1176/category/51/display/1/
버미즈블랙,타란센터,자사몰,2026-06-02,70000,70000,0,,,품절,https://tarancenter.com/product/버미즈블랙-아성체-한쌍-ornithoctonus-aureotibialis-fair/778/category/51/display/1/
버미즈블랙,타란툴라코리아,네이버,2026-06-02,15000,15000,0,,,품절,https://smartstore.naver.com/tarantulakorea/products/10622093387
버미즈블랙 타이골든 프린지드,타란툴라코리아,네이버,2026-06-02,15000,15000,0,,,재고,https://smartstore.naver.com/tarantulakorea/products/13476597999
버미즈블랙 타이골든 프린지드,타란툴라코리아,자사몰,2026-06-02,15000,15000,0,,,재고,https://tarantulakorea.com/product/버미즈블랙-타이골든-프린지드-유체/272/category/66/display/1/
베네수엘라 썬 타이거,거미랑,자사몰,2026-06-02,12000,12000,0,,,품절,https://theraphosidae.co.kr/product/베네수엘라-썬-타이거-유체/728/category/24/display/1/
베네수엘라 썬타이거,거미랑,자사몰,2026-06-02,10000,10000,0,,,품절,https://theraphosidae.co.kr/product/베네수엘라-썬타이거-스파이더-링/689/category/24/display/1/
베네수엘라 썬타이거,거미랑,자사몰,2026-06-02,15000,15000,0,,,품절,https://theraphosidae.co.kr/product/베네수엘라-썬타이거-유체/995/category/24/display/1/
베네수엘라 썬타이거,더쥬 송파점,네이버,2026-06-02,10000,10000,0,,,품절,https://smartstore.naver.com/tzblossom/products/9344132586
베네수엘라 썬타이거,타란센터,네이버,2026-06-03,60000,60000,0,,,품절,https://smartstore.naver.com/tarancenter/products/13621752710
베네수엘라 썬타이거,타란센터,자사몰,2026-06-02,15000,15000,0,,,품절,https://tarancenter.com/product/베네주엘라-썬타이거-유체-psalmopoeus-irminia/666/category/51/display/1/
베네수엘라 썬타이거,타란센터,자사몰,2026-06-02,20000,20000,0,,,재고,https://tarancenter.com/product/베네주엘라-썬타이거-유체-대-psalmopoeus-irminia/968/category/51/display/1/
베네수엘라 썬타이거,타란센터,자사몰,2026-06-03,60000,60000,0,,,품절,https://tarancenter.com/product/썬타이거-암컷-준성체-초-10cm-psalmopoeus-irminia/1574/category/51/display/1/
베네수엘라 썬타이거,타란툴라코리아,네이버,2026-06-02,10000,10000,0,,,재고,https://smartstore.naver.com/tarantulakorea/products/10588148898
베네수엘라 썬타이거,타란툴라코리아,자사몰,2026-06-02,10000,10000,0,,,재고,https://tarantulakorea.com/product/썬타이거-유체/115/category/67/display/1/
베네수엘라 핑크토,타란센터,자사몰,2026-06-02,20000,20000,0,,,품절,https://tarancenter.com/product/베네수엘라-핑크토-유체-avicularia-sp-venezuela/898/category/51/display/1/
베네수엘라 핑크토,타란툴라코리아,네이버,2026-06-02,25000,25000,0,,,품절,https://smartstore.naver.com/tarantulakorea/products/12692579193
베로니카,거미랑,자사몰,2026-06-02,18000,18000,0,,,재고,https://theraphosidae.co.kr/product/베로니카-타이거-유체/1984/category/24/display/1/
베로니카,거미랑,자사몰,2026-06-02,60000,60000,0,,,품절,https://theraphosidae.co.kr/product/오르니톡토니나이-spec-베로니카-준성체암컷/1782/category/24/display/1/
베로니카,더쥬 송파점,네이버,2026-06-02,9000,9000,0,,,품절,https://smartstore.naver.com/tzblossom/products/11624237456
베로니카,타란센터,자사몰,2026-06-02,90000,90000,0,,,재고,https://tarancenter.com/product/베로니카-타이거-드워프-암컷-준성체성체-ornithoctoninae-sp-veronica-dwarf/650/category/51/display/1/
베로니카,타란센터,자사몰,2026-06-02,25000,25000,0,,,품절,https://tarancenter.com/product/베로니카-타이거-드워프-유체-ornithoctoninae-sp-veronica-dwarf/861/category/51/display/1/
베로니카,타란툴라코리아,네이버,2026-06-02,90000,90000,0,,,품절,https://smartstore.naver.com/tarantulakorea/products/11729445760
베로니카,타란툴라코리아,네이버,2026-06-02,28000,28000,0,,,재고,https://smartstore.naver.com/tarantulakorea/products/11915850310
베로니카,타란툴라코리아,네이버,2026-06-02,26000,26000,0,,,재고,https://smartstore.naver.com/tarantulakorea/products/12332522811
베로니카,타란툴라코리아,자사몰,2026-06-02,26000,26000,0,,,재고,https://tarantulakorea.com/product/베로니카-드워프-유체/406/category/66/display/1/
베로니카,타란툴라코리아,자사몰,2026-06-02,28000,28000,0,,,재고,https://tarantulakorea.com/product/베로니카-타이거/694/category/66/display/1/
베트남 골든 스트라이프,타란센터,네이버,2026-06-02,20000,20000,0,,,재고,https://smartstore.naver.com/tarancenter/products/12601981539
베트남 골든 스트라이프,타란센터,자사몰,2026-06-02,30000,30000,0,,,품절,https://tarancenter.com/product/베트남-골든-스트라이프-아성체-selenocosmia-kovariki/515/category/51/display/1/
베트남 골든 스트라이프,타란센터,자사몰,2026-06-02,20000,20000,0,,,재고,https://tarancenter.com/product/베트남-골든-스트라이프-유체-selenocosmia-kovariki/1380/category/51/display/1/
베트남 바칸 타이거,타란툴라코리아,네이버,2026-06-02,40000,40000,0,,,재고,https://smartstore.naver.com/tarantulakorea/products/10662445014
베트남 비리디스,타란툴라코리아,네이버,2026-06-02,40000,40000,0,,,재고,https://smartstore.naver.com/tarantulakorea/products/11868191570
베트남 실버 학명 Ornithoctoninae spec. Vietnam Silver 습성 버로우성 수명 약 10년 사육온도 23~27도 사육습도 60~70% 사이즈 성장 속도 빠름 베트남에서 서식하는 버로우성 타란툴라 입니다. 바디색이 실버 컬러이며 피머 에 금색 털이 특징이며 비교적 신종 입니다. 분양되는 사이즈는 급 입니다. ● 추가사진,타란툴라코리아,네이버,2026-06-02,20000,20000,0,,,재고,https://smartstore.naver.com/tarantulakorea/products/10629209175
베트남 어스타이거,거미랑,자사몰,2026-06-02,15000,15000,0,,,재고,https://theraphosidae.co.kr/product/베트남-어스타이거-ex베지타-유체/2017/category/24/display/1/
베트남 어스타이거,거미랑,자사몰,2026-06-02,50000,50000,0,,,재고,https://theraphosidae.co.kr/product/베트남-어스타이거-준성체-1215cm-암컷/1398/category/24/display/1/
베트남 어스타이거,타란툴라코리아,네이버,2026-06-02,15000,15000,0,,,재고,https://smartstore.naver.com/tarantulakorea/products/13256715261
베트남 하이랜드 학명 Ornithoctoninae sp. Vietnam highland 습성 버로우성 수명 약 10~15년 사육온도 23~27도 사육습도 60~80% 사이즈,타란툴라코리아,네이버,2026-06-02,25000,25000,0,,,재고,https://smartstore.naver.com/tarantulakorea/products/10633660592
베트남블루,거미랑,네이버,2026-06-02,3500,3500,0,,,재고,https://smartstore.naver.com/terrafactory/products/13443065661
베트남블루,거미랑,자사몰,2026-06-02,4000,4000,0,,,재고,https://theraphosidae.co.kr/product/베트남-블루-유체/1985/category/24/display/1/
베트남블루,더쥬 송파점,네이버,2026-06-02,45000,45000,0,,,재고,https://smartstore.naver.com/tzblossom/products/13288774193
베트남블루,더쥬 송파점,네이버,2026-06-02,4000,4000,0,,,품절,https://smartstore.naver.com/tzblossom/products/8771241962
베트남블루,타란센터,자사몰,2026-06-02,45000,45000,0,,,품절,https://tarancenter.com/product/베트남블루-준성체성체급-암컷-chilobrachys-sp-vietnam-blue/1458/category/51/display/1/
베트남실버,거미랑,네이버,2026-06-02,10000,10000,0,,,재고,https://smartstore.naver.com/terrafactory/products/6585057133
베트남실버,거미랑,자사몰,2026-06-02,200000,200000,0,,,품절,https://theraphosidae.co.kr/product/베트남-실버-12-14cm암컷/1373/category/24/display/1/
베트남실버,거미랑,자사몰,2026-06-02,12000,12000,0,,,품절,https://theraphosidae.co.kr/product/베트남-실버-유체/1346/category/24/display/1/
베트남실버,거미랑,자사몰,2026-06-02,95000,95000,0,,,품절,https://theraphosidae.co.kr/product/베트남-실버-준성체암컷/1459/category/24/display/1/
베트남실버,더쥬 송파점,네이버,2026-06-02,80000,80000,0,,,품절,https://smartstore.naver.com/tzblossom/products/13288777623
베트남실버,더쥬 송파점,네이버,2026-06-02,15000,15000,0,,,재고,https://smartstore.naver.com/tzblossom/products/8801314792
베트남실버,타란센터,자사몰,2026-06-02,50000,50000,0,,,품절,https://tarancenter.com/product/베트남-실버-6cm-암컷-아성체-ornithoctoninae-sp-vietnam-silver/1080/category/51/display/1/
베트남실버,타란센터,자사몰,2026-06-02,70000,70000,0,,,품절,https://tarancenter.com/product/베트남-실버-7cm-아성체-한쌍-ornithoctoninae-sp-vietnam-silver/1062/category/51/display/1/
베트남실버,타란센터,자사몰,2026-06-02,70000,70000,0,,,품절,https://tarancenter.com/product/베트남-실버-암컷-85cm-ornithoctoninae-sp-vietnam-silver/1244/category/51/display/1/
베트남실버,타란센터,자사몰,2026-06-02,20000,20000,0,,,재고,https://tarancenter.com/product/베트남-실버-유체-대-ornithoctoninae-sp-vietnam-silver/1273/category/51/display/1/
베트남실버,타란센터,자사몰,2026-06-02,10000,10000,0,,,품절,https://tarancenter.com/product/베트남-실버-유체-크기-옵션선택-ornithoctoninae-sp-vietnam-silver/877/category/51/display/1/
베트남실버,타란센터,자사몰,2026-06-02,60000,60000,0,,,품절,https://tarancenter.com/product/베트남실버-암컷-8cm-ornithoctoninae-sp-vietnam-silver/1152/category/51/display/1/
베트남실버,타란툴라코리아,자사몰,2026-06-02,10000,10000,0,,,재고,https://tarantulakorea.com/product/특가-베트남실버-유체/387/category/66/display/1/
베트남어스타이거 베지타,타란툴라코리아,자사몰,2026-06-02,15000,15000,0,,,재고,https://tarantulakorea.com/product/베트남어스타이거-베지타-유체/742/category/66/display/1/
베트남어스타이거 베지타,타란툴라코리아,자사몰,2026-06-02,15000,15000,0,,,재고,https://tarantulakorea.com/product/베트남어스타이거-베지타-유체/742/category/66/display/2/
베트남하이랜드,거미랑,네이버,2026-06-02,12000,12000,0,,,재고,https://smartstore.naver.com/terrafactory/products/13408249707
베트남하이랜드,거미랑,자사몰,2026-06-02,95000,95000,0,,,품절,https://theraphosidae.co.kr/product/베트남-하이랜드-1214cm-암컷/268/category/24/display/1/
베트남하이랜드,거미랑,자사몰,2026-06-02,15000,15000,0,,,재고,https://theraphosidae.co.kr/product/베트남-하이랜드-유체/1787/category/24/display/1/
베트남하이랜드,더쥬 송파점,네이버,2026-06-02,15000,15000,0,,,재고,https://smartstore.naver.com/tzblossom/products/10177978829
베트남하이랜드,타란센터,자사몰,2026-06-02,25000,25000,0,,,재고,https://tarancenter.com/product/베트남하이랜드-유체-ornithoctoninae-sp-vietnam-highland/1025/category/51/display/1/
베트남하이랜드,타란툴라코리아,자사몰,2026-06-02,25000,25000,0,,,재고,https://tarantulakorea.com/product/베트남-하이랜드-유체/629/category/66/display/1/
벤둘라 타이거,거미랑,자사몰,2026-06-02,25000,25000,0,,,품절,https://theraphosidae.co.kr/product/벤둘라-타이거-유체/1821/category/24/display/1/
벤듈라 어스 타이거,타란센터,자사몰,2026-06-02,25000,25000,0,,,재고,https://tarancenter.com/product/벤듈라-어스-타이거-유체-ornithoctoninae-sp-vendula/1084/category/51/display/1/
벤듈라 어스 타이거 ~ 암수,타란센터,자사몰,2026-06-02,80000,80000,0,,,품절,https://tarancenter.com/product/벤듈라-어스-타이거-유체-대아성체소-암수한쌍-ornithoctoninae-sp-vendula/621/category/51/display/1/
벤듈라 타이거,거미랑,자사몰,2026-06-02,55000,55000,0,,,품절,https://theraphosidae.co.kr/product/벤듈라-타이거-8cm-암수선택/1710/category/24/display/1/
벤듈라 타이거,거미랑,자사몰,2026-06-02,30000,30000,0,,,품절,https://theraphosidae.co.kr/product/벤듈라-타이거-스파이더-링/205/category/24/display/1/
벤듈라 타이거,거미랑,자사몰,2026-06-02,50000,50000,0,,,품절,https://theraphosidae.co.kr/product/벤듈라-타이거-유체/1074/category/24/display/1/
벤듈라 타이거,거미랑,자사몰,2026-06-02,15000,15000,0,,,재고,https://theraphosidae.co.kr/product/벤듈라-타이거-유체/1322/category/24/display/1/
벤듈라 타이거,거미랑,자사몰,2026-06-02,95000,95000,0,,,품절,https://theraphosidae.co.kr/product/벤듈라-타이거-준성체1215cm-암컷/1712/category/24/display/1/
벤듈라 타이거,거미랑,자사몰,2026-06-02,150000,150000,0,,,품절,https://theraphosidae.co.kr/product/벤듈라-타이거-준성체암/55/category/24/display/1/
벤듈라 타이거,타란센터,네이버,2026-06-02,25000,25000,0,,,재고,https://smartstore.naver.com/tarancenter/products/10958084903
벤듈라 타이거,타란툴라코리아,네이버,2026-06-02,25000,25000,0,,,재고,https://smartstore.naver.com/tarantulakorea/products/10635313669
벤듈라 타이거,타란툴라코리아,자사몰,2026-06-02,25000,25000,0,,,재고,https://tarantulakorea.com/product/벤듈라-타이거-유체/251/category/66/display/1/
벨루티나 핑크토,타란센터,자사몰,2026-06-02,80000,80000,0,,,품절,https://tarancenter.com/product/벨루티나-핑크토-유체-대-avicularia-velutina/668/category/51/display/1/
벵갈 스폿티드 오너멘탈,거미랑,자사몰,2026-06-02,18000,18000,0,,,품절,https://theraphosidae.co.kr/product/벵갈-스폿티드-오너멘탈-스파2단계/73/category/24/display/1/
벵갈 스폿티드 오너멘탈,거미랑,자사몰,2026-06-02,30000,30000,0,,,품절,https://theraphosidae.co.kr/product/벵갈-스폿티드-오너멘탈-유체/1112/category/24/display/1/
벵갈 오너멘탈,타란툴라코리아,네이버,2026-06-02,45000,45000,0,,,품절,https://smartstore.naver.com/tarantulakorea/products/10598523754
보네티나 탄제리,타란툴라코리아,자사몰,2026-06-02,25000,25000,0,,,재고,https://tarantulakorea.com/product/보네티나-탄제리-유체/618/category/24/display/1/
보네티아 루돌피,타란툴라코리아,네이버,2026-06-02,50000,50000,0,,,재고,https://smartstore.naver.com/tarantulakorea/products/10572740569
보르네오 네온블루 비루페스,타란툴라코리아,네이버,2026-06-02,28000,28000,0,,,재고,https://smartstore.naver.com/tarantulakorea/products/10640702614
보르네오 네온블루 비루페스,타란툴라코리아,자사몰,2026-06-02,28000,28000,0,,,재고,https://tarantulakorea.com/product/보르네오-네온블루-ex비루페스/337/category/66/display/1/
보르네오 네온블루렉,거미랑,네이버,2026-06-02,85000,85000,0,,,재고,https://smartstore.naver.com/terrafactory/products/13089687912
보르네오 네온블루렉,거미랑,자사몰,2026-06-02,280000,280000,0,,,품절,https://theraphosidae.co.kr/product/보르네오-네온-블루렉-준성체한쌍/1174/category/24/display/1/
보르네오 네온블루렉,거미랑,자사몰,2026-06-02,85000,85000,0,,,재고,https://theraphosidae.co.kr/product/보르네오-네온블루렉-준성체812cm성별선택/1173/category/24/display/1/
보르네오 네온블루렉,더쥬 송파점,네이버,2026-06-02,85000,85000,0,,,재고,https://smartstore.naver.com/tzblossom/products/9344158684
보르네오 네온블루렉,타란센터,자사몰,2026-06-02,28000,28000,0,,,품절,https://tarancenter.com/product/보르네오-네온-블루렉-유체-birupes-simoroxigorum/1086/category/51/display/1/
보르네오 네온블루렉,타란센터,자사몰,2026-06-02,35000,35000,0,,,품절,https://tarancenter.com/product/보르네오-네온-블루렉-유체-birupes-simoroxigorum/630/category/51/display/1/
보르네오 네온블루렉,타란센터,자사몰,2026-06-02,100000,100000,0,,,재고,https://tarancenter.com/product/보르네오-네온블루렉-ex비루페스-준성체-암컷-10cm-birupes-simoroxigorum/1564/category/51/display/1/
보르네오 네온블루렉 비루페스 타란튤라,타란센터,네이버,2026-06-02,100000,100000,0,,,재고,https://smartstore.naver.com/tarancenter/products/13536190756
보르네오 블랙,거미랑,네이버,2026-06-02,4500,4500,0,,,재고,https://smartstore.naver.com/terrafactory/products/5757613936
보르네오 블랙,거미랑,자사몰,2026-06-02,12000,12000,0,,,품절,https://theraphosidae.co.kr/product/보르네오-블랙-아성체6-7cm/1536/category/24/display/1/
보르네오 블랙,거미랑,자사몰,2026-06-02,12000,12000,0,,,재고,https://theraphosidae.co.kr/product/보르네오-블랙-유체/1550/category/24/display/1/
보르네오 블랙,거미랑,자사몰,2026-06-02,125000,125000,0,,,재고,https://theraphosidae.co.kr/product/보르네오-블랙-준성체1216cm암컷-0325-재입고-되었습니다/1983/category/24/display/1/
보르네오 블랙,타란센터,자사몰,2026-06-02,70000,70000,0,,,품절,https://tarancenter.com/product/보르네오-블랙-1011cm-암컷-준성체-초-phormingochilus-arboricola/930/category/51/display/1/
보르네오 블랙,타란센터,자사몰,2026-06-02,90000,90000,0,,,재고,https://tarancenter.com/product/보르네오-블랙-암컷-준성체-11cm-phormingochilus-arboricola/1540/category/51/display/1/
보르네오 블랙,타란툴라코리아,네이버,2026-05-31,7000,10000,1,"7,000 → 10,000",2026-06-01,재고,https://smartstore.naver.com/tarantulakorea/products/10584503368
보르네오 블랙,타란툴라코리아,자사몰,2026-06-02,10000,10000,0,,,재고,https://tarantulakorea.com/product/보르네오-블랙-유체/111/category/67/display/1/
보르네오네온블루렉 비루페스 타란튤라 애완거미,타란센터,네이버,2026-06-02,28000,28000,0,,,품절,https://smartstore.naver.com/tarancenter/products/10775400717
보르네오블랙 어스타이거,타란센터,네이버,2026-06-02,90000,90000,0,,,재고,https://smartstore.naver.com/tarancenter/products/13495436624
보르네오블랙 어스타이거,타란센터,자사몰,2026-06-02,10000,10000,0,,,품절,https://tarancenter.com/product/보르네오-블랙-어스타이거-유체-phormingochilus-arboricola/714/category/51/display/1/
보르네오블랙 어스타이거,타란센터,자사몰,2026-06-02,20000,20000,0,,,재고,https://tarancenter.com/product/보르네오-블랙-어스타이거-유체-대-phormingochilus-arboricola/1302/category/51/display/1/
보르네오블랙 어스타이거,타란센터,자사몰,2026-06-02,40000,40000,0,,,품절,https://tarancenter.com/product/보르네오-블랙-어스타이거-유체대-phormingochilus-arboricola/631/category/51/display/1/
보아비스타 핑크토,타란툴라코리아,네이버,2026-06-02,35000,35000,0,,,재고,https://smartstore.naver.com/tarantulakorea/products/10594721029
보아비스타 핑크토,타란툴라코리아,자사몰,2026-06-02,35000,35000,0,,,재고,https://tarantulakorea.com/product/보아비스타-핑크토-유체/523/category/67/display/1/
본네티나 Sp. 카멜라,거미랑,자사몰,2026-06-02,40000,40000,0,,,품절,https://theraphosidae.co.kr/product/본네티나-spec-카멜라-스파이더-링/794/category/24/display/1/
본네티나 Sp. 카멜라,거미랑,자사몰,2026-06-02,30000,30000,0,,,품절,https://theraphosidae.co.kr/product/본네티나-spec-카멜라-유체/1748/category/24/display/1/
본네티나 Sp. 카멜라,거미랑,자사몰,2026-06-02,40000,40000,0,,,품절,https://theraphosidae.co.kr/product/본네티나-spec-카멜라-유체/805/category/24/display/1/
본네티나 Sp. 카멜라,타란센터,자사몰,2026-06-02,30000,30000,0,,,품절,https://tarancenter.com/product/본네티나-sp-카멜라-유체-bonnetina-sp-chamela/1016/category/51/display/1/
본네티나 파파루틀렌시스,거미랑,자사몰,2026-06-02,40000,40000,0,,,품절,https://theraphosidae.co.kr/product/본네티나-파파루틀렌시스-유체중대-한마리-남았습니다/833/category/24/display/1/
볼리비안 드워프뷰티 페레즈마일시 학명 Cyriocosmus perezmilesi 습성 배회성 수명 약 10년 +,타란툴라코리아,네이버,2026-06-02,35000,35000,0,,,품절,https://smartstore.naver.com/tarantulakorea/products/11115137428
볼리비안 스틸리블루,거미랑,자사몰,2026-06-02,75000,75000,0,,,품절,https://theraphosidae.co.kr/product/볼리비안-스틸리블루-빅-블랙-스파이더-링-일반택배-불가/1367/category/24/display/1/
볼리비안 스틸리블루,타란센터,네이버,2026-06-02,65000,65000,0,,,품절,https://smartstore.naver.com/tarancenter/products/10981450897
볼리비안 스틸리블루,타란센터,네이버,2026-06-02,60000,60000,0,,,품절,https://smartstore.naver.com/tarancenter/products/13036723994
볼리비안 스틸리블루,타란센터,자사몰,2026-06-02,170000,170000,0,,,품절,https://tarancenter.com/product/볼리비안-스틸리-블루-빅블랙-12cm-암컷-pamphobeteus-cf-antinous-big-black-female/1102/category/51/display/1/
볼리비안 스틸리블루,타란센터,자사몰,2026-06-02,60000,60000,0,,,품절,https://tarancenter.com/product/볼리비안-스틸리-블루-빅블랙-유체-pamphobeteus-cf-antinous-big-black/1443/category/51/display/1/
볼리비안 스틸리블루,타란센터,자사몰,2026-06-02,75000,75000,0,,,품절,https://tarancenter.com/product/볼리비안-스틸리-블루-빅블랙-유체-pamphobeteus-cf-antinous-big-black/922/category/51/display/1/
볼리비안 스틸리블루,타란센터,자사몰,2026-06-02,65000,65000,0,,,품절,https://tarancenter.com/product/볼리비안-스틸리블루-유리마구아스-유체-pamphobeteus-cf-antinous-yurimaguas/1128/category/51/display/1/
볼리비안 스틸리블루,타란툴라코리아,네이버,2026-06-02,65000,65000,0,,,품절,https://smartstore.naver.com/tarantulakorea/products/10578099205
볼리비안 스틸리블루,타란툴라코리아,네이버,2026-06-02,60000,60000,0,,,품절,https://smartstore.naver.com/tarantulakorea/products/10578166387
볼리비안 스틸리블루,타란툴라코리아,네이버,2026-06-02,60000,60000,0,,,품절,https://smartstore.naver.com/tarantulakorea/products/12516029517
볼리비안 핑크,더쥬 송파점,네이버,2026-06-02,35000,35000,0,,,재고,https://smartstore.naver.com/tzblossom/products/11476503196
볼리비안 핑크,타란센터,자사몰,2026-06-02,35000,35000,0,,,재고,https://tarancenter.com/product/볼리비안-핑크-ex-차코나-유체-acanthoscurria-chacoana/1200/category/51/display/1/
볼리비안 핑크,타란툴라코리아,네이버,2026-06-02,35000,35000,0,,,재고,https://smartstore.naver.com/tarantulakorea/products/11457183114
볼리비안 핑크 버드이터,거미랑,네이버,2026-06-02,32000,32000,0,,,재고,https://smartstore.naver.com/terrafactory/products/11375408470
볼리비안 핑크 차코나,타란툴라코리아,자사몰,2026-06-02,35000,35000,0,,,재고,https://tarantulakorea.com/product/볼리비안-핑크차코나-유체/676/category/24/display/1/
볼리비안 핑크(ex.카코아나,거미랑,자사몰,2026-06-02,35000,35000,0,,,재고,https://theraphosidae.co.kr/product/볼리비안-핑크ex카코아나차코나-유체/1867/category/24/display/1/
볼리비안핑크 차코나 배회성타란튤라,타란센터,네이버,2026-06-02,35000,35000,0,,,재고,https://smartstore.naver.com/tarancenter/products/11823038489
부톤 타이거,거미랑,자사몰,2026-06-02,18000,18000,0,,,재고,https://theraphosidae.co.kr/product/부톤-타이거-ex차콜-타이거-유체/1949/category/24/display/1/
부톤 타이거,더쥬 송파점,네이버,2026-06-02,15000,15000,0,,,재고,https://smartstore.naver.com/tzblossom/products/9728633393
부톤 타이거,타란센터,자사몰,2026-06-02,15000,15000,0,,,재고,https://tarancenter.com/product/부톤-어스타이거-유체-lampropelma-sp-buton/1197/category/51/display/1/
부톤 타이거,타란툴라코리아,네이버,2026-06-02,20000,20000,0,,,재고,https://smartstore.naver.com/tarantulakorea/products/10776096872
부톤어스타이거 타란튤라,타란센터,네이버,2026-06-02,15000,15000,0,,,재고,https://smartstore.naver.com/tarancenter/products/11471905952
분양 인 Bonnetina Sp. Chamela Bonnetina Sp. Chamela 시 모습 사진출처 - Google image 개체설명 커먼네임 - 본네티나 Sp. 카멜라,타란센터,네이버,2026-06-02,30000,30000,0,,,품절,https://smartstore.naver.com/tarancenter/products/10169260272
분양 인 Chilobrachys Sp. South thailand BLUE 암수 * 사이즈 - * * 사이즈 * 개체설명 커먼네임 - 킬로브라쉬스 Sp. 사우스타일랜드 <Blue> 학명 - Chilobrachys Sp. South thailand <BLUE> 시 크기 - 성장속도 - 빠름 습성 - 배회성,타란센터,네이버,2026-06-02,120000,120000,0,,,재고,https://smartstore.naver.com/tarancenter/products/13441312412
분양 인 도미니카 스틸리블루 애완거미 도미니카 스틸리블루는 형종 타란튤라로 배회성 성향을 띄며 좋은먹성과 빠른성장속도로 인해 입문자에게 안성맞춤인 타란튤라 입니다. 흔히 배회성 성향을 띄는 타란튤라들에게서 보이는 털날림 이 없어 알러지 걱정없이 사육하실수있는 타란튤라입니다. 시 록색 피머 와 전체적으로 은은한 연둣빛은 매니아들의 눈을 사로잡는 아주 인기있는 타란튤라 입니다. 시 크기 - 18~ 사육 적정 온도 - 25~28도 사육 적정 습도 - 60~70% 먹이 급여 주기 - 2~3일에 한번 귀뚜라,타란센터,네이버,2026-06-02,25000,25000,0,,,품절,https://smartstore.naver.com/tarancenter/products/8643334812
분양 인 블루팽 타란튤라 실 모습 블루팽은 이름에서 나타나듯이 파란색의 이빨을 가지고있는것이 특징입니다. 아주작은 때부터 파란색의 이빨발색이 돋보이며 까지 엉덩이는 에메랄드빛을 띄는 아주아름답고 레어한 타란튤라 입니다. 시에는 발색이 조금 빠지지만 다리에 노란색 밴드무늬가 있는것이 또다른 특징으로 나타납니다. ​ 사육난이도 - 상 분양개체크기 - 1~ 내외 시 크기 - 내외 사육적정온도 - 22~25도 (겨울철 실내 기본온도에 사람이 춥다고 느낄정도면 전기방석을 이용하여 온도를 조절해주세요.,타란센터,네이버,2026-06-02,35000,35000,0,,,품절,https://smartstore.naver.com/tarancenter/products/6829934181
분양 인 싱가폴블루 타란튤라 실제모습 싱가폴블루는 아시아에 서식하는 타란튤라 형으로 커지는 타란튤라로서 나무옹이에 서식하는 타란튤라 입니다. 전체적인 파란색 발색을 띄고있으며 움직임이 빠르며 형종 타란튤라답게 탈피를 할때마다 상당히 빠른 성장세를 보이는것이 특징입니다. 은 파란색 발색을 띄며 은 전부 성장하였을때 갈색의 발색을 띕니다. ​ 사육난이도 - 분양개체크기 - 내외 시 크기 - 내외 사육적정온도 - 22~29도 (겨울철 실내 기본온도에 사람이 춥다고 느낄정도면 전기방석을 이용하,타란센터,네이버,2026-06-02,25000,25000,0,,,품절,https://smartstore.naver.com/tarancenter/products/6830021843
분양 인 아시안포레스트 3탈피+ 아시안 포레스트는 태국,타란센터,네이버,2026-06-02,12000,12000,0,,,품절,https://smartstore.naver.com/tarancenter/products/8273992579
분양 인 아크카야 어스타이거 타란튤라 애완거미 실모습 아크카야 어스타이거 시 모습 성향 - 나무위성 성격 - 사나움 성장속도 - 빠름 사육난이도 - 시 크기 - 20~ 개체설명 포밍고킬루스 악짜야 는 인도네시아의 보르네오 섬 서부에 위치한 킬리만탄 바랏 주를 서식한다고 알려져 있는 교목성 어스타이거입니다. 흔히 아크카야 라는 관용명으로 유통되고 있지만 원어 발음은 악짜야 에 가까우며,타란센터,네이버,2026-06-02,25000,25000,0,,,재고,https://smartstore.naver.com/tarancenter/products/12391477515
분양 인 자이언트 블론디 의 실모습 입니다. 분양되는 사이즈는 4~ 급입니다. 자이언트 블론디는 최 크기 까지 자라는 형종 타란튤라로서 시 모습이 오랑우탄의 모습과 많이 닮은것이 특징입니다. 붉은털과 더불어 큰 체구에서 뿜어져나오는 포스를 느껴 보실수 있습니다. 입문자기준 해당개체에 한 입문종 여부 - 입문적절함 분양개체크기 - 내외 시 크기 - 내외 사육적정온도 - 22~29도 사육적정습도 - 6,타란센터,네이버,2026-06-02,20000,20000,0,,,품절,https://smartstore.naver.com/tarancenter/products/6822280304
분양 인 자이언트골덴니 소사이즈,타란센터,네이버,2026-06-02,15000,15000,0,,,품절,https://smartstore.naver.com/tarancenter/products/6113949633
분양 인 콜럼비안자이언트 레드렉,타란센터,네이버,2026-06-02,150000,150000,0,,,재고,https://smartstore.naver.com/tarancenter/products/13486484600
분양 인 크세네스티스 Sp. 블루 시 모습 커먼네임 - 크세네스티스 Sp. 블루,타란센터,네이버,2026-06-02,140000,140000,0,,,품절,https://smartstore.naver.com/tarancenter/products/10567307930
분양 인 크세네스티스 인테르메디아 (인터메디아,타란센터,네이버,2026-06-02,300000,300000,0,,,품절,https://smartstore.naver.com/tarancenter/products/8570772150
분양 인 트리니다드 쉐브론 실 모습 나무에 서식하는 나무위성 종으로서 움직임부터 성장속도까지 모든것이 빠른 종 입니다. 시 전체적으로 록색바디와 발의 주황색무늬가 특징입니다. 입문자기준 해당개체에 한 입문종 여부 - 입문부적절 분양개체크기 - 내외 시 크기 - 내외 사육적정온도 - 22~29도 사육적정습도 - 60~65% (바닥재가 수분을 머금고 촉촉함을 유지하고 있다면 사육장내의 습도의 숫자에는 큰 신경을,타란센터,네이버,2026-06-02,20000,20000,0,,,재고,https://smartstore.naver.com/tarancenter/products/6829903721
분양 인 포르밍고킬루스 펜넬헤울레티 타란튤라 애완거미 펜넬헤울레티 시 모습,타란센터,네이버,2026-06-02,95000,95000,0,,,품절,https://smartstore.naver.com/tarancenter/products/10775299047
브라예리 바분,타란툴라코리아,네이버,2026-06-02,55000,55000,0,,,재고,https://smartstore.naver.com/tarantulakorea/products/10734547490
브라예리 바분,타란툴라코리아,자사몰,2026-06-02,55000,55000,0,,,재고,https://tarantulakorea.com/product/브라예리-바분/638/category/66/display/1/
브라질리안 드워프 브론즈,타란센터,자사몰,2026-06-02,10000,10000,0,,,품절,https://tarancenter.com/product/브라질리안-드워프-브론즈-유체-dolichothele-exilis/1196/category/51/display/1/
브라질리안 드워프 브론즈,타란센터,자사몰,2026-06-02,15000,15000,0,,,품절,https://tarancenter.com/product/브라질리안-드워프-브론즈-유체-대-dolichothele-exilis/478/category/51/display/1/
브라질리안 드워프 핑크렉,타란툴라코리아,네이버,2026-06-02,20000,20000,0,,,재고,https://smartstore.naver.com/tarantulakorea/products/10556067295
브라질리안 드워프뷰티,거미랑,네이버,2026-06-02,55000,55000,0,,,품절,https://smartstore.naver.com/terrafactory/products/5932729686
브라질리안 드워프뷰티,거미랑,자사몰,2026-06-02,35000,35000,0,,,품절,https://theraphosidae.co.kr/product/브라질리안-드워프뷰티-유체/813/category/24/display/1/
브라질리안 드워프뷰티,더쥬 송파점,네이버,2026-06-02,40000,40000,0,,,품절,https://smartstore.naver.com/tzblossom/products/9728549118
브라질리안 드워프뷰티,타란센터,자사몰,2026-06-02,45000,45000,0,,,품절,https://tarancenter.com/product/브라질리안-드워프-뷰티-유체-dolichothele-diamantinensis/975/category/51/display/1/
브라질리안 드워프뷰티,타란툴라코리아,네이버,2026-06-02,35000,35000,0,,,품절,https://smartstore.naver.com/tarantulakorea/products/10644879811
브라질리안 레드,거미랑,자사몰,2026-06-02,95000,95000,0,,,품절,https://theraphosidae.co.kr/product/브라질리안-레드-7cm암컷/1242/category/24/display/1/
브라질리안 레드,거미랑,자사몰,2026-06-02,40000,40000,0,,,품절,https://theraphosidae.co.kr/product/브라질리안-레드-유체대/1223/category/24/display/1/
브라질리안 레드 학명 Nhandu carapoensis 습성 배회성 수명 약 15~20년 사육온도 24~27도 사육습도 60~70% 사이즈 성장 속도 보통 난두에서도 브리딩 난이도가 높고 분양 가격이 높은 종 입니다. 난두과에서는 먹성이 가장 좋다고 평가하며 다리가 짧고 귀여운 체형을 가졌습니다. 분양되는 사이즈는 급 급 입니다. ● 추가사진,타란툴라코리아,네이버,2026-06-02,30000,30000,0,,,재고,https://smartstore.naver.com/tarantulakorea/products/10566877461
브라질리안 레드헤드,거미랑,자사몰,2026-06-02,150000,150000,0,,,품절,https://theraphosidae.co.kr/product/브라질리안-레드헤드-4cm한쌍/1129/category/24/display/1/
브라질리안 레드헤드,거미랑,자사몰,2026-06-02,18000,18000,0,,,품절,https://theraphosidae.co.kr/product/브라질리안-레드헤드-ex-봄바-호리다-유체/1224/category/24/display/1/
브라질리안 레드헤드,거미랑,자사몰,2026-06-02,20000,20000,0,,,품절,https://theraphosidae.co.kr/product/브라질리안-레드헤드-유체/242/category/24/display/1/
브라질리안 레드헤드,거미랑,자사몰,2026-06-02,85000,85000,0,,,품절,https://theraphosidae.co.kr/product/브라질리안-레드헤드-준성체암컷/2013/category/24/display/1/
브라질리안 레드헤드,거미랑,자사몰,2026-06-02,45000,45000,0,,,품절,https://theraphosidae.co.kr/product/브라질리안-레드헤드ex봄바-호리다-유체대/1297/category/24/display/1/
브라질리안 레드헤드,타란센터,자사몰,2026-06-02,50000,50000,0,,,품절,https://tarancenter.com/product/브라질리안-레드헤드-10cm-암컷-성체-bumba-horrida/1061/category/51/display/1/
브라질리안 레드헤드 붐바 붐바호리다,타란툴라코리아,네이버,2026-06-02,15000,15000,0,,,재고,https://smartstore.naver.com/tarantulakorea/products/10622085737
브라질리안 블랙,거미랑,자사몰,2026-06-02,40000,40000,0,,,품절,https://theraphosidae.co.kr/product/브라질리안-블랙-유체/1366/category/24/display/1/
브라질리안 블랙,거미랑,자사몰,2026-06-02,50000,50000,0,,,품절,https://theraphosidae.co.kr/product/브라질리안-블랙-유체/1775/category/24/display/1/
브라질리안 블랙,거미랑,자사몰,2026-06-02,65000,65000,0,,,품절,https://theraphosidae.co.kr/product/브라질리안-블랙-유체대/1584/category/24/display/1/
브라질리안 블랙,더쥬 송파점,네이버,2026-06-02,65000,65000,0,,,재고,https://smartstore.naver.com/tzblossom/products/10105506910
브라질리안 블랙,타란센터,네이버,2026-06-02,65000,65000,0,,,재고,https://smartstore.naver.com/tarancenter/products/10169345279
브라질리안 블랙,타란센터,자사몰,2026-06-02,250000,250000,0,,,품절,https://tarancenter.com/product/브라질리안-블랙-10cm-암컷-grammostola-pulchra/886/category/51/display/1/
브라질리안 블랙,타란센터,자사몰,2026-06-02,300000,300000,0,,,품절,https://tarancenter.com/product/브라질리안-블랙-12cm-암컷-grammostola-pulchra/887/category/51/display/1/
브라질리안 블랙,타란센터,자사몰,2026-06-02,90000,90000,0,,,품절,https://tarancenter.com/product/브라질리안-블랙-4cm-암컷-아성체-소-grammostola-pulchra/1182/category/51/display/1/
브라질리안 블랙,타란센터,자사몰,2026-06-02,30000,30000,0,,,품절,https://tarancenter.com/product/브라질리안-블랙-5cm-수컷-아성체-grammostola-pulchra/1170/category/51/display/1/
브라질리안 블랙,타란센터,자사몰,2026-06-02,120000,120000,0,,,품절,https://tarancenter.com/product/브라질리안-블랙-9cm-암컷-grammostola-pulchra/1009/category/51/display/1/
브라질리안 블랙,타란센터,자사몰,2026-06-02,50000,50000,0,,,품절,https://tarancenter.com/product/브라질리안-블랙-유체-grammostola-pulchra/1019/category/51/display/1/
브라질리안 블랙,타란센터,자사몰,2026-06-02,55000,55000,0,,,품절,https://tarancenter.com/product/브라질리안-블랙-유체-grammostola-pulchra/1212/category/51/display/1/
브라질리안 블랙,타란센터,자사몰,2026-06-02,65000,65000,0,,,재고,https://tarancenter.com/product/브라질리안-블랙-유체-grammostola-pulchra/1476/category/51/display/1/
브라질리안 블랙,타란센터,자사몰,2026-06-02,50000,50000,0,,,품절,https://tarancenter.com/product/브라질리안-블랙-유체-grammostola-pulchra/857/category/51/display/1/
브라질리안 블랙,타란센터,자사몰,2026-06-02,250000,250000,0,,,품절,https://tarancenter.com/product/브라질리안-블랙-준성체-암수-한쌍-암컷14cm수컷-7cm-grammostola-pulchra/1533/category/51/display/1/
브라질리안 블랙,타란툴라코리아,자사몰,2026-06-02,65000,65000,0,,,재고,https://tarantulakorea.com/product/브라질리안-블랙-브블-유체/477/category/24/display/1/
브라질리안 블랙 앤 화이트,타란툴라코리아,네이버,2026-06-02,15000,15000,0,,,재고,https://smartstore.naver.com/tarantulakorea/products/10556975718
브라질리안 블랙 앤 화이트,타란툴라코리아,자사몰,2026-06-02,15000,15000,0,,,재고,https://tarantulakorea.com/product/브라질리안-블랙-앤-화이트-유체/233/category/24/display/1/
브라질리안 블랙&화이트,거미랑,자사몰,2026-06-02,12000,12000,0,,,품절,https://theraphosidae.co.kr/product/브라질리안-블랙화이트-유체/1829/category/24/display/1/
브라질리안 블랙앤화이트,타란센터,자사몰,2026-06-02,23000,23000,0,,,품절,https://tarancenter.com/product/브라질리안-블랙앤화이트-유체대-nhandu-coloratovillosus/393/category/51/display/1/
브라질리안 블루,거미랑,네이버,2026-06-02,5000,5000,0,,,품절,https://smartstore.naver.com/terrafactory/products/5225271041
브라질리안 블루,거미랑,자사몰,2026-06-02,25000,25000,0,,,품절,https://theraphosidae.co.kr/product/2차-재입고-브라질리안-블루-유체3탈피/842/category/24/display/1/
브라질리안 블루,거미랑,자사몰,2026-06-02,15000,15000,0,,,품절,https://theraphosidae.co.kr/product/브라질리안-블루-유체/1088/category/24/display/1/
브라질리안 블루,타란센터,자사몰,2026-06-02,35000,35000,0,,,품절,https://tarancenter.com/product/브라질리안-블루-6cm-암컷-준성체-초-lasiocyano-sazimai/1095/category/51/display/1/
브라질리안 블루,타란센터,자사몰,2026-06-02,70000,70000,0,,,품절,https://tarancenter.com/product/브라질리안-블루-사지마이-11cm-암컷-성체-초-lasiocyano-sazimai/1056/category/51/display/1/
브라질리안 블루,타란센터,자사몰,2026-06-02,5000,5000,0,,,품절,https://tarancenter.com/product/브라질리안-블루-유체-크기-옵션선택-lasiocyano-sazimai/374/category/51/display/1/
브라질리안 블루,타란툴라코리아,네이버,2026-06-02,8000,8000,0,,,재고,https://smartstore.naver.com/tarantulakorea/products/10555354379
브라질리안 블루&그린 핑크토,거미랑,자사몰,2026-06-02,30000,30000,0,,,품절,https://theraphosidae.co.kr/product/브라질리안-블루그린-핑크토-유체/527/category/24/display/1/
브라질리안 옐로우밴디드 핑크토,거미랑,네이버,2026-06-02,35000,35000,0,,,품절,https://smartstore.naver.com/terrafactory/products/7547192979
브라질리안 옐로우밴디드 핑크토,거미랑,자사몰,2026-06-02,65000,65000,0,,,품절,https://theraphosidae.co.kr/product/브라질리안-옐로우-밴디드-핑크토-브라질-유체/1497/category/24/display/1/
브라질리안 옐로우밴디드 핑크토,거미랑,자사몰,2026-06-02,50000,50000,0,,,품절,https://theraphosidae.co.kr/product/브라질리안-옐로우-밴디드-핑크토-유체/536/category/24/display/1/
브라질리안 옐로우밴디드 핑크토,거미랑,자사몰,2026-06-02,35000,35000,0,,,품절,https://theraphosidae.co.kr/product/브라질리안-옐로우-밴디드-핑크토-페루-유체/1498/category/24/display/1/
브라질리안 옐로우밴디드 핑크토,타란센터,네이버,2026-06-02,35000,35000,0,,,품절,https://smartstore.naver.com/tarancenter/products/10568957576
브라질리안 옐로우밴디드 핑크토,타란센터,자사몰,2026-06-02,35000,35000,0,,,품절,https://tarancenter.com/product/브라질리안-옐로우-밴디드-핑크토-페루-유체-avicularia-rufa/1083/category/51/display/1/
브라질리안 옐로우밴디드 핑크토,타란센터,자사몰,2026-06-02,45000,45000,0,,,품절,https://tarancenter.com/product/브라질리안-옐로우-밴디드-핑크토페루-avicularia-rufa-peru/982/category/51/display/1/
브라질리안 옐로우밴디드 핑크토,타란센터,자사몰,2026-06-02,55000,55000,0,,,품절,https://tarancenter.com/product/브라질리안-옐로우밴디드-핑크토-유체-avicularia-rufa/916/category/51/display/1/
브라질리안 옐로우밴디드 핑크토,타란툴라코리아,네이버,2026-06-02,34000,34000,0,,,품절,https://smartstore.naver.com/tarantulakorea/products/10596170720
브라질리안 자이언트 블랙,거미랑,자사몰,2026-06-02,20000,20000,0,,,품절,https://theraphosidae.co.kr/product/브라질리안-자이언트-블랙-유체/265/category/24/display/1/
브라질리안 쥬얼,거미랑,자사몰,2026-06-02,120000,120000,0,,,품절,https://theraphosidae.co.kr/product/브라질리안-쥬얼-유체/1206/category/24/display/1/
브라질리안 쥬얼,거미랑,자사몰,2026-06-02,480000,480000,0,,,품절,https://theraphosidae.co.kr/product/브라질리안-쥬얼-준성체암컷/1592/category/24/display/1/
브라질리안 쥬얼,더쥬 송파점,네이버,2026-06-02,140000,140000,0,,,재고,https://smartstore.naver.com/tzblossom/products/9728537248
브라질리안 쥬얼,타란센터,자사몰,2026-06-02,140000,140000,0,,,품절,https://tarancenter.com/product/브라질리안-쥬얼-유체-typhochlaena-seladonia/1474/category/51/display/1/
브라질리안 쥬얼,타란센터,자사몰,2026-06-02,120000,120000,0,,,품절,https://tarancenter.com/product/브라질리안-쥬얼-유체-typhochlaena-seladonia/845/category/51/display/1/
브라질리안 쥬얼,타란툴라코리아,네이버,2026-06-02,140000,140000,0,,,재고,https://smartstore.naver.com/tarantulakorea/products/10607823647
브라질리안 쥬얼,타란툴라코리아,자사몰,2026-06-02,140000,140000,0,,,재고,https://tarantulakorea.com/product/브라질리안-쥬얼-유체/436/category/67/display/1/
브라질리안 쥬얼 보석거미 타란튤라,타란센터,네이버,2026-06-02,140000,140000,0,,,품절,https://smartstore.naver.com/tarancenter/products/13232232484
브라질리안 카뎃 블루,타란센터,자사몰,2026-06-02,55000,55000,0,,,품절,https://tarancenter.com/product/브라질리안-카뎃-블루-유체-pachistopelma-bromelicola/741/category/51/display/1/
브라질리안 카뎃 블루,타란센터,자사몰,2026-06-02,55000,55000,0,,,품절,https://tarancenter.com/product/브라질리안-카뎃-블루-유체-pachistopelma-bromelicola/912/category/51/display/1/
브라질리안 카뎃 블루,타란툴라코리아,네이버,2026-06-02,55000,55000,0,,,품절,https://smartstore.naver.com/tarantulakorea/products/12711380857
브라질리안레드,타란툴라코리아,자사몰,2026-06-02,30000,30000,0,,,재고,https://tarantulakorea.com/product/브라질리안레드-유체/414/category/24/display/1/
브라질리안레드헤드 붐바,타란툴라코리아,자사몰,2026-06-02,15000,15000,0,,,재고,https://tarantulakorea.com/product/브라질리안레드헤드붐바-유체/411/category/66/display/1/
브라질리언 드워프 블루,거미랑,자사몰,2026-06-02,45000,45000,0,,,품절,https://theraphosidae.co.kr/product/브라질리언-드워프-블루-유체/253/category/24/display/1/
브릭레드 핑크토,타란센터,자사몰,2026-06-02,45000,45000,0,,,품절,https://tarancenter.com/product/브릭레드-핑크토-ex비케고이-유체-avicularia-bicegoi-ecuador/1201/category/51/display/1/
브릭레드 핑크토,타란센터,자사몰,2026-06-02,85000,85000,0,,,품절,https://tarancenter.com/product/브릭레드-핑크토-유체-대-avicularia-bicegoi-ecuador-ex비케고이/815/category/51/display/1/
브릭레드 핑크토,타란툴라코리아,네이버,2026-06-02,45000,45000,0,,,품절,https://smartstore.naver.com/tarantulakorea/products/10596637179
블랙 스트라이프 핑크토,타란센터,네이버,2026-06-02,125000,125000,0,,,품절,https://smartstore.naver.com/tarancenter/products/10981433652
블랙 스트라이프 핑크토,타란센터,자사몰,2026-06-02,125000,125000,0,,,품절,https://tarancenter.com/product/블랙-스트라이프-핑크토-ex히르스키-avicularia-hirschii/1127/category/51/display/1/
블랙어스타이거,거미랑,네이버,2026-06-02,32000,32000,0,,,재고,https://smartstore.naver.com/terrafactory/products/10705136490
블랙어스타이거,거미랑,자사몰,2026-06-02,15000,15000,0,,,품절,https://theraphosidae.co.kr/product/블랙-어스타이거-스파이더-링/278/category/24/display/1/
블랙어스타이거,거미랑,자사몰,2026-06-02,20000,20000,0,,,품절,https://theraphosidae.co.kr/product/블랙-어스타이거-유체/220/category/24/display/1/
블랙어스타이거,거미랑,자사몰,2026-06-02,120000,120000,0,,,품절,https://theraphosidae.co.kr/product/블랙-어스타이거-준성체암/163/category/24/display/1/
블랙어스타이거,거미랑,자사몰,2026-06-02,35000,35000,0,,,재고,https://theraphosidae.co.kr/product/블랙-어스타이거-하이난-유체/298/category/24/display/1/
블랙어스타이거,거미랑,자사몰,2026-06-02,160000,160000,0,,,재고,https://theraphosidae.co.kr/product/블랙-어스타이거-하이난-준성체암컷/1650/category/24/display/1/
블랙어스타이거,더쥬 송파점,네이버,2026-06-02,30000,30000,0,,,재고,https://smartstore.naver.com/tzblossom/products/8801289934
블랙어스타이거,타란센터,네이버,2026-06-02,45000,45000,0,,,재고,https://smartstore.naver.com/tarancenter/products/11029377561
블랙어스타이거,타란센터,자사몰,2026-06-02,80000,80000,0,,,품절,https://tarancenter.com/product/블랙어스타이거-9cm-암컷-준성체-초-cyriopagopus-hainanum/1174/category/51/display/1/
블랙어스타이거,타란센터,자사몰,2026-06-02,25000,25000,0,,,재고,https://tarancenter.com/product/블랙어스타이거-블지타-유체-melopoeus-hainanum/1289/category/51/display/1/
블랙어스타이거,타란센터,자사몰,2026-06-02,45000,45000,0,,,재고,https://tarancenter.com/product/블랙어스타이거-하이난-유체-cyriopagopus-hainanum-hainan/1050/category/51/display/1/
블랙어스타이거,타란툴라코리아,네이버,2026-06-02,30000,30000,0,,,재고,https://smartstore.naver.com/tarantulakorea/products/10640779943
블랙어스타이거,타란툴라코리아,자사몰,2026-06-02,30000,30000,0,,,재고,https://tarantulakorea.com/product/블랙어스타이거-블지타-하이난-유체/342/category/66/display/1/
블랙어스타이거 블지타 타란튤라,타란센터,네이버,2026-06-02,25000,25000,0,,,재고,https://smartstore.naver.com/tarancenter/products/12022633404
블랙피머 퓨리,타란툴라코리아,네이버,2026-06-02,25000,25000,0,,,재고,https://smartstore.naver.com/tarantulakorea/products/13322858431
블론디 골리앗,타란툴라코리아,자사몰,2026-06-02,95000,95000,0,,,재고,https://tarantulakorea.com/product/블론디-골리앗-유체/392/category/24/display/1/
블론디 골리앗 4~5탈피 암수,타란센터,네이버,2026-06-02,180000,180000,0,,,품절,https://smartstore.naver.com/tarancenter/products/10569020199
블론디 골리앗 4~5탈피 암수,타란센터,자사몰,2026-06-02,180000,180000,0,,,품절,https://tarancenter.com/product/블론디-골리앗-45탈피-아성체-암수-한쌍-theraphosa-blondi/1078/category/51/display/1/
블론디 골리앗 4~5탈피 암수,타란센터,자사몰,2026-06-02,85000,85000,0,,,품절,https://tarancenter.com/product/블론디-골리앗-버드이터-3탈피-유체대-theraphosa-blondi/978/category/51/display/1/
블론디 골리앗 버드이터,거미랑,네이버,2026-06-02,95000,95000,0,,,품절,https://smartstore.naver.com/terrafactory/products/12853605610
블론디 골리앗 버드이터,거미랑,자사몰,2026-06-02,520000,520000,0,,,품절,https://theraphosidae.co.kr/product/블론디-골리앗-버드이터-12cm-암컷/1292/category/24/display/1/
블론디 골리앗 버드이터,거미랑,자사몰,2026-06-02,175000,175000,0,,,품절,https://theraphosidae.co.kr/product/블론디-골리앗-버드이터-6cm-암컷/1437/category/24/display/1/
블론디 골리앗 버드이터,거미랑,자사몰,2026-06-02,95000,95000,0,,,품절,https://theraphosidae.co.kr/product/블론디-골리앗-버드이터-유체/1669/category/24/display/1/
블론디 골리앗 버드이터,거미랑,자사몰,2026-06-02,75000,75000,0,,,품절,https://theraphosidae.co.kr/product/블론디-골리앗-버드이터-유체/548/category/24/display/1/
블루 제브라,더쥬 송파점,네이버,2026-06-02,25000,25000,0,,,재고,https://smartstore.naver.com/tzblossom/products/8801202841
블루 풋 바분,거미랑,자사몰,2026-06-02,22000,22000,0,,,품절,https://theraphosidae.co.kr/product/블루-풋-바분-유체/252/category/24/display/1/
블루그린 핑크토,타란툴라코리아,네이버,2026-06-02,55000,55000,0,,,품절,https://smartstore.naver.com/tarantulakorea/products/12064240019
블루보틀,타란툴라코리아,자사몰,2026-06-02,45000,45000,0,,,재고,https://tarantulakorea.com/product/블루보틀-유체/409/category/24/display/1/
블루제브라 니카라과,타란툴라코리아,자사몰,2026-06-02,25000,25000,0,,,재고,https://tarantulakorea.com/product/블루제브라-니카라과-유체/452/category/24/display/1/
블루팽,더쥬 송파점,네이버,2026-06-02,40000,40000,0,,,품절,https://smartstore.naver.com/tzblossom/products/11699254324
블루팽,타란센터,자사몰,2026-06-02,35000,35000,0,,,품절,https://tarancenter.com/product/블루팽-유체-ephebopus-cyanognathus/1213/category/51/display/1/
블루팽,타란센터,자사몰,2026-06-02,50000,50000,0,,,품절,https://tarancenter.com/product/블루팽-유체-대-ephebopus-cyanognathus/637/category/51/display/1/
블루팽,타란툴라코리아,네이버,2026-06-02,40000,40000,0,,,품절,https://smartstore.naver.com/tarantulakorea/products/10662483532
블루팽 스켈레톤,거미랑,자사몰,2026-06-02,40000,40000,0,,,품절,https://theraphosidae.co.kr/product/블루팽-스켈레톤-유체/237/category/24/display/1/
블루풋 바분,거미랑,자사몰,2026-06-02,30000,30000,0,,,품절,https://theraphosidae.co.kr/product/블루풋-바분-유체/1162/category/24/display/1/
블루풋 바분,타란센터,자사몰,2026-06-02,25000,25000,0,,,품절,https://tarancenter.com/product/블루풋-바분-유체-idiothele-mira/750/category/51/display/1/
블루풋 바분,타란센터,자사몰,2026-06-02,30000,30000,0,,,품절,https://tarancenter.com/product/블루풋-바분-유체-대-idiothele-mira/979/category/51/display/1/
블루풋 바분,타란툴라코리아,네이버,2026-06-02,30000,30000,0,,,품절,https://smartstore.naver.com/tarantulakorea/products/10639161152
비리디스,타란툴라코리아,자사몰,2026-06-02,40000,40000,0,,,재고,https://tarantulakorea.com/product/비리디스-유체/695/category/66/display/1/
비스트리오펠마 cf.마투스카이,거미랑,자사몰,2026-06-02,350000,350000,0,,,품절,https://theraphosidae.co.kr/product/비스트리오펠마-cf마투스카이-준성체/1826/category/24/display/1/
비스트리오펠마 라마시,거미랑,자사몰,2026-06-02,60000,60000,0,,,품절,https://theraphosidae.co.kr/product/비스트리오펠마-cf라마시-유체/1509/category/24/display/1/
비스트리오펠마 라마시,거미랑,자사몰,2026-06-02,150000,150000,0,,,품절,https://theraphosidae.co.kr/product/비스트리오펠마-cf라마시-준성체성별선택/1506/category/24/display/1/
비스트리오펠마 라마시,타란센터,자사몰,2026-06-02,60000,60000,0,,,품절,https://tarancenter.com/product/비스트리오펠마-라마시-유체-bistriopelma-lamasi/989/category/51/display/1/
빅토리,거미랑,자사몰,2026-06-02,85000,85000,0,,,품절,https://theraphosidae.co.kr/product/빅토리-78cm-암컷/1331/category/24/display/1/
빅토리,타란툴라코리아,자사몰,2026-06-02,35000,35000,0,,,재고,https://tarantulakorea.com/product/빅토리-유체/234/category/67/display/1/
빈투언 어스타이거,타란센터,자사몰,2026-06-02,25000,25000,0,,,재고,https://tarancenter.com/product/빈투언-어스타이거-유체-cyriopagopus-cf-schmidti-binh-thuan/1408/category/51/display/1/
빈투언 타이거,타란센터,자사몰,2026-06-02,70000,70000,0,,,품절,https://tarancenter.com/product/빈투언-타이거-9cm-준성체-암컷-cyriopagopus-sp-binh-thuan/1150/category/51/display/1/
사라부리,타란툴라코리아,자사몰,2026-06-02,30000,30000,0,,,재고,https://tarantulakorea.com/product/사라부리-유체/649/category/24/display/1/
사바 드워프,거미랑,자사몰,2026-06-02,135000,135000,0,,,품절,https://theraphosidae.co.kr/product/사바-드워프-유체/1987/category/24/display/1/
사바 드워프,더쥬 송파점,네이버,2026-06-02,135000,135000,0,,,재고,https://smartstore.naver.com/tzblossom/products/12986966087
사바 블루,거미랑,네이버,2026-06-02,45000,45000,0,,,재고,https://smartstore.naver.com/terrafactory/products/5720626618
사바 블루,거미랑,자사몰,2026-06-02,180000,180000,0,,,품절,https://theraphosidae.co.kr/product/사바블루-유체/46/category/24/display/1/
사바 블루,타란센터,네이버,2026-06-02,55000,55000,0,,,재고,https://smartstore.naver.com/tarancenter/products/10775330171
사바 블루,타란센터,자사몰,2026-06-02,60000,60000,0,,,품절,https://tarancenter.com/product/포르밍고칠루스-sp-사바블루-유체-phormingochilus-sp-sabah-blue/1088/category/51/display/1/
사바 블루,타란센터,자사몰,2026-06-02,55000,55000,0,,,품절,https://tarancenter.com/product/포르밍고칠루스-sp-사바블루-유체-phormingochilus-sp-sabah-blue/1204/category/51/display/1/
사바 블루,타란센터,자사몰,2026-06-02,55000,55000,0,,,재고,https://tarancenter.com/product/포르밍고칠루스-sp-사바블루-유체-phormingochilus-sp-sabah-blue/1389/category/51/display/1/
사바 블루,타란툴라코리아,네이버,2026-06-02,55000,55000,0,,,재고,https://smartstore.naver.com/tarantulakorea/products/10604173330
사바 블루,타란툴라코리아,자사몰,2026-06-02,55000,55000,0,,,재고,https://tarantulakorea.com/product/사바블루-유체/427/category/67/display/1/
사바 블루 타이거,거미랑,자사몰,2026-06-02,55000,55000,0,,,재고,https://theraphosidae.co.kr/product/사바-블루-타이거-유체/2025/category/24/display/1/
사바나,거미랑,자사몰,2026-06-02,25000,25000,0,,,품절,https://theraphosidae.co.kr/product/포르믹토푸스-spec-사바나-유체/1631/category/24/display/1/
사바나,더쥬 송파점,네이버,2026-06-02,30000,30000,0,,,재고,https://smartstore.naver.com/tzblossom/products/8801357429
사바나,타란센터,네이버,2026-06-02,30000,30000,0,,,품절,https://smartstore.naver.com/tarancenter/products/11176039583
사바나,타란센터,자사몰,2026-06-02,70000,70000,0,,,품절,https://tarancenter.com/product/포믹토푸스-sp-사바나-8cm-암컷-아성체-대-phormictopus-sp-sabana/1191/category/51/display/1/
사바나,타란센터,자사몰,2026-06-02,70000,70000,0,,,품절,https://tarancenter.com/product/포믹토푸스-sp-사바나-암컷-아성체-65cm-phormictopus-sp-sabana/1109/category/51/display/1/
사바나,타란센터,자사몰,2026-06-02,25000,25000,0,,,품절,https://tarancenter.com/product/포믹토푸스-sp-사바나-유체-phormictopus-sp-sabana/1073/category/51/display/1/
사바나,타란센터,자사몰,2026-06-02,30000,30000,0,,,품절,https://tarancenter.com/product/포믹토푸스-sp-사바나-유체-phormictopus-sp-sabana/1398/category/51/display/1/
사바나,타란툴라코리아,네이버,2026-06-02,30000,30000,0,,,재고,https://smartstore.naver.com/tarantulakorea/products/10568065821
사바나,타란툴라코리아,자사몰,2026-06-02,30000,30000,0,,,재고,https://tarantulakorea.com/product/포믹토푸스-사바나-레드-유체/569/category/24/display/1/
사바드워프 어스타이거,타란센터,네이버,2026-06-02,135000,135000,0,,,재고,https://smartstore.naver.com/tarancenter/products/13041905686
사바드워프 어스타이거,타란센터,자사몰,2026-06-02,135000,135000,0,,,재고,https://tarancenter.com/product/사바드워프-어스타이거-유체-phormingochilus-sp-sabah-dwarf/1451/category/51/display/1/
사바레드,타란툴라코리아,자사몰,2026-06-02,95000,95000,0,,,재고,https://tarantulakorea.com/product/사바레드-유체/696/category/67/display/1/
사바레드,타란툴라코리아,자사몰,2026-06-02,95000,95000,0,,,재고,https://tarantulakorea.com/product/사바레드-유체/696/category/67/display/2/
사우스 춤폰 타이거,더쥬 송파점,네이버,2026-06-02,14000,14000,0,,,재고,https://smartstore.naver.com/tzblossom/products/8801229064
사우스 춤폰 타이거,타란센터,자사몰,2026-06-02,30000,30000,0,,,품절,https://tarancenter.com/product/사우스-춤폰-타이거-유체-ornithoctonus-sp-south-chumphon/899/category/51/display/1/
사우스 춤폰 타이거 학명 Ornithoctonus spec. South Chumphon 습성 버로우성 수명 약 10~15년 사육온도 23~27도 사육습도 75~80% 사이즈 성장 속도 빠름 전체가 무광 블랙으로 고급스러운 느낌을 주는 버로우성 지타류 입니다. 바디 질감이 벨벳 느낌이 강하여 정 묘합니다 분양되는 사이즈는 급 입니다. ● 추가 사진,타란툴라코리아,네이버,2026-06-02,30000,30000,0,,,재고,https://smartstore.naver.com/tarantulakorea/products/10640717426
사우스 타일랜드 블루 암수,타란센터,자사몰,2026-06-02,120000,120000,0,,,재고,https://tarancenter.com/product/사우스-타일랜드-블루-아성체-암수-한쌍-chilobrachys-sp-south-thailand-blue/1461/category/51/display/1/
사우스 타일랜드블루,타란툴라코리아,자사몰,2026-06-02,35000,35000,0,,,재고,https://tarantulakorea.com/product/사우스-타일랜드블루-유체/604/category/24/display/1/
사우스춤폰 타이거 라농블루,타란툴라코리아,자사몰,2026-06-02,15000,15000,0,,,재고,https://tarantulakorea.com/product/사우스춤폰-타이거-라농블루-유체/466/category/66/display/1/
사이공 타이거,거미랑,네이버,2026-06-02,10000,10000,0,,,재고,https://smartstore.naver.com/terrafactory/products/13408295209
사이공 타이거,거미랑,자사몰,2026-06-02,10000,10000,0,,,재고,https://theraphosidae.co.kr/product/사이공-타이거-ex럼동-유체/1786/category/24/display/1/
사지마이,거미랑,자사몰,2026-06-02,150000,150000,0,,,품절,https://theraphosidae.co.kr/product/사지마이-7cm-한쌍/802/category/24/display/1/
사지마이,거미랑,자사몰,2026-06-02,10000,10000,0,,,품절,https://theraphosidae.co.kr/product/사지마이-유체/307/category/24/display/1/
사지마이,타란툴라코리아,자사몰,2026-06-02,9000,9000,0,,,재고,https://tarantulakorea.com/product/브라질리안-블루-사지마이-유체/199/category/24/display/1/
산디니스타 란솔라 학명 Sandinista lanceolatum 습성 배회성 수명 약 10~15년 +사육온도 23~27도 사육습도 50~60% 사이즈 성장 속도 느림~보통 코스타리카에 서식하는 타란툴라 입니다. 체형이 건계 아포노펠마와 비슷합니다. 아포노펠마를 좋아하시는 분에게 추천하는 종이며,타란툴라코리아,네이버,2026-06-02,35000,35000,0,,,재고,https://smartstore.naver.com/tarantulakorea/products/10569307820
산토도밍고 골리앗,거미랑,네이버,2026-06-02,49000,49000,0,,,재고,https://smartstore.naver.com/terrafactory/products/12430238503
산토도밍고 골리앗,거미랑,자사몰,2026-06-02,380000,380000,0,,,품절,https://theraphosidae.co.kr/product/팜포베테우스-spec-산토도밍고-스몰-6cm한쌍/1614/category/24/display/1/
산토도밍고 골리앗,거미랑,자사몰,2026-06-02,120000,120000,0,,,품절,https://theraphosidae.co.kr/product/팜포베테우스-spec-산토도밍고-스몰-유체/1415/category/24/display/1/
산토도밍고 골리앗,거미랑,자사몰,2026-06-02,130000,130000,0,,,품절,https://theraphosidae.co.kr/product/팜포베테우스-spec-산토도밍고-스몰-유체/545/category/24/display/1/
산토도밍고 골리앗,더쥬 송파점,네이버,2026-06-02,75000,75000,0,,,재고,https://smartstore.naver.com/tzblossom/products/12484755027
산토도밍고 골리앗,더쥬 송파점,네이버,2026-06-02,75000,4000,1,"75,000 → 4,000",2026-06-06,재고,https://smartstore.naver.com/tzblossom/products/12965113346
산토도밍고 골리앗,타란센터,네이버,2026-06-02,180000,180000,0,,,품절,https://smartstore.naver.com/tarancenter/products/9645859917
산토도밍고 골리앗,타란센터,자사몰,2026-06-02,85000,85000,0,,,재고,https://tarancenter.com/product/팜포베테우스-sp-산토도밍고-골리앗-유체-대-pamphobeteus-sp-santo-domingo-goliath/1377/category/51/display/1/
산토도밍고 골리앗,타란센터,자사몰,2026-06-02,180000,180000,0,,,품절,https://tarancenter.com/product/팜포베테우스-sp-산토도밍고-스몰-7cm-암컷-45탈피-추정-pamphobeteus-sp-santo-domingo-small-/961/category/51/display/1/
산토도밍고 골리앗,타란툴라코리아,네이버,2026-06-02,100000,100000,0,,,재고,https://smartstore.naver.com/tarantulakorea/products/10580948481
산토도밍고 골리앗,타란툴라코리아,네이버,2026-06-02,75000,75000,0,,,재고,https://smartstore.naver.com/tarantulakorea/products/12577889530
산토도밍고 골리앗,타란툴라코리아,자사몰,2026-06-02,75000,75000,0,,,재고,https://tarantulakorea.com/product/팜포베테우스-spec-산토도밍고-골리앗-유체/723/category/24/display/1/
산토도밍고 골리앗,타란툴라코리아,자사몰,2026-06-02,100000,100000,0,,,재고,https://tarantulakorea.com/product/팜포베테우스-산토도밍고스몰-유체/399/category/24/display/1/
상이헤 아일랜드 블랙,더쥬 송파점,네이버,2026-06-02,15000,15000,0,,,품절,https://smartstore.naver.com/tzblossom/products/10326239919
상이헤 아일랜드 블랙,타란센터,자사몰,2026-06-02,90000,90000,0,,,재고,https://tarancenter.com/product/상이헤-아일랜드-블랙-ex니겔멈-암컷-준성체-12cm-lampropelma-nigerrimum/1541/category/51/display/1/
상이헤 아일랜드 블랙,타란센터,자사몰,2026-06-02,90000,90000,0,,,품절,https://tarancenter.com/product/상이헤-아일랜드-블랙-니겔멈-11cm-암컷-준성체-초-lampropelma-nigerrimum/1248/category/51/display/1/
상이헤 아일랜드 블랙,타란센터,자사몰,2026-06-02,10000,10000,0,,,품절,https://tarancenter.com/product/상이헤-아일랜드-블랙-니겔멈-유체-lampropelma-nigerrimum/1046/category/51/display/1/
상이헤 아일랜드 블랙,타란센터,자사몰,2026-06-02,15000,15000,0,,,품절,https://tarancenter.com/product/상이헤-아일랜드-블랙-니겔멈-유체-lampropelma-nigerrimum/1311/category/51/display/1/
상이헤 아일랜드 블랙,타란센터,자사몰,2026-06-02,15000,15000,0,,,품절,https://tarancenter.com/product/상이헤-아일랜드-블랙니겔멈-유체-lampropelma-nigerrimum/599/category/51/display/1/
상이헤 아일랜드 블랙,타란센터,자사몰,2026-06-02,60000,60000,0,,,품절,https://tarancenter.com/product/상이헤-아일랜드블랙-니겔멈-45cm-암수-한쌍-암컷-단품-가능-lampropelma-nigerrimum-pair/1006/category/51/display/1/
상히에 아일랜드 블랙,거미랑,네이버,2026-05-31,9000,14000,1,"9,000 → 14,000",2026-06-01,재고,https://smartstore.naver.com/terrafactory/products/10792378601
상히에 아일랜드 블랙,거미랑,네이버,2026-06-02,125000,125000,0,,,재고,https://smartstore.naver.com/terrafactory/products/12608709236
상히에 아일랜드 블랙,거미랑,자사몰,2026-06-02,125000,125000,0,,,재고,https://theraphosidae.co.kr/product/상히에-아일랜드-블랙-ex니게르뭄-준성체1416cm암컷/1982/category/24/display/1/
상히에 아일랜드 블랙,거미랑,자사몰,2026-06-02,13000,13000,0,,,재고,https://theraphosidae.co.kr/product/상히에-아일랜드-블랙-유체/1537/category/24/display/1/
상히에 아일랜드 블랙,거미랑,자사몰,2026-06-02,9500,9500,0,,,품절,https://theraphosidae.co.kr/product/상히에-아일랜드-블랙-유체중-대/1547/category/24/display/1/
샬렘오너멘탈,거미랑,자사몰,2026-06-02,75000,75000,0,,,품절,https://theraphosidae.co.kr/product/샬렘-오너멘탈-7cm-암컷/1554/category/24/display/1/
샬렘오너멘탈,거미랑,자사몰,2026-06-02,35000,35000,0,,,품절,https://theraphosidae.co.kr/product/샬렘-오너멘탈-유체/1192/category/24/display/1/
샬렘오너멘탈,거미랑,자사몰,2026-06-02,28000,28000,0,,,품절,https://theraphosidae.co.kr/product/샬렘-오너멘탈-유체/1625/category/24/display/1/
샬렘오너멘탈,타란센터,네이버,2026-06-03,120000,120000,0,,,품절,https://smartstore.naver.com/tarancenter/products/13621756169
샬렘오너멘탈,타란센터,자사몰,2026-06-03,120000,120000,0,,,품절,https://tarancenter.com/product/샬렘-오너멘탈-암컷-준성체-초-10cm-poecilotheria-formosa/1575/category/51/display/1/
샬렘오너멘탈,타란센터,자사몰,2026-06-02,28000,28000,0,,,품절,https://tarancenter.com/product/샬렘-오너멘탈-유체-poecilotheria-formosa/876/category/51/display/1/
샬렘오너멘탈,타란센터,자사몰,2026-06-02,70000,70000,0,,,품절,https://tarancenter.com/product/샬렘오너멘탈-10cm-암컷-준성체-초-poecilotheria-formosa/1215/category/51/display/1/
샬렘오너멘탈,타란툴라코리아,네이버,2026-06-02,30000,30000,0,,,재고,https://smartstore.naver.com/tarantulakorea/products/10593043443
샬렘오너멘탈,타란툴라코리아,자사몰,2026-06-02,30000,30000,0,,,재고,https://tarantulakorea.com/product/샬렘-오너멘탈-유체/281/category/67/display/1/
세르타네하,타란툴라코리아,자사몰,2026-06-02,35000,35000,0,,,재고,https://tarantulakorea.com/product/세르타네하-유체/677/category/24/display/1/
세리코펠마 Sp. 다리엔,거미랑,자사몰,2026-06-02,150000,150000,0,,,품절,https://theraphosidae.co.kr/product/세리코펠마-spec-다리엔-8cm-한쌍/1047/category/24/display/1/
세리코펠마 Sp. 다리엔,거미랑,자사몰,2026-06-02,150000,150000,0,,,품절,https://theraphosidae.co.kr/product/세리코펠마-spec-다리엔-아성체한쌍/27/category/24/display/1/
세리코펠마 Sp. 다리엔,거미랑,자사몰,2026-06-02,50000,50000,0,,,품절,https://theraphosidae.co.kr/product/세리코펠마-spec-다리엔-유체/1116/category/24/display/1/
세리코펠마 Sp. 다리엔,거미랑,자사몰,2026-06-02,50000,50000,0,,,품절,https://theraphosidae.co.kr/product/세리코펠마-spec-다리엔-유체/1702/category/24/display/1/
세리코펠마 Sp. 다리엔,거미랑,자사몰,2026-06-02,45000,45000,0,,,품절,https://theraphosidae.co.kr/product/세리코펠마-spec-다리엔-유체/747/category/24/display/1/
세리코펠마 Sp. 다리엔,타란센터,자사몰,2026-06-02,50000,50000,0,,,재고,https://tarancenter.com/product/세리코펠마-sp-다리엔-유체대-sericopelma-sp-darien/911/category/51/display/1/
세리코펠마 Sp. 산타카탈리나,타란센터,자사몰,2026-06-02,30000,30000,0,,,품절,https://tarancenter.com/product/세리코펠마-sp-산타카탈리나-유체-sericopelma-sp-santa-catalina/1069/category/51/display/1/
세리코펠마 spec. 과필레스,거미랑,자사몰,2026-06-02,200000,200000,0,,,품절,https://theraphosidae.co.kr/product/세리코펠마-spec-과필레스-준성체한쌍/72/category/24/display/1/
세리코펠마 spec. 다리엔 스파이더 링 *방문구매만 가능합니다.,거미랑,자사몰,2026-06-02,45000,45000,0,,,품절,https://theraphosidae.co.kr/product/세리코펠마-spec-다리엔-스파이더-링-방문구매만-가능합니다/1081/category/24/display/1/
세리코펠마 spec. 리오 세레노,거미랑,자사몰,2026-06-02,45000,45000,0,,,품절,https://theraphosidae.co.kr/product/세리코펠마-spec-리오-세레노-스파이더-링-방문구매만-가능합니다/1080/category/24/display/1/
세리코펠마 spec. 리오 세레노,거미랑,자사몰,2026-06-02,50000,50000,0,,,품절,https://theraphosidae.co.kr/product/세리코펠마-spec-리오-세레노-유체/1117/category/24/display/1/
세리코펠마 spec. 산타 카타리나,거미랑,자사몰,2026-06-02,150000,150000,0,,,품절,https://theraphosidae.co.kr/product/세리코펠마-spec-산타-카타리나-암준성체/74/category/24/display/1/
세리코펠마 spec. 산타 카타리나,거미랑,자사몰,2026-06-02,55000,55000,0,,,품절,https://theraphosidae.co.kr/product/세리코펠마-spec-산타-카타리나-유체/75/category/24/display/1/
세리코펠마 spec. 산타 카탈리나,거미랑,자사몰,2026-06-02,45000,45000,0,,,품절,https://theraphosidae.co.kr/product/세리코펠마-spec-산타-카탈리나-스파이더-링-방문구매만-가능합니다/1079/category/24/display/1/
세리코펠마 spec. 산타 카탈리나,거미랑,자사몰,2026-06-02,50000,50000,0,,,품절,https://theraphosidae.co.kr/product/세리코펠마-spec-산타-카탈리나-유체/1085/category/24/display/1/
세리코펠마 spec. 산타 카탈리나,거미랑,자사몰,2026-06-02,30000,30000,0,,,품절,https://theraphosidae.co.kr/product/세리코펠마-spec-산타-카탈리나-유체/1667/category/24/display/1/
세리코펠마 다리엔 학명 Sericopelma sp. Darien 습성 배회성 수명 약 10~20년 사육온도 23~27도 사육습도 50~60% 사이즈 성장 속도 빠름 세리코펠마에서도 가장 크게 자라는 종으로 에 벨벳 질감의 털이라 블랙에서도 더욱 어둡고 고급스러움 발색을 보여주는 종 입니다 정 큰 는 볼비 와 비교해도 꿀리지 않을 만큼 크게 자랍니다. 분양되는 사이즈는 급 급 입니다. ● 추가사진,타란툴라코리아,네이버,2026-06-02,40000,40000,0,,,재고,https://smartstore.naver.com/tarantulakorea/products/10572327497
세리코펠마 루브로니텐스,거미랑,자사몰,2026-06-02,45000,45000,0,,,품절,https://theraphosidae.co.kr/product/세리코펠마-루브로니텐스-ex파나마-레드럼프-유체/1668/category/24/display/1/
세리코펠마 산타 카타리나 학명 Sericopelma spec. Santa Catalina 습성 배회성 수명 약 10~20년 사육온도 23~27도 사육습도 70~85% 사이즈 성장 속도 보통 시 자라는 형종이며 생명력이 정 강한 종입니다. 세키코펠마 에서도 발색이 화려합니다. 같은 속에 셀리코펠마 다리엔이 있습니다. 분양되는 사이즈는 급 급 입니다. ● 추가사진,타란툴라코리아,네이버,2026-06-02,30000,30000,0,,,품절,https://smartstore.naver.com/tarantulakorea/products/10566966336
센데리 혼드 바분,타란툴라코리아,네이버,2026-06-02,20000,20000,0,,,재고,https://smartstore.naver.com/tarantulakorea/products/10636694156
센데리 혼드바분,더쥬 송파점,네이버,2026-06-02,20000,20000,0,,,재고,https://smartstore.naver.com/tzblossom/products/12267108180
센데리 혼드바분,타란툴라코리아,자사몰,2026-06-02,20000,20000,0,,,재고,https://tarantulakorea.com/product/센데리-혼드바분-유체/246/category/66/display/1/
센트럴 아메리칸 혼드,거미랑,자사몰,2026-06-02,350000,350000,0,,,품절,https://theraphosidae.co.kr/product/센트럴-아메리칸-혼드-준성체암컷/1885/category/24/display/1/
셀레노코스미아 페에르보오미,거미랑,자사몰,2026-06-02,20000,20000,0,,,품절,https://theraphosidae.co.kr/product/셀레노코스미아-페에르보오미-유체/592/category/24/display/1/
셀레노코시미아 코르딜레라 얼스 타이거 학명 Selenocosmis kordillera 습성 배회성,타란툴라코리아,네이버,2026-06-02,38000,38000,0,,,재고,https://smartstore.naver.com/tarantulakorea/products/10694378737
셀먼핑크 버드이터,거미랑,네이버,2026-06-02,2000,2000,0,,,품절,https://smartstore.naver.com/terrafactory/products/7514511691
셀먼핑크 버드이터,거미랑,자사몰,2026-06-02,3000,3000,0,,,품절,https://theraphosidae.co.kr/product/셀먼핑크-버드이터-스파이더-링/200/category/24/display/1/
셀먼핑크 버드이터,거미랑,자사몰,2026-06-02,4000,4000,0,,,품절,https://theraphosidae.co.kr/product/셀먼핑크-버드이터-유체/233/category/24/display/1/
셀먼핑크 버드이터,더쥬 송파점,네이버,2026-06-02,3000,3000,0,,,재고,https://smartstore.naver.com/tzblossom/products/8764100886
셀먼핑크 버드이터,타란센터,자사몰,2026-06-02,50000,50000,0,,,품절,https://tarancenter.com/product/셀먼-핑크-버드이터-13cm-암컷-lasiodora-parahybana/1431/category/51/display/1/
셀먼핑크 버드이터,타란센터,자사몰,2026-06-02,7000,7000,0,,,재고,https://tarancenter.com/product/셀먼-핑크-버드이터-유체중-lasiodora-parahybana/608/category/51/display/1/
셀먼핑크 버드이터,타란센터,자사몰,2026-06-02,40000,40000,0,,,품절,https://tarancenter.com/product/셀먼핑크-버드이터-13cm-준성체-암컷-lasiodora-parahybana/1053/category/51/display/1/
셀먼핑크 버드이터,타란센터,자사몰,2026-06-02,30000,30000,0,,,품절,https://tarancenter.com/product/셀먼핑크-버드이터-16cm-암컷-준성체-lasiodora-parahybana/1096/category/51/display/1/
셀먼핑크 버드이터,타란툴라코리아,네이버,2026-06-02,3000,3000,0,,,재고,https://smartstore.naver.com/tarantulakorea/products/10534332060
셀먼핑크 버드이터,타란툴라코리아,자사몰,2026-06-02,3000,3000,0,,,재고,https://tarantulakorea.com/product/셀먼-핑크-버드이터-유체/128/category/24/display/1/
셀먼핑크버드이터 약,더쥬 송파점,네이버,2026-06-02,65000,65000,0,,,품절,https://smartstore.naver.com/tzblossom/products/11738717734
셀먼핑크버드이터 약,타란센터,네이버,2026-06-02,7000,7000,0,,,재고,https://smartstore.naver.com/tarancenter/products/10985929329
소코트라 블루바분,타란툴라코리아,자사몰,2026-06-02,18000,18000,0,,,재고,https://tarantulakorea.com/product/소코트라-블루바분-유체/160/category/66/display/1/
소코트라 아일랜드 블루바분,거미랑,자사몰,2026-06-02,25000,25000,0,,,품절,https://theraphosidae.co.kr/product/소코트라-아일랜드-블루바분-아성체/1025/category/24/display/1/
소코트라 아일랜드 블루바분,거미랑,자사몰,2026-06-02,20000,20000,0,,,품절,https://theraphosidae.co.kr/product/소코트라-아일랜드-블루바분-유체/1646/category/24/display/1/
소코트라 아일랜드 블루바분,거미랑,자사몰,2026-06-02,135000,135000,0,,,품절,https://theraphosidae.co.kr/product/소코트라-아일랜드-블루바분-준성체/1647/category/24/display/1/
소코트라 아일랜드 블루바분,더쥬 송파점,네이버,2026-06-02,80000,80000,0,,,품절,https://smartstore.naver.com/tzblossom/products/11733148073
소코트라 아일랜드 블루바분,타란센터,자사몰,2026-06-02,35000,35000,0,,,품절,https://tarancenter.com/product/소코트라-아일랜드-블루바분-아성체-monocentropus-balfouri/717/category/51/display/1/
소코트라 아일랜드 블루바분,타란센터,자사몰,2026-06-02,25000,25000,0,,,품절,https://tarancenter.com/product/소코트라-아일랜드-블루바분-아성체중대-monocentropus-balfouri/1042/category/51/display/1/
소코트라 아일랜드 블루바분,타란센터,자사몰,2026-06-02,15000,15000,0,,,품절,https://tarancenter.com/product/소코트라-아일랜드-블루바분-유체-대-monocentropus-balfouri/910/category/51/display/1/
소코트라 아일랜드 블루바분,타란툴라코리아,네이버,2026-06-02,18000,18000,0,,,재고,https://smartstore.naver.com/tarantulakorea/products/10629395155
수랏타니 타이거,거미랑,자사몰,2026-06-02,35000,35000,0,,,품절,https://theraphosidae.co.kr/product/수랏타니-타이거-아성체7cm/1548/category/24/display/1/
수랏타니 타이거,거미랑,자사몰,2026-06-02,18000,18000,0,,,재고,https://theraphosidae.co.kr/product/수랏타니-타이거-유체/1215/category/24/display/1/
수랏타니 타이거,타란툴라코리아,자사몰,2026-06-02,18000,18000,0,,,재고,https://tarantulakorea.com/product/수랏타니-타이거-유체/102/category/66/display/1/
수랏타니 타이거 학명 Ornithoctonus spec. Surat Thani 습성 버로우성 수명 약 10~15년 사육온도 23~27도 사육습도 50~60% 사이즈 성장 속도 보통 ​ 버미즈 블랙과 비슷한 외형을 가진 종으로 친척관계의 타란툴라 입니다. 버미즈 블랙보다 바디색이 어둡고 가 될 수록 금색털이 없어지면서 다리가 두꺼워 집니다 시 버미즈 블랙보다 크게 자랍니다. 분양되는 사이즈는 급 입니다. ● 추가사진,타란툴라코리아,네이버,2026-06-02,18000,18000,0,,,재고,https://smartstore.naver.com/tarantulakorea/products/10625839337
수마트라 어스타이거,타란센터,네이버,2026-06-02,45000,45000,0,,,품절,https://smartstore.naver.com/tarancenter/products/10958123572
수마트라 어스타이거,타란센터,자사몰,2026-06-02,70000,70000,0,,,품절,https://tarancenter.com/product/수마트라-어스-타이거-유체-대-omothymus-sp-sumatran-tiger/1079/category/51/display/1/
수마트라 어스타이거,타란센터,자사몰,2026-06-02,45000,45000,0,,,품절,https://tarancenter.com/product/수마트라-어스타이거-유체-omothymus-sp-sumatran-tiger/1336/category/51/display/1/
수마트라 타이거,거미랑,자사몰,2026-06-02,45000,45000,0,,,품절,https://theraphosidae.co.kr/product/수마트라-타이거-유체/1629/category/24/display/1/
수마트라 타이거,거미랑,자사몰,2026-06-02,40000,40000,0,,,품절,https://theraphosidae.co.kr/product/수마트라-타이거-유체/245/category/24/display/1/
수마트라 타이거,타란툴라코리아,네이버,2026-06-02,40000,40000,0,,,재고,https://smartstore.naver.com/tarantulakorea/products/10600258476
수마트라 타이거,타란툴라코리아,자사몰,2026-06-02,40000,40000,0,,,재고,https://tarantulakorea.com/product/수마트라-타이거-유체/109/category/67/display/1/
수마트란 스타우트 렉,거미랑,자사몰,2026-06-02,12000,12000,0,,,품절,https://theraphosidae.co.kr/product/수마트란-스타우트-렉-유체/845/category/24/display/1/
수마트란 스타우트 렉,거미랑,자사몰,2026-06-02,40000,40000,0,,,품절,https://theraphosidae.co.kr/product/수마트란-스타우트-렉-유체대/1150/category/24/display/1/
수마트란 스타우트렉,타란툴라코리아,자사몰,2026-06-02,25000,25000,0,,,재고,https://tarantulakorea.com/product/수마트란-스타우트렉-유체/379/category/66/display/1/
수마트란 스타우트렉 학명 Lyrognathus giannisposatoi 습성 버로우성 수명 약 10~15년 사육온도 23~27도 사육습도 40~60% 사이즈 성장 속도 빠름 수마트라에 서식하는 버로우성 아시아 타란툴라입니다. 올 블랙 바디에 뒷 다리가 굵다는 특징을 가지고 있습니다. 브리딩 난이도가 높아 국내에서 오랜만에 브리딩이 되었습니다. 분양되는 사이즈는 급 입니다. ● 추가 사진,타란툴라코리아,네이버,2026-06-02,25000,25000,0,,,재고,https://smartstore.naver.com/tarantulakorea/products/10634674399
수마트란 어스 타이거,타란센터,자사몰,2026-06-02,55000,55000,0,,,품절,https://tarancenter.com/product/수마트란-어스-타이거-유체-cyriopagopus-sp-sumatran-tiger/988/category/51/display/1/
수마트란 타이거,거미랑,자사몰,2026-06-02,350000,350000,0,,,품절,https://theraphosidae.co.kr/product/수마트란-타이거-15cm암컷/1371/category/24/display/1/
술라웨시 블랙,타란센터,자사몰,2026-06-02,80000,80000,0,,,품절,https://tarancenter.com/product/술라웨시-블랙-아성체소-암컷-phormingochilus-carpenteri/1044/category/51/display/1/
술라웨시 블랙 어스타이거,타란센터,자사몰,2026-06-02,30000,30000,0,,,품절,https://tarancenter.com/product/술라웨시-블랙-어스타이거-유체-phormingochilus-carpenteri/1321/category/51/display/1/
술라웨시블랙 어스 타이거,타란센터,네이버,2026-06-02,30000,30000,0,,,품절,https://smartstore.naver.com/tarancenter/products/11167779094
술라웨시블랙 어스 타이거,타란센터,자사몰,2026-06-02,35000,35000,0,,,품절,https://tarancenter.com/product/술라웨시블랙-어스-타이거-유체-phormingochilus-carpenteri/969/category/51/display/1/
쉐브론,타란툴라코리아,자사몰,2026-06-02,12000,12000,0,,,재고,https://tarantulakorea.com/product/쉐브론-유체/116/category/67/display/1/
슈아리아나 핑크토,타란툴라코리아,네이버,2026-06-02,70000,70000,0,,,재고,https://smartstore.naver.com/tarantulakorea/products/12064248773
슈아리아나 핑크토,타란툴라코리아,자사몰,2026-06-02,70000,70000,0,,,재고,https://tarantulakorea.com/product/슈아리아나-핑크토-유체/703/category/67/display/1/
스리랑카 오너멘탈,거미랑,자사몰,2026-06-02,50000,50000,0,,,품절,https://theraphosidae.co.kr/product/스리랑카-오너멘탈-유체/1245/category/24/display/1/
스리랑카 오너멘탈,거미랑,자사몰,2026-06-02,35000,35000,0,,,품절,https://theraphosidae.co.kr/product/스리랑카-오너멘탈-유체/1471/category/24/display/1/
스리랑카 오너멘탈,타란툴라코리아,네이버,2026-06-02,35000,35000,0,,,품절,https://smartstore.naver.com/tarantulakorea/products/10816782369
스켈레톤,거미랑,자사몰,2026-06-02,35000,35000,0,,,품절,https://theraphosidae.co.kr/product/스켈레톤-유체/1606/category/24/display/1/
스켈레톤,거미랑,자사몰,2026-06-02,50000,50000,0,,,품절,https://theraphosidae.co.kr/product/스켈레톤-유체/903/category/24/display/1/
스켈레톤,타란센터,자사몰,2026-06-02,50000,50000,0,,,품절,https://tarancenter.com/product/스켈레톤-유체-ephebopus-murinus/997/category/51/display/1/
스켈레톤 뼈 무늬 거미,타란툴라코리아,네이버,2026-06-02,50000,50000,0,,,품절,https://smartstore.naver.com/tarantulakorea/products/10663114447
스트라이프 레드럼프,거미랑,네이버,2026-06-02,3000,3000,0,,,재고,https://smartstore.naver.com/terrafactory/products/9248447061
스트라이프 레드럼프,거미랑,자사몰,2026-06-02,6000,6000,0,,,품절,https://theraphosidae.co.kr/product/스트라이프-레드럼프-유체/759/category/24/display/1/
스트라이프 레드럼프,거미랑,자사몰,2026-06-02,5000,5000,0,,,재고,https://theraphosidae.co.kr/product/스트라이프-레드럼프-유체/992/category/24/display/1/
스트라이프 레드럼프,거미랑,자사몰,2026-06-02,18000,18000,0,,,품절,https://theraphosidae.co.kr/product/스트라이프-레드럼프-유체대/1151/category/24/display/1/
스트라이프 레드럼프,거미랑,자사몰,2026-06-02,22000,22000,0,,,품절,https://theraphosidae.co.kr/product/스트라이프-레드럼프-유체대/993/category/24/display/1/
스트라이프 레드럼프,거미랑,자사몰,2026-06-02,8000,8000,0,,,품절,https://theraphosidae.co.kr/product/스트라이프-레드럼프/51/category/24/display/1/
스트라이프 레드럼프,더쥬 송파점,네이버,2026-06-02,5000,5000,0,,,재고,https://smartstore.naver.com/tzblossom/products/10326345470
스트라이프 레드럼프,타란센터,자사몰,2026-06-02,50000,50000,0,,,품절,https://tarancenter.com/product/스트라이프-레드럼프-10cm-암컷-vitalius-chromatus/1435/category/51/display/1/
스트라이프 레드럼프,타란센터,자사몰,2026-06-02,20000,20000,0,,,품절,https://tarancenter.com/product/스트라이프-레드럼프-아성체-vitalius-chromatus/641/category/51/display/1/
스트라이프 레드럼프,타란센터,자사몰,2026-06-02,40000,40000,0,,,품절,https://tarancenter.com/product/스트라이프-레드럼프-암컷-9cm-vitalius-chromatus/1243/category/51/display/1/
스트라이프 레드럼프,타란센터,자사몰,2026-06-02,5000,5000,0,,,재고,https://tarancenter.com/product/스트라이프-레드럼프-유체-vitalius-chromatus/1403/category/51/display/1/
스트라이프 레드럼프,타란툴라코리아,네이버,2026-06-02,5000,5000,0,,,재고,https://smartstore.naver.com/tarantulakorea/products/10537458754
스트라이프레드럼프 타란튤라 애완거미,타란센터,네이버,2026-06-02,20000,20000,0,,,품절,https://smartstore.naver.com/tarancenter/products/6822299647
스트레이트 혼드바분,거미랑,자사몰,2026-06-02,5000,5000,0,,,품절,https://theraphosidae.co.kr/product/스트레이트-혼드바분-유체/1189/category/24/display/1/
스트레이트 혼드바분,거미랑,자사몰,2026-06-02,15000,15000,0,,,품절,https://theraphosidae.co.kr/product/스트레이트-혼드바분-유체대/1610/category/24/display/1/
스트레이트 혼드바분,더쥬 송파점,네이버,2026-06-02,6000,6000,0,,,품절,https://smartstore.naver.com/tzblossom/products/8764110343
스트레이트 혼드바분,타란센터,자사몰,2026-06-02,50000,50000,0,,,품절,https://tarancenter.com/product/스트레이트-혼드-바분-10cm-암컷-ceratogyrus-marshalli/1434/category/51/display/1/
스트레이트 혼드바분,타란센터,자사몰,2026-06-02,35000,35000,0,,,품절,https://tarancenter.com/product/스트레이트-혼드-바분-아성체-한쌍-암컷만-가능-ceratogyrus-marshalli-pair/609/category/51/display/1/
스트레이트 혼드바분,타란센터,자사몰,2026-06-02,60000,60000,0,,,품절,https://tarancenter.com/product/스트레이트-혼드바분-11cm-암컷-성체급-ceratogyrus-marshalli/1552/category/51/display/1/
스트레이트 혼드바분,타란센터,자사몰,2026-06-02,40000,40000,0,,,품절,https://tarancenter.com/product/스트레이트-혼드바분-아성체-암수한쌍-ceratogyrus-marshalli/862/category/51/display/1/
스트레이트 혼드바분,타란툴라코리아,네이버,2026-05-31,3000,5000,1,"3,000 → 5,000",2026-06-01,재고,https://smartstore.naver.com/tarantulakorea/products/10622065790
스트레이트 혼드바분,타란툴라코리아,자사몰,2026-06-02,5000,5000,0,,,재고,https://tarantulakorea.com/product/스트레이트-혼드-바분-유체/86/category/66/display/1/
스트레이트 혼드바분 스혼바 타란튤라 급,타란센터,네이버,2026-06-02,60000,60000,0,,,품절,https://smartstore.naver.com/tarancenter/products/13528011846
스트레이트 혼드바분 스혼바 타란튤라 암수,타란센터,네이버,2026-06-02,40000,40000,0,,,품절,https://smartstore.naver.com/tarancenter/products/13446670196
스프라이프 레드럼프,타란툴라코리아,자사몰,2026-06-02,5000,5000,0,,,재고,https://tarantulakorea.com/product/스프라이프-레드럼프-유체-스레/97/category/24/display/1/
슬라웨시 블랙,거미랑,자사몰,2026-06-02,40000,40000,0,,,품절,https://theraphosidae.co.kr/product/슬라웨시-블랙-유체/1152/category/24/display/1/
슬라웨시 블랙,거미랑,자사몰,2026-06-02,30000,30000,0,,,품절,https://theraphosidae.co.kr/product/슬라웨시-블랙-유체/1552/category/24/display/1/
슬라웨시 블랙,거미랑,자사몰,2026-06-02,30000,30000,0,,,품절,https://theraphosidae.co.kr/product/슬라웨시-블랙-유체/255/category/24/display/1/
슬라웨시 블랙 어스타이거,타란센터,자사몰,2026-06-02,120000,120000,0,,,품절,https://tarancenter.com/product/슬라웨시-블랙-어스타이거-11cm-암컷-준성체-phormingochilus-carpenteri/1192/category/51/display/1/
슬라웨시 차콜,타란툴라코리아,자사몰,2026-06-02,20000,20000,0,,,재고,https://tarantulakorea.com/product/슬라웨시-차콜-유체/644/category/67/display/1/
슬라웨시 차콜,타란툴라코리아,자사몰,2026-06-02,20000,20000,0,,,재고,https://tarantulakorea.com/product/슬라웨시-차콜-유체/644/category/67/display/2/
슬라웨시블랙,타란툴라코리아,자사몰,2026-06-02,30000,30000,0,,,재고,https://tarantulakorea.com/product/슬라웨시블랙-유체/213/category/67/display/1/
슬라웨시의 흑표범 슬라웨시 블랙,타란툴라코리아,네이버,2026-06-02,30000,30000,0,,,재고,https://smartstore.naver.com/tarantulakorea/products/10593230045
시리즈,타란센터,네이버,2026-06-02,25000,25000,0,,,재고,https://smartstore.naver.com/tarancenter/products/10560927755
시리즈,타란센터,네이버,2026-06-02,20000,20000,0,,,재고,https://smartstore.naver.com/tarancenter/products/10958174996
시리즈,타란센터,네이버,2026-06-02,200000,200000,0,,,재고,https://smartstore.naver.com/tarancenter/products/11122363250
시리즈,타란센터,네이버,2026-06-02,10000,10000,0,,,재고,https://smartstore.naver.com/tarancenter/products/11852448488
시리즈,타란센터,네이버,2026-06-02,20000,20000,0,,,재고,https://smartstore.naver.com/tarancenter/products/12071041228
시리즈,타란센터,네이버,2026-06-02,20000,20000,0,,,재고,https://smartstore.naver.com/tarancenter/products/12106819330
시리즈,타란센터,네이버,2026-06-02,85000,85000,0,,,재고,https://smartstore.naver.com/tarancenter/products/12597652800
시리즈,타란센터,네이버,2026-06-02,30000,30000,0,,,재고,https://smartstore.naver.com/tarancenter/products/13446460719
시리즈,타란센터,네이버,2026-06-02,10000,10000,0,,,재고,https://smartstore.naver.com/tarancenter/products/13446726037
시리즈,타란센터,네이버,2026-06-02,25000,25000,0,,,재고,https://smartstore.naver.com/tarancenter/products/13536452551
시리즈,타란센터,네이버,2026-06-02,10000,10000,0,,,재고,https://smartstore.naver.com/tarancenter/products/6830054943
시리즈,타란센터,네이버,2026-06-02,20000,20000,0,,,재고,https://smartstore.naver.com/tarancenter/products/7139954462
시베루트 타이거 암수,타란센터,자사몰,2026-06-02,350000,350000,0,,,품절,https://tarancenter.com/product/시베루트-타이거-아성체-암수-한쌍-omothymus-sp-siberut/1479/category/51/display/1/
실라카 바분,타란툴라코리아,자사몰,2026-06-02,40000,40000,0,,,재고,https://tarantulakorea.com/product/실라카-바분-유체/683/category/66/display/1/
실리카 바분,거미랑,자사몰,2026-06-02,60000,60000,0,,,품절,https://theraphosidae.co.kr/product/하르팍티라-spec-실리카-유체/1384/category/24/display/1/
실리카 바분,타란툴라코리아,네이버,2026-06-02,40000,40000,0,,,재고,https://smartstore.naver.com/tarantulakorea/products/11768729959
실버그레이,타란센터,자사몰,2026-06-02,60000,60000,0,,,품절,https://tarancenter.com/product/실버그레이-암컷-6cm-ornithoctonus-sp-silver-grey/783/category/51/display/1/
실버그레이 <다크> ~ 6~,타란센터,자사몰,2026-06-02,30000,30000,0,,,재고,https://tarancenter.com/product/실버그레이-암컷-아성체준성체-69cm-ornithoctonus-sp-silver-grey/1567/category/51/display/1/
실버그레이 다크폼 타란튤라 ~,타란센터,네이버,2026-06-02,30000,30000,0,,,재고,https://smartstore.naver.com/tarancenter/products/13582774103
실버그레이 버드이터,거미랑,자사몰,2026-06-02,50000,50000,0,,,재고,https://theraphosidae.co.kr/product/실버그레이-버드이터-준성체암컷/2008/category/24/display/1/
실버그레이 어스타이거,타란센터,자사몰,2026-06-02,15000,15000,0,,,재고,https://tarancenter.com/product/실버그레이-어스타이거-유체-ornithoctonus-costalis/1319/category/51/display/1/
실버그레이 코스탈리스,타란툴라코리아,네이버,2026-06-02,20000,20000,0,,,재고,https://smartstore.naver.com/tarantulakorea/products/11768719934
실버그레이 코스탈리스,타란툴라코리아,자사몰,2026-06-02,20000,20000,0,,,재고,https://tarantulakorea.com/product/실버그레이-코스탈리스-유체/684/category/66/display/1/
실버백 버드이터,거미랑,네이버,2026-06-02,15000,15000,0,,,재고,https://smartstore.naver.com/terrafactory/products/12265650804
실버백 버드이터,더쥬 송파점,네이버,2026-06-02,15000,15000,0,,,재고,https://smartstore.naver.com/tzblossom/products/10454311675
실버백 버드이터,타란센터,자사몰,2026-06-02,15000,15000,0,,,재고,https://tarancenter.com/product/라시오도라-실버백-유체-lasiodora-subcanens/1290/category/51/display/1/
실버백 버드이터,타란툴라코리아,네이버,2026-06-02,15000,15000,0,,,재고,https://smartstore.naver.com/tarantulakorea/products/10625759896
실버백 버드이터,타란툴라코리아,자사몰,2026-06-02,15000,15000,0,,,재고,https://tarantulakorea.com/product/실버백-유체/487/category/24/display/1/
싱가폴 블루,거미랑,네이버,2026-06-02,25000,25000,0,,,재고,https://smartstore.naver.com/terrafactory/products/10792327781
싱가폴 블루,거미랑,네이버,2026-06-02,185000,185000,0,,,재고,https://smartstore.naver.com/terrafactory/products/12596751986
싱가폴 블루,거미랑,자사몰,2026-06-02,18000,18000,0,,,품절,https://theraphosidae.co.kr/product/말레이시안-블루-유체/1570/category/24/display/1/
싱가폴 블루,거미랑,자사몰,2026-06-02,25000,25000,0,,,품절,https://theraphosidae.co.kr/product/말레이시안-블루-유체대/997/category/24/display/1/
싱가폴 블루,거미랑,자사몰,2026-06-02,30000,30000,0,,,품절,https://theraphosidae.co.kr/product/말레이시안-블루-파항-아성체6cm/624/category/24/display/1/
싱가폴 블루,거미랑,자사몰,2026-06-02,25000,25000,0,,,품절,https://theraphosidae.co.kr/product/말레이시안-블루-파항-유체/1066/category/24/display/1/
싱가폴 블루,거미랑,자사몰,2026-06-02,185000,185000,0,,,재고,https://theraphosidae.co.kr/product/말레이시안-블루-파항-준성체1618cm암컷/1927/category/24/display/1/
싱가폴 블루,거미랑,자사몰,2026-06-02,150000,150000,0,,,품절,https://theraphosidae.co.kr/product/말레이시안-블루-파항-준성체암/33/category/24/display/1/
싱가폴 블루,거미랑,자사몰,2026-06-02,18000,18000,0,,,품절,https://theraphosidae.co.kr/product/싱가폴-블루-유체/1401/category/24/display/1/
싱가폴 블루,더쥬 송파점,네이버,2026-06-02,20000,20000,0,,,품절,https://smartstore.naver.com/tzblossom/products/9728699787
싱가폴 블루,타란센터,자사몰,2026-06-02,70000,70000,0,,,품절,https://tarancenter.com/product/말레이시안-블루-12cm-암컷-준성체-omothymus-violaceopes-pahang/1173/category/51/display/1/
싱가폴 블루,타란센터,자사몰,2026-06-02,20000,20000,0,,,품절,https://tarancenter.com/product/말레이시안-블루-파항-유체-lampropelma-violaceopes/726/category/51/display/1/
싱가폴 블루,타란센터,자사몰,2026-06-02,25000,25000,0,,,품절,https://tarancenter.com/product/싱가폴-블루-유체-omothymus-violaceopes/628/category/51/display/1/
싱가폴 블루,타란툴라코리아,네이버,2026-06-02,25000,25000,0,,,품절,https://smartstore.naver.com/tarantulakorea/products/10588276851
싱가폴 블루 싱블,타란툴라코리아,네이버,2026-06-02,25000,25000,0,,,재고,https://smartstore.naver.com/tarantulakorea/products/10592705696
싱가폴블루,타란툴라코리아,자사몰,2026-06-02,25000,25000,0,,,재고,https://tarantulakorea.com/product/싱가폴블루-스파이더링-직거래-분양만-가능/106/category/67/display/1/
아르헨티나 자이언트 블랙럼프,거미랑,자사몰,2026-06-02,135000,135000,0,,,품절,https://theraphosidae.co.kr/product/아르헨티나-자이언트-블랙럼프-ex발코즈나-스테르날리스-5-7cm-한쌍/1784/category/24/display/1/
아마조니카 나무위성 타란튤라,타란센터,네이버,2026-06-03,150000,150000,0,,,품절,https://smartstore.naver.com/tarancenter/products/13621760053
아마조니카 핑크토,타란센터,네이버,2026-06-02,40000,40000,0,,,품절,https://smartstore.naver.com/tarancenter/products/10568918813
아마조니카 핑크토,타란센터,자사몰,2026-06-02,40000,40000,0,,,품절,https://tarancenter.com/product/아마조니카-핑크토-마나우스-유체-avicularia-variegata-manaus/1048/category/51/display/1/
아마조니카 핑크토,타란센터,자사몰,2026-06-02,65000,65000,0,,,품절,https://tarancenter.com/product/아마조니카-핑크토-마나우스-유체-avicularia-variegata-manaus/882/category/51/display/1/
아마조니카 핑크토,타란센터,자사몰,2026-06-03,150000,150000,0,,,품절,https://tarancenter.com/product/아마조니카-핑크토-암컷-아성체-8cm-avicularia-variegata/1576/category/51/display/1/
아마조니카 핑크토 마나우스,거미랑,자사몰,2026-06-02,40000,40000,0,,,품절,https://theraphosidae.co.kr/product/아마조니카-핑크토-마나우스-유체/1499/category/24/display/1/
아마조니카 핑크토 마나우스,더쥬 송파점,네이버,2026-06-02,35000,35000,0,,,품절,https://smartstore.naver.com/tzblossom/products/8801465844
아마존 립드 트리 스파이더,타란센터,자사몰,2026-06-02,35000,35000,0,,,품절,https://tarancenter.com/product/아마존-립드-트리-스파이더-유체-iridopelma-hirsutum/906/category/51/display/1/
아마존 립드 트리 스파이더,타란툴라코리아,네이버,2026-06-02,40000,40000,0,,,품절,https://smartstore.naver.com/tarantulakorea/products/10597450903
아마존 립드 트리스파이더,거미랑,자사몰,2026-06-02,35000,35000,0,,,품절,https://theraphosidae.co.kr/product/아마존-립드-트리스파이더-유체/474/category/24/display/1/
아마존 블루블룸,거미랑,자사몰,2026-06-02,320000,320000,0,,,품절,https://theraphosidae.co.kr/product/아마존-블루블룸-8cm한쌍/260/category/24/display/1/
아마존 블루블룸,거미랑,자사몰,2026-06-02,140000,140000,0,,,품절,https://theraphosidae.co.kr/product/아마존-블루블룸-트루히요-유체/259/category/24/display/1/
아마존 사파이어 핑크토,거미랑,자사몰,2026-06-02,25000,25000,0,,,품절,https://theraphosidae.co.kr/product/아마존-사파이어-핑크토-유체/1573/category/24/display/1/
아마존 사파이어 핑크토,거미랑,자사몰,2026-06-02,85000,85000,0,,,품절,https://theraphosidae.co.kr/product/아마존-사파이어-핑크토-유체대/1267/category/24/display/1/
아마존 사파이어 핑크토,타란센터,자사몰,2026-06-02,100000,100000,0,,,품절,https://tarancenter.com/product/아마존-사파이어-핑크토-7cm-암컷-준성체-초-ybyrapora-diversipes/1187/category/51/display/1/
아마존 사파이어 핑크토,타란센터,자사몰,2026-06-02,20000,20000,0,,,품절,https://tarancenter.com/product/아마존-사파이어-핑크토-옵션-크기선택-ybyrapora-diversipes/791/category/51/display/1/
아마존 사파이어 핑크토,타란툴라코리아,네이버,2026-06-02,28000,28000,0,,,품절,https://smartstore.naver.com/tarantulakorea/products/10588563935
아마존 사파이어 핑크토,타란툴라코리아,자사몰,2026-06-02,28000,28000,0,,,품절,https://tarantulakorea.com/product/아마존-사파이어-핑크토-유체/280/category/67/display/1/
아위쿨라리아 Sp. 슈아리아나,거미랑,자사몰,2026-06-02,55000,55000,0,,,품절,https://theraphosidae.co.kr/product/아위쿨라리아-spec-슈아리아나-유체/1717/category/24/display/1/
아위쿨라리아 Sp. 슈아리아나,타란센터,자사몰,2026-06-02,85000,85000,0,,,품절,https://tarancenter.com/product/아위쿨라리아-sp-슈아리아나-유체-avicularia-sp-shuariana/927/category/51/display/1/
아위쿨라리아 Sp. 티푸티니,거미랑,자사몰,2026-06-02,50000,50000,0,,,품절,https://theraphosidae.co.kr/product/아위쿨라리아-spec-티푸티니-유체/1414/category/24/display/1/
아위쿨라리아 Sp. 티푸티니,타란센터,자사몰,2026-06-02,50000,50000,0,,,품절,https://tarancenter.com/product/아위쿨라리아-sp-티푸티니-유체-avicularia-sp-rio-tiputini/1002/category/51/display/1/
아위쿨라리아 spec. 골리앗 베네수엘라,거미랑,자사몰,2026-06-02,20000,20000,0,,,품절,https://theraphosidae.co.kr/product/아위쿨라리아-spec-골리앗-베네수엘라-유체/983/category/24/display/1/
아위쿨라리아 spec. 보아 비스타,거미랑,자사몰,2026-06-02,35000,35000,0,,,품절,https://theraphosidae.co.kr/product/아위쿨라리아-spec-보아-비스타-유체/1413/category/24/display/1/
아위쿨라리아 spec. 콜롬비아,거미랑,자사몰,2026-06-02,45000,45000,0,,,품절,https://theraphosidae.co.kr/product/아위쿨라리아-spec-콜롬비아-유체/236/category/24/display/1/
아위쿨라리아 메리아나이,거미랑,자사몰,2026-06-02,45000,45000,0,,,재고,https://theraphosidae.co.kr/product/아위쿨라리아-메리아나이-ex타라포토-유체/1500/category/24/display/1/
아위쿨라리아 메리아나이,거미랑,자사몰,2026-06-02,350000,350000,0,,,재고,https://theraphosidae.co.kr/product/아위쿨라리아-메리아나이-ex타라포토-준성체암컷/1740/category/24/display/1/
아위쿨라리아 메리아나이,거미랑,자사몰,2026-06-02,55000,55000,0,,,품절,https://theraphosidae.co.kr/product/아위쿨라리아-메리아나이-유체대/534/category/24/display/1/
아위쿨라리아 비케고이,거미랑,자사몰,2026-06-02,45000,45000,0,,,품절,https://theraphosidae.co.kr/product/아위쿨라리아-비케고이-에콰도르-유체/1519/category/24/display/1/
아위쿨라리아 비케고이,거미랑,자사몰,2026-06-02,45000,45000,0,,,품절,https://theraphosidae.co.kr/product/아위쿨라리아-비케고이-에콰도르-유체/1739/category/24/display/1/
아위쿨라리아 비케고이,거미랑,자사몰,2026-06-02,140000,140000,0,,,품절,https://theraphosidae.co.kr/product/아위쿨라리아-비케고이-유체대/1432/category/24/display/1/
아위쿨라리아 우르티칸스,거미랑,자사몰,2026-06-02,35000,35000,0,,,품절,https://theraphosidae.co.kr/product/아위쿨라리아-우르티칸스-유체/243/category/24/display/1/
아위쿨라리아 페루퍼플 핑크토,타란툴라코리아,네이버,2026-06-02,15000,15000,0,,,재고,https://smartstore.naver.com/tarantulakorea/products/10584846021
아위쿨라리아 히르스키,거미랑,자사몰,2026-06-02,125000,125000,0,,,품절,https://theraphosidae.co.kr/product/아위쿨라리아-히르스키ex린나이-유체/1532/category/24/display/1/
아위쿨라리아 히르스키,거미랑,자사몰,2026-06-02,300000,300000,0,,,품절,https://theraphosidae.co.kr/product/한정판매-아위쿨라리아-히르스키-유체/1454/category/24/display/1/
아이보리 오너멘탈,거미랑,자사몰,2026-06-02,65000,65000,0,,,품절,https://theraphosidae.co.kr/product/아이보리-오너멘탈-ex하이랜드-유체/1194/category/24/display/1/
아이보리 오너멘탈,거미랑,자사몰,2026-06-02,250000,250000,0,,,품절,https://theraphosidae.co.kr/product/아이보리-오너멘탈-하이랜드-준성체암/553/category/24/display/1/
아이보리 오너멘탈 로우랜드 바라,타란툴라코리아,네이버,2026-06-02,55000,55000,0,,,재고,https://smartstore.naver.com/tarantulakorea/products/10598591965
아이보리 오너멘탈 로우랜드 바라,타란툴라코리아,자사몰,2026-06-02,55000,55000,0,,,재고,https://tarantulakorea.com/product/아이보리-오너멘탈로우랜드-바라-유체/507/category/67/display/1/
아이보리오너멘탈 로우랜드,거미랑,자사몰,2026-06-02,55000,55000,0,,,품절,https://theraphosidae.co.kr/product/아이보리-오너멘탈-로우랜드-유체/1630/category/24/display/1/
아이보리오너멘탈 로우랜드,거미랑,자사몰,2026-06-02,55000,55000,0,,,품절,https://theraphosidae.co.kr/product/아이보리-오너멘탈-로우랜드-유체/1749/category/24/display/1/
아이보리오너멘탈 로우랜드,더쥬 송파점,네이버,2026-06-02,55000,55000,0,,,재고,https://smartstore.naver.com/tzblossom/products/10587874176
아이보리오너멘탈 로우랜드,타란센터,네이버,2026-06-02,50000,50000,0,,,품절,https://smartstore.naver.com/tarancenter/products/10774772115
아이보리오너멘탈 로우랜드,타란센터,자사몰,2026-06-02,50000,50000,0,,,품절,https://tarancenter.com/product/아이보리-오너멘탈-로우랜드-ex로우보리-유체-poecilotheria-bara-lowland/1091/category/51/display/1/
아이보리오너멘탈 로우랜드,타란툴라코리아,네이버,2026-05-31,50000,55000,1,"50,000 → 55,000",2026-06-01,재고,https://smartstore.naver.com/tarantulakorea/products/10598632503
아이보리오너멘탈 로우랜드,타란툴라코리아,자사몰,2026-06-02,55000,55000,0,,,재고,https://tarantulakorea.com/product/아이보리오너멘탈로우랜드-유체/222/category/67/display/1/
아칸소큐리아 cf.스테르날리스,거미랑,자사몰,2026-06-02,40000,40000,0,,,품절,https://theraphosidae.co.kr/product/아칸소큐리아-cf스테르날리스-발코즈나-유체대/1257/category/24/display/1/
아크카야 어스타이거,타란센터,자사몰,2026-06-02,70000,70000,0,,,품절,https://tarancenter.com/product/아크카야-어스-타이거-6cm-암컷-아성체-phormingochilus-sp-akcaya/869/category/51/display/1/
아크카야 어스타이거,타란센터,자사몰,2026-06-02,25000,25000,0,,,재고,https://tarancenter.com/product/아크카야-어스타이거-유체-phormingochilus-sp-akcaya/1344/category/51/display/1/
아크카야 타이거,거미랑,자사몰,2026-06-02,200000,200000,0,,,품절,https://theraphosidae.co.kr/product/아크카야-타이거-12cm-암컷/77/category/24/display/1/
아크카야 타이거,거미랑,자사몰,2026-06-02,140000,140000,0,,,품절,https://theraphosidae.co.kr/product/아크카야-타이거-9-10cm-암컷/1340/category/24/display/1/
아크카야 타이거,거미랑,자사몰,2026-06-02,240000,240000,0,,,품절,https://theraphosidae.co.kr/product/아크카야-타이거-암-10cm-수-8cm-한쌍/1341/category/24/display/1/
아크카야 타이거,거미랑,자사몰,2026-06-02,15000,15000,0,,,품절,https://theraphosidae.co.kr/product/아크카야-타이거-유체/1363/category/24/display/1/
아크카야 타이거,거미랑,자사몰,2026-06-02,55000,55000,0,,,품절,https://theraphosidae.co.kr/product/아크카야-타이거-유체대/888/category/24/display/1/
아크카야 타이거,타란센터,자사몰,2026-06-02,100000,100000,0,,,품절,https://tarancenter.com/product/아크카야-타이거-10cm-암컷-준성체-초-phormingochilus-sp-akcaya/1157/category/51/display/1/
아크카야 타이거,타란툴라코리아,네이버,2026-06-02,20000,20000,0,,,품절,https://smartstore.naver.com/tarantulakorea/products/10584612280
아포노펠마 cf.모데라툼,거미랑,자사몰,2026-06-02,550000,550000,0,,,품절,https://theraphosidae.co.kr/product/아포노펠마-cf모데라툼-누에보-레온-8cm-암/463/category/24/display/1/
아포노펠마 cf.모데라툼,거미랑,자사몰,2026-06-02,80000,80000,0,,,품절,https://theraphosidae.co.kr/product/아포노펠마-cf모데라툼-누에보-레온-유체/460/category/24/display/1/
아포노펠마 spec. 다이아몬드 백,거미랑,자사몰,2026-06-02,39000,39000,0,,,품절,https://theraphosidae.co.kr/product/200마리-한정-묶음판매-아포노펠마-spec-다이아몬드-백-스파이더-링/1096/category/24/display/1/
아포노펠마 spec. 다이아몬드 백,거미랑,자사몰,2026-06-02,25000,25000,0,,,재고,https://theraphosidae.co.kr/product/아포노펠마-spec-다이아몬드-백-유체/1665/category/24/display/1/
아포노펠마 spec. 아카풀코,거미랑,자사몰,2026-06-02,110000,110000,0,,,품절,https://theraphosidae.co.kr/product/아포노펠마-spec-아카풀코-유체/1240/category/24/display/1/
아포노펠마 spec. 코유카,거미랑,자사몰,2026-06-02,110000,110000,0,,,품절,https://theraphosidae.co.kr/product/아포노펠마-spec-코유카-유체/1241/category/24/display/1/
아포노펠마 spec. 코유카,거미랑,자사몰,2026-06-02,110000,110000,0,,,품절,https://theraphosidae.co.kr/product/아포노펠마-spec-코유카-유체대/1326/category/24/display/1/
아포노펠마 spec. 히달고 오렌지,거미랑,자사몰,2026-06-02,280000,280000,0,,,품절,https://theraphosidae.co.kr/product/아포노펠마-spec-히달고-오렌지-유체대/1632/category/24/display/1/
아포노펠마 다이아몬드백,타란센터,네이버,2026-06-02,25000,25000,0,,,재고,https://smartstore.naver.com/tarancenter/products/11167717275
아포노펠마 다이아몬드백,타란센터,자사몰,2026-06-02,25000,25000,0,,,재고,https://tarancenter.com/product/아포노펠마-다이아몬드백-유체-aphonopelma-sp-diamondback/1045/category/51/display/1/
아포노펠마 다이아몬드백,타란툴라코리아,네이버,2026-06-02,25000,25000,0,,,재고,https://smartstore.naver.com/tarantulakorea/products/10562402266
아포노펠마 데저트 블론디,타란툴라코리아,네이버,2026-06-02,250000,250000,0,,,재고,https://smartstore.naver.com/tarantulakorea/products/12577914962
아포노펠마 데저트 블론디 뉴리버,타란툴라코리아,네이버,2026-06-02,40000,40000,0,,,재고,https://smartstore.naver.com/tarantulakorea/products/10613752312
아포노펠마 데져트 블론디,타란툴라코리아,네이버,2026-06-02,35000,35000,0,,,재고,https://smartstore.naver.com/tarantulakorea/products/10572847879
아포노펠마 로크 엔시노스 학명 Aphonopelma sp. Loc Encinos 습성 배회성 수명 약 10~15년 사육온도 23~27도 사육습도 40~60% 사이즈 성장 속도 보통 아포노펠마 로크 엔시노스 입니다. 관용명으로는 아포노펠마 블랙엔골드 라고도 불리우고 있습니다. 분양하고 있는 는 급 입니다. ● 추가 사진,타란툴라코리아,네이버,2026-06-02,45000,45000,0,,,품절,https://smartstore.naver.com/tarantulakorea/products/10694369016
아포노펠마 리오그란데골드,타란센터,네이버,2026-06-02,65000,65000,0,,,재고,https://smartstore.naver.com/tarancenter/products/13036635000
아포노펠마 리오그란데골드,타란툴라코리아,네이버,2026-06-02,65000,65000,0,,,재고,https://smartstore.naver.com/tarantulakorea/products/10579161185
아포노펠마 멕시칸 린체,타란센터,자사몰,2026-06-02,120000,120000,0,,,품절,https://tarancenter.com/product/아포노펠마-멕시칸-말린체-유체대-aphonopelma-sp-malinche/649/category/51/display/1/
아포노펠마 멕시칸 제이드 푸에고 무레이,타란툴라코리아,네이버,2026-06-02,220000,220000,0,,,품절,https://smartstore.naver.com/tarantulakorea/products/13457327794
아포노펠마 벨린다에 급,타란센터,자사몰,2026-06-02,100000,100000,0,,,품절,https://tarancenter.com/product/아포노펠마-벨린다에-성체급-암컷-10cm-aphonopelma-belindae/1546/category/51/display/1/
아포노펠마 벨린다에 급,타란툴라코리아,네이버,2026-06-02,30000,30000,0,,,품절,https://smartstore.naver.com/tarantulakorea/products/10561879178
아포노펠마 벨린다이,거미랑,자사몰,2026-06-02,20000,20000,0,,,품절,https://theraphosidae.co.kr/product/아포노펠마-벨린다이-유체/1065/category/24/display/1/
아포노펠마 벨린다이,거미랑,자사몰,2026-06-02,35000,35000,0,,,품절,https://theraphosidae.co.kr/product/아포노펠마-벨린다이-유체대/1332/category/24/display/1/
아포노펠마 블루프론트,타란툴라코리아,네이버,2026-06-02,38000,38000,0,,,재고,https://smartstore.naver.com/tarantulakorea/products/12032249869
아포노펠마 스테인닥네리,거미랑,네이버,2026-06-02,480000,480000,0,,,재고,https://smartstore.naver.com/terrafactory/products/13408151193
아포노펠마 스테인닥네리,거미랑,자사몰,2026-06-02,480000,480000,0,,,재고,https://theraphosidae.co.kr/product/아포노펠마-스테인닥네리-준성체성별선택/1910/category/24/display/1/
아포노펠마 코스타리칸제브라 타란튤라 분양,타란센터,네이버,2026-06-02,20000,20000,0,,,재고,https://smartstore.naver.com/tarancenter/products/11823215729
아포노펠마 콜렛 학명 Aphonopelma sp. Chocolate 습성 배회성 수명 약 10년 +,타란툴라코리아,네이버,2026-06-02,125000,125000,0,,,품절,https://smartstore.naver.com/tarantulakorea/products/12411572186
아포노펠마 크리니루품 코스타리카,거미랑,자사몰,2026-06-02,150000,150000,0,,,품절,https://theraphosidae.co.kr/product/아포노펠마-크리니루품-코스타리카/1171/category/24/display/1/
아포노펠마 텍사스 브라운 학명 Aphonopelma hentzi 습성 배회성 수명 약 20년+ +사육온도 23~28도 사육습도 40~60% 사이즈 성장 속도 느림~보통 아포노펠마 텍사스브라운 입니다 텍사스탄 보다 바디 전체가 브라운강모가 많은게 특징으로 장모의 털 덕분에 텍사스탄보다 부피감이 더 있어보입니다 3회 탈피 이상으로 정 작은 아포노 가 아니라 키우기 좋습니다. 분양되는 사이즈는 급 급 입니다. ● 추가사진,타란툴라코리아,네이버,2026-06-02,40000,40000,0,,,재고,https://smartstore.naver.com/tarantulakorea/products/10571913275
아포노펠마 텍사스탄,타란툴라코리아,네이버,2026-06-02,25000,25000,0,,,재고,https://smartstore.naver.com/tarantulakorea/products/10562343927
아포노펠마 플랏니키,거미랑,자사몰,2026-06-02,650000,650000,0,,,품절,https://theraphosidae.co.kr/product/아포노펠마-플랏니키-준성체한쌍/1886/category/24/display/1/
아프리카 골든바분,거미랑,자사몰,2026-06-02,28000,28000,0,,,재고,https://theraphosidae.co.kr/product/아프리카-골든바분-ex주노디-유체/2029/category/24/display/1/
아프리카 골든바분 주노디,타란툴라코리아,네이버,2026-06-02,20000,20000,0,,,재고,https://smartstore.naver.com/tarantulakorea/products/10629493439
아프리카 골든바분 주노디,타란툴라코리아,자사몰,2026-06-02,20000,20000,0,,,재고,https://tarantulakorea.com/product/아프리카-골든바분주노디-유체/84/category/66/display/1/
아프리카 레드럼프 바분 논스타우트렉,타란툴라코리아,자사몰,2026-06-02,140000,140000,0,,,재고,https://tarantulakorea.com/product/아프리카-레드럼프-바분-논스타우트렉-암컷확정/661/category/66/display/1/
아프리카 스타우트렉 바분,타란툴라코리아,네이버,2026-06-02,65000,65000,0,,,재고,https://smartstore.naver.com/tarantulakorea/products/10620857174
아프리카 스타우트렉 바분,타란툴라코리아,자사몰,2026-06-02,230000,230000,0,,,재고,https://tarantulakorea.com/product/아프리카-스타우트렉-바분-암컷확정/660/category/66/display/1/
아프리카 스타우트렉 바분,타란툴라코리아,자사몰,2026-06-02,65000,65000,0,,,재고,https://tarantulakorea.com/product/아프리카-스타우트렉-바분/625/category/66/display/1/
아프리카 혼드 바분,더쥬 송파점,네이버,2026-06-02,4000,4000,0,,,재고,https://smartstore.naver.com/tzblossom/products/9344261606
아프리카 혼드 바분,타란툴라코리아,네이버,2026-06-02,3500,3500,0,,,재고,https://smartstore.naver.com/tarantulakorea/products/10621730188
아프리카 혼드바분,거미랑,네이버,2026-06-02,8000,8000,0,,,품절,https://smartstore.naver.com/terrafactory/products/10797655171
아프리카 혼드바분,거미랑,자사몰,2026-06-02,12000,12000,0,,,품절,https://theraphosidae.co.kr/product/아프리카-혼드바분-유체/1166/category/24/display/1/
아프리카 혼드바분,거미랑,자사몰,2026-06-02,5000,5000,0,,,품절,https://theraphosidae.co.kr/product/아프리카-혼드바분-유체/1607/category/24/display/1/
아프리카 혼드바분,거미랑,자사몰,2026-06-02,18000,18000,0,,,품절,https://theraphosidae.co.kr/product/아프리카-혼드바분-유체대/1300/category/24/display/1/
아프리카 혼드바분,타란센터,네이버,2026-06-02,5000,5000,0,,,재고,https://smartstore.naver.com/tarancenter/products/11179601939
아프리카 혼드바분,타란툴라코리아,자사몰,2026-06-02,3500,3500,0,,,재고,https://tarantulakorea.com/product/아프리카-혼드바분-유체/85/category/66/display/1/
아프리칸 스타우트렉 바분,거미랑,자사몰,2026-06-02,185000,185000,0,,,품절,https://theraphosidae.co.kr/product/아프리칸-스타우트렉-바분-준성체-암컷/1963/category/24/display/1/
아프리칸 혼드바분,타란센터,네이버,2026-06-03,50000,50000,0,,,품절,https://smartstore.naver.com/tarancenter/products/13621750261
아프리칸 혼드바분,타란센터,자사몰,2026-06-02,30000,30000,0,,,품절,https://tarancenter.com/product/아프리칸-혼드-바분-3cm-암수한쌍-암컷-단품-가능-ceratogyrus-darlingi-pair/655/category/51/display/1/
아프리칸 혼드바분,타란센터,자사몰,2026-06-02,50000,50000,0,,,품절,https://tarancenter.com/product/아프리칸-혼드바분-암컷-준성체-9cm-ceratogyrus-darlingi/1572/category/51/display/1/
아프리칸 혼드바분,타란센터,자사몰,2026-06-02,5000,5000,0,,,재고,https://tarancenter.com/product/아프리칸-혼드바분-유체-ceratogyrus-darlingi/1030/category/51/display/1/
악테온,거미랑,자사몰,2026-06-02,80000,80000,0,,,품절,https://theraphosidae.co.kr/product/악테온-유체/1350/category/24/display/1/
악테온,타란툴라코리아,자사몰,2026-06-02,75000,75000,0,,,품절,https://tarantulakorea.com/product/악테온-유체/393/category/24/display/1/
악테온 다크폼,타란툴라코리아,자사몰,2026-06-02,80000,80000,0,,,재고,https://tarantulakorea.com/product/악테온다크폼-유체-spec-산타카타리나-섬-악테온/682/category/24/display/1/
안카스하 픽타,거미랑,자사몰,2026-06-02,65000,65000,0,,,재고,https://theraphosidae.co.kr/product/안카스하-픽타-유체/1825/category/24/display/1/
안카스하 픽타,타란툴라코리아,자사몰,2026-06-02,65000,65000,0,,,재고,https://tarantulakorea.com/product/안카스하-픽타-유체/636/category/66/display/1/
안카스하 픽타 학명 Anqasha picta 습성 버로우성 수명 약 10~15년 사육온도 23~27도 사육습도 60~80% 사이즈 성장 속도 빠름 소형종이지만 다리가 짧고 부피가 있어서 체형이 형 배회성처럼 탄탄해 보입니다. 복부에 화려한 패턴과 발색을 가진 아름다운 타란툴라 입니다. 분양하고 있는 는 급 입니다. ● 추가 사진,타란툴라코리아,네이버,2026-06-02,65000,65000,0,,,재고,https://smartstore.naver.com/tarantulakorea/products/10694396048
안티쿠나 spec. 에르두아,거미랑,자사몰,2026-06-02,105000,105000,0,,,재고,https://theraphosidae.co.kr/product/안티쿠나-spec-에르두아-유체/1999/category/24/display/1/
안티쿠나 spec. 에르두아,타란툴라코리아,자사몰,2026-06-02,105000,105000,0,,,재고,https://tarantulakorea.com/product/안티쿠나-spec-에르두아-유체/740/category/24/display/1/
안티쿠나 에르두아 학명 Antikuna sp. Herradura 습성 배회성 수명 약 10~15년 사육온도 25~27도 사육습도 50~70% 사이즈 +,타란툴라코리아,네이버,2026-06-02,105000,105000,0,,,재고,https://smartstore.naver.com/tarantulakorea/products/13075648931
안티쿠나 파이어,거미랑,네이버,2026-06-02,95000,95000,0,,,재고,https://smartstore.naver.com/terrafactory/products/13583200282
안티쿠나 파이어,거미랑,자사몰,2026-06-02,95000,95000,0,,,재고,https://theraphosidae.co.kr/product/안티쿠나-spec-파이어-유체/2030/category/24/display/1/
안틸레나 릭쿠웨스티,거미랑,자사몰,2026-06-02,180000,180000,0,,,품절,https://theraphosidae.co.kr/product/안틸레나-릭쿠웨스티-준성체암컷/646/category/24/display/1/
안틸레스 핑크토,거미랑,네이버,2026-06-02,10000,10000,0,,,재고,https://smartstore.naver.com/terrafactory/products/5499761366
안틸레스 핑크토,거미랑,자사몰,2026-06-02,15000,15000,0,,,재고,https://theraphosidae.co.kr/product/안틸레스-핑크토-유체/1581/category/24/display/1/
안틸레스 핑크토,거미랑,자사몰,2026-06-02,15000,15000,0,,,품절,https://theraphosidae.co.kr/product/안틸레스-핑크토-유체대4cm/1502/category/24/display/1/
안틸레스 핑크토,더쥬 송파점,네이버,2026-06-02,25000,25000,0,,,품절,https://smartstore.naver.com/tzblossom/products/8771289373
안틸레스 핑크토,더쥬 송파점,네이버,2026-06-02,9000,9000,0,,,재고,https://smartstore.naver.com/tzblossom/products/9912891973
안틸레스 핑크토,타란센터,자사몰,2026-06-02,100000,100000,0,,,품절,https://tarancenter.com/product/안틸레스-핑크토-11cm-암컷-브리딩가능-산란경험x-caribena-versicolor/890/category/51/display/1/
안틸레스 핑크토,타란센터,자사몰,2026-06-02,13000,13000,0,,,품절,https://tarancenter.com/product/안틸레스-핑크토-23탈피-유체-caribena-versicolor/998/category/51/display/1/
안틸레스 핑크토,타란센터,자사몰,2026-06-02,15000,15000,0,,,품절,https://tarancenter.com/product/안틸레스-핑크토-유체-caribena-versicolor/1272/category/51/display/1/
안틸레스 핑크토,타란센터,자사몰,2026-06-02,10000,10000,0,,,재고,https://tarancenter.com/product/안틸레스-핑크토-유체-caribena-versicolor/1449/category/51/display/1/
안틸레스 핑크토,타란센터,자사몰,2026-06-02,10000,10000,0,,,품절,https://tarancenter.com/product/안틸레스-핑크토-유체-caribena-versicolor/814/category/51/display/1/
안틸레스 핑크토,타란툴라코리아,네이버,2026-06-02,10000,10000,0,,,재고,https://smartstore.naver.com/tarantulakorea/products/10561085534
안틸레스 핑크토,타란툴라코리아,자사몰,2026-06-02,10000,10000,0,,,재고,https://tarantulakorea.com/product/안틸레스-핑크토-유체/123/category/67/display/1/
안틸레스핑크토 타란튤라 애완거미,타란센터,네이버,2026-06-02,10000,10000,0,,,재고,https://smartstore.naver.com/tarancenter/products/6830101833
알라딘,타란툴라코리아,자사몰,2026-06-02,30000,30000,0,,,재고,https://tarantulakorea.com/product/알라딘-유체/697/category/24/display/1/
애버리티타이거,타란툴라코리아,네이버,2026-06-02,35000,35000,0,,,재고,https://smartstore.naver.com/tarantulakorea/products/10645615738
애버리티타이거,타란툴라코리아,자사몰,2026-06-02,35000,35000,0,,,재고,https://tarantulakorea.com/product/애버리티타이거-유체/229/category/66/display/1/
야수니 트리 스파이더,타란툴라코리아,네이버,2026-06-02,35000,35000,0,,,재고,https://smartstore.naver.com/tarantulakorea/products/10598129856
야수니 트리스파이더,거미랑,자사몰,2026-06-02,45000,45000,0,,,품절,https://theraphosidae.co.kr/product/야수니-트리스파이더-유체/1362/category/24/display/1/
야수니 트리스파이더,타란툴라코리아,자사몰,2026-06-02,35000,35000,0,,,재고,https://tarantulakorea.com/product/야수니-트리스파이더-유체/603/category/67/display/1/
어셈 BCF,더쥬 송파점,네이버,2026-06-02,15000,15000,0,,,재고,https://smartstore.naver.com/tzblossom/products/9728575992
어셈 BCF,더쥬 송파점,네이버,2026-06-02,18000,18000,0,,,재고,https://smartstore.naver.com/tzblossom/products/9728666313
어셈 BCF,더쥬 송파점,네이버,2026-06-02,4000,4000,0,,,품절,https://smartstore.naver.com/tzblossom/products/9970830826
어셈 BCF,타란센터,네이버,2026-06-02,18000,18000,0,,,재고,https://smartstore.naver.com/tarancenter/products/12391616794
어셈 BCF,타란센터,자사몰,2026-06-02,18000,18000,0,,,재고,https://tarancenter.com/product/어셈-bcf-ex-테테-유체-pterinochilus-murinus-bcf-north-mozambiquetete/1345/category/51/display/1/
어셈 BCF,타란센터,자사몰,2026-06-02,15000,15000,0,,,품절,https://tarancenter.com/product/어셈-dcf-키고마-유체-pterinochilus-murinus-dcf-kigoma/731/category/51/display/1/
어셈 BCF,타란센터,자사몰,2026-06-02,35000,35000,0,,,재고,https://tarancenter.com/product/어셈-바분-dcf-보츠와나-유체-pterinochilus-murinus-dcf-botswana/1399/category/51/display/1/
어셈 BCF,타란센터,자사몰,2026-06-02,45000,45000,0,,,품절,https://tarancenter.com/product/어셈-바분-dcf-보츠와나-유체-pterinochilus-murinus-dcf-botswana/986/category/51/display/1/
어셈 BCF,타란센터,자사몰,2026-06-02,4000,4000,0,,,재고,https://tarancenter.com/product/어셈-오렌지-바분-유체-크기-옵션선택-pterinochilus-murinus/104/category/51/display/1/
어셈 BCF,타란센터,자사몰,2026-06-02,8000,8000,0,,,품절,https://tarancenter.com/product/어셈바라-바분-tcf-유체-pterinochilus-murinus-tcf/769/category/51/display/1/
어셈 BCF,타란센터,자사몰,2026-06-02,12000,12000,0,,,품절,https://tarancenter.com/product/어셈바라-바분-tcf-유체-옵션-크기선택-pterinochilus-murinus-tcf/866/category/51/display/1/
어셈 BCF,타란툴라코리아,네이버,2026-06-02,3000,3000,0,,,재고,https://smartstore.naver.com/tarantulakorea/products/10527790227
어셈 BCF,타란툴라코리아,자사몰,2026-06-02,15000,15000,0,,,재고,https://tarantulakorea.com/product/어셈-dcf-키고마-다크폼-유체/126/category/66/display/1/
어셈 BCF,타란툴라코리아,자사몰,2026-06-02,3000,3000,0,,,재고,https://tarantulakorea.com/product/어셈-rcf-레드폼-유체/336/category/66/display/1/
어셈 BCF,타란툴라코리아,자사몰,2026-06-02,15000,15000,0,,,재고,https://tarantulakorea.com/product/어셈-tcf-바분-유체/125/category/66/display/1/
어셈 BCF 테테,타란툴라코리아,자사몰,2026-06-02,18000,18000,0,,,재고,https://tarantulakorea.com/product/어셈-bcf-테테-브라운폼-유체/502/category/66/display/1/
어셈 DCF 미쿠미,타란툴라코리아,자사몰,2026-06-02,18000,18000,0,,,재고,https://tarantulakorea.com/product/어셈-dcf-미쿠미-다크폼-유체/659/category/66/display/1/
어셈 DCF 보츠와나,타란툴라코리아,자사몰,2026-06-02,35000,35000,0,,,재고,https://tarantulakorea.com/product/어셈-dcf-보츠와나-다크폼-유체/230/category/66/display/1/
어셈 OCF [오렌지,타란툴라코리아,자사몰,2026-06-02,3000,3000,0,,,재고,https://tarantulakorea.com/product/어셈-ocf-오렌지우잠바라-유체/124/category/66/display/1/
어셈 다크폼 보츠와나 짐바브웨,거미랑,네이버,2026-05-31,35000,29000,1,"35,000 → 29,000",2026-06-01,재고,https://smartstore.naver.com/terrafactory/products/12455863593
어셈 바분 DCF 다크폼 보츠와나,타란툴라코리아,네이버,2026-06-02,35000,35000,0,,,재고,https://smartstore.naver.com/tarantulakorea/products/10663071782
어셈 바분 DCF 미쿠미 다크폼,타란툴라코리아,네이버,2026-06-02,20000,20000,0,,,재고,https://smartstore.naver.com/tarantulakorea/products/11151826444
어셈RCF 바분 어셈레드폼,타란툴라코리아,네이버,2026-06-02,3000,3000,0,,,재고,https://smartstore.naver.com/tarantulakorea/products/10621710273
어셈바분 TCF,거미랑,네이버,2026-06-02,4000,4000,0,,,품절,https://smartstore.naver.com/terrafactory/products/5821107842
어셈바분 TCF,거미랑,자사몰,2026-06-02,35000,35000,0,,,품절,https://theraphosidae.co.kr/product/어셈바분-dcf-유체/54/category/24/display/1/
어셈오렌지바분 타란튤라 애완거미,타란센터,네이버,2026-06-02,4000,4000,0,,,재고,https://smartstore.naver.com/tarancenter/products/10985714219
에메랄드 스켈레톤,거미랑,자사몰,2026-06-02,45000,45000,0,,,품절,https://theraphosidae.co.kr/product/에메랄드-스켈레톤-유체/1163/category/24/display/1/
에메랄드 스켈레톤,거미랑,자사몰,2026-06-02,40000,40000,0,,,품절,https://theraphosidae.co.kr/product/에메랄드-스켈레톤-유체/1741/category/24/display/1/
에메랄드 스켈레톤,타란센터,네이버,2026-06-02,50000,50000,0,,,품절,https://smartstore.naver.com/tarancenter/products/11179695036
에메랄드 스켈레톤,타란센터,자사몰,2026-06-02,50000,50000,0,,,품절,https://tarancenter.com/product/에메랄드-스켈레톤-유체-ephebopus-uatuman/1029/category/51/display/1/
에메랄드 스켈레톤,타란툴라코리아,네이버,2026-06-02,40000,40000,0,,,재고,https://smartstore.naver.com/tarantulakorea/products/10662426610
에메랄드 스켈레톤,타란툴라코리아,자사몰,2026-06-02,40000,40000,0,,,재고,https://tarantulakorea.com/product/에메랄드-스켈레톤-유체/458/category/66/display/1/
에버리티 어스타이거,더쥬 송파점,네이버,2026-06-02,55000,55000,0,,,품절,https://smartstore.naver.com/tzblossom/products/10635224744
에버리티 어스타이거,더쥬 송파점,네이버,2026-06-02,35000,35000,0,,,품절,https://smartstore.naver.com/tzblossom/products/10787992491
에버리티 어스타이거,타란센터,네이버,2026-06-02,35000,35000,0,,,재고,https://smartstore.naver.com/tarancenter/products/10870627515
에버리티 어스타이거,타란센터,자사몰,2026-06-02,35000,35000,0,,,품절,https://tarancenter.com/product/에버리티-어스타이거-유체-phormingochilus-everetti/1122/category/51/display/1/
에버리티 어스타이거,타란센터,자사몰,2026-06-02,35000,35000,0,,,재고,https://tarancenter.com/product/에버리티-어스타이거-유체-phormingochilus-everetti/1306/category/51/display/1/
에버리티 어스타이거,타란센터,자사몰,2026-06-02,60000,60000,0,,,품절,https://tarancenter.com/product/에버리티-어스타이거-유체대-phormingochilus-everetti/693/category/51/display/1/
에베렛티 타이거,거미랑,자사몰,2026-06-02,80000,80000,0,,,품절,https://theraphosidae.co.kr/product/에베렛티-타이거-유체-7마리-남았습니다/1175/category/24/display/1/
에베렛티 타이거,거미랑,자사몰,2026-06-02,35000,35000,0,,,품절,https://theraphosidae.co.kr/product/에베렛티-타이거-유체/1476/category/24/display/1/
에베렛티 타이거,거미랑,자사몰,2026-06-02,35000,35000,0,,,재고,https://theraphosidae.co.kr/product/에베렛티-타이거-유체/1948/category/24/display/1/
에베렛티 타이거,거미랑,자사몰,2026-06-02,70000,70000,0,,,품절,https://theraphosidae.co.kr/product/에베렛티-타이거-유체/600/category/24/display/1/
에슐러스 그린,타란툴라코리아,네이버,2026-06-02,55000,55000,0,,,재고,https://smartstore.naver.com/tarantulakorea/products/11768737528
에슐러스 그린,타란툴라코리아,자사몰,2026-06-02,55000,55000,0,,,재고,https://tarantulakorea.com/product/에슐러스그린-유체/687/category/24/display/1/
에슐러스 마니카타 그린 학명 Euathlus manicata green 습성 배회성 수명 약 10년+,타란툴라코리아,네이버,2026-06-02,80000,80000,0,,,품절,https://smartstore.naver.com/tarantulakorea/products/11483085142
에이퍼 필리핀 드워프,타란툴라코리아,네이버,2026-06-02,15000,15000,0,,,재고,https://smartstore.naver.com/tarantulakorea/products/12044003287
에이퍼 필리핀 드워프,타란툴라코리아,자사몰,2026-06-02,15000,15000,0,,,재고,https://tarantulakorea.com/product/에이퍼-필리핀-드워프-유체/701/category/66/display/1/
에콰도르 드워프,타란툴라코리아,자사몰,2026-06-02,20000,20000,0,,,재고,https://tarantulakorea.com/product/에콰도르-드워프-유체/403/category/24/display/1/
에콰도르 드워프 벨록스 학명 Cymbiapophysa velox 습성 배회성 수명 약 10~15년 사육온도 25~28도 사육습도 60~70% 사이즈 성장 속도 빠름 2020년에는 콜롬비아 서식지 벨록스를 분양했습니다. 콜롬비아 개체군보다 더 크게 자랍니다. 드워프라고 하지만 로즈헤어 성장하며 곱슬거리는 털이 특징이고 발색이 매우 특이하고 이쁩니다. 분양되는 사이즈는 급 입니다. ● 추가 사진,타란툴라코리아,네이버,2026-06-02,20000,20000,0,,,재고,https://smartstore.naver.com/tarantulakorea/products/10561776955
에콰도르 브라운벨벳 벨베토소마 학명 Megaphobema velvetosoma Coca,타란툴라코리아,네이버,2026-06-02,75000,75000,0,,,품절,https://smartstore.naver.com/tarantulakorea/products/12411551063
에콰도리안 골든,타란센터,자사몰,2026-06-02,130000,130000,0,,,품절,https://tarancenter.com/product/에콰도리안-골든-ex익리지-10cm-암컷-준성체-psalmopoeus-ecclesiasticus/1185/category/51/display/1/
에콰도리안 골든,타란센터,자사몰,2026-06-02,35000,35000,0,,,품절,https://tarancenter.com/product/에콰도리안-골든익리지엑클레시아스티쿠스-유체-psalmopoeus-ecclesiasticus/879/category/51/display/1/
에콰도리안 골든,타란툴라코리아,네이버,2026-06-02,35000,35000,0,,,품절,https://smartstore.naver.com/tarantulakorea/products/10596251474
에콰도리안 브라운벨벳,거미랑,자사몰,2026-06-02,220000,220000,0,,,품절,https://theraphosidae.co.kr/product/에콰도리안-브라운벨벳-준성체암/145/category/24/display/1/
에콰도리안 퍼플,타란툴라코리아,네이버,2026-06-02,35000,35000,0,,,품절,https://smartstore.naver.com/tarantulakorea/products/10592392235
에콰도리안 퍼플 핑크토,거미랑,자사몰,2026-06-02,50000,50000,0,,,품절,https://theraphosidae.co.kr/product/에콰도리안-퍼플-핑크토-유체/1168/category/24/display/1/
에콰도리안 퍼플 핑크토,거미랑,자사몰,2026-06-02,25000,25000,0,,,품절,https://theraphosidae.co.kr/product/에콰도리안-퍼플-핑크토-유체/1501/category/24/display/1/
에콰도리안 퍼플 핑크토,거미랑,자사몰,2026-06-02,35000,35000,0,,,품절,https://theraphosidae.co.kr/product/에콰도리안-퍼플-핑크토-유체/824/category/24/display/1/
에콰도리안 퍼플 핑크토,타란센터,자사몰,2026-06-02,35000,35000,0,,,품절,https://tarancenter.com/product/에콰도리안-퍼플-핑크토-유체-avicularia-purpurea/843/category/51/display/1/
에콰도리안 퍼플 핑크토,타란센터,자사몰,2026-06-02,25000,25000,0,,,품절,https://tarancenter.com/product/에콰도리안-퍼플-핑크토-유체-avicularia-purpurea/925/category/51/display/1/
에콰도리안 핑크토,거미랑,자사몰,2026-06-02,45000,45000,0,,,품절,https://theraphosidae.co.kr/product/에콰도리안-핑크토-유체/133/category/24/display/1/
엑실리스,타란툴라코리아,자사몰,2026-06-02,15000,15000,0,,,재고,https://tarantulakorea.com/product/엑실리스-유체/344/category/24/display/1/
엑클레시아스티쿠스,거미랑,자사몰,2026-06-02,250000,250000,0,,,품절,https://theraphosidae.co.kr/product/프살모포에우스-엑클레시아스티쿠스-1014cm-암컷/1370/category/24/display/1/
엑클레시아스티쿠스,거미랑,자사몰,2026-06-02,35000,35000,0,,,품절,https://theraphosidae.co.kr/product/프살모포에우스-엑클레시아스티쿠스/1568/category/24/display/1/
엑클레시아스티쿠스,거미랑,자사몰,2026-06-02,45000,45000,0,,,품절,https://theraphosidae.co.kr/product/프살모포이우스-엑클레시아스티쿠스-유체/1161/category/24/display/1/
엑클레시아스티쿠스,거미랑,자사몰,2026-06-02,35000,35000,0,,,품절,https://theraphosidae.co.kr/product/프살모포이우스-엑클레시아스티쿠스-유체/332/category/24/display/1/
엑클레시아스티쿠스,거미랑,자사몰,2026-06-02,40000,40000,0,,,품절,https://theraphosidae.co.kr/product/프살모포이우스-엑클레시아스티쿠스-유체/891/category/24/display/1/
엑클레시아스티쿠스,거미랑,자사몰,2026-06-02,40000,40000,0,,,품절,https://theraphosidae.co.kr/product/프살모포이우스-엑클레시아스티쿠스-유체대-마지막-한마리/1050/category/24/display/1/
엔트리 리오스,거미랑,자사몰,2026-06-02,190000,190000,0,,,품절,https://theraphosidae.co.kr/product/엔트리-리오스-6cm암컷/1285/category/24/display/1/
엔트리 리오스,거미랑,자사몰,2026-06-02,80000,80000,0,,,품절,https://theraphosidae.co.kr/product/엔트리-리오스-유체/1348/category/24/display/1/
엔트리 리오스,타란센터,자사몰,2026-06-02,350000,350000,0,,,품절,https://tarancenter.com/product/엔트리-리오스-10cm-암수-한쌍-grammostola-iheringi-pair/871/category/51/display/1/
엔트리 리오스,타란센터,자사몰,2026-06-02,180000,180000,0,,,품절,https://tarancenter.com/product/엔트리-리오스-12cm-암컷-준성체-grammostola-iheringi/1169/category/51/display/1/
엔트리 리오스,타란센터,자사몰,2026-06-02,150000,150000,0,,,품절,https://tarancenter.com/product/엔트리-리오스-9cm-암컷-grammostola-iheringi-방문입양만가능/967/category/51/display/1/
엔트리 리오스,타란센터,자사몰,2026-06-02,80000,80000,0,,,품절,https://tarancenter.com/product/엔트리-리오스-유체-grammostola-iheringi/725/category/51/display/1/
엔트리 리오스,타란센터,자사몰,2026-06-02,250000,250000,0,,,품절,https://tarancenter.com/product/엔트리-리오스-준성체-11cm-한쌍-grammostola-iheringi/1033/category/51/display/1/
엘레강스,타란툴라코리아,자사몰,2026-06-02,20000,20000,0,,,재고,https://tarantulakorea.com/product/엘레강스-유체/190/category/66/display/1/
엘리자베스 바분,거미랑,자사몰,2026-06-02,40000,40000,0,,,품절,https://theraphosidae.co.kr/product/엘리자베스-바분-유체/1418/category/24/display/1/
엘리자베스 바분,거미랑,자사몰,2026-06-02,45000,45000,0,,,품절,https://theraphosidae.co.kr/product/엘리자베스-바분-유체/838/category/24/display/1/
옐로우 밴디드 버드이터,타란툴라코리아,자사몰,2026-06-02,30000,30000,0,,,재고,https://tarantulakorea.com/product/옐로우-밴디드-버드이터-유체/613/category/24/display/1/
옐로우 밴디드 버드이터 학명 Cyclosternum schmardae 습성 배회성 수명 약 10년+,타란툴라코리아,네이버,2026-06-02,30000,30000,0,,,재고,https://smartstore.naver.com/tarantulakorea/products/10566795446
옐로우 밴디드 핑크토 브라질,타란툴라코리아,네이버,2026-06-02,38000,38000,0,,,품절,https://smartstore.naver.com/tarantulakorea/products/12577844699
옐로우&블루보틀,타란툴라코리아,자사몰,2026-06-02,45000,45000,0,,,재고,https://tarantulakorea.com/product/옐로우블루보틀-유체/491/category/24/display/1/
옐로우백 오너멘탈,거미랑,자사몰,2026-06-02,25000,25000,0,,,품절,https://theraphosidae.co.kr/product/옐로우백-오너멘탈-유체/1195/category/24/display/1/
옐로우백 오너멘탈,거미랑,자사몰,2026-06-02,65000,65000,0,,,품절,https://theraphosidae.co.kr/product/옐로우백-오너멘탈-유체대/1269/category/24/display/1/
옐로우백 오너멘탈,타란센터,자사몰,2026-06-02,30000,30000,0,,,품절,https://tarancenter.com/product/옐로우백-오너멘탈-유체-poecilotheria-smithi/847/category/51/display/1/
옐로우백 오너멘탈,타란툴라코리아,네이버,2026-06-02,35000,35000,0,,,품절,https://smartstore.naver.com/tarantulakorea/products/10613437812
옐로우밴디드 핑크토 브라질,타란툴라코리아,자사몰,2026-06-02,38000,38000,0,,,품절,https://tarantulakorea.com/product/옐로우밴디드-핑크토-브라질유체/424/category/67/display/1/
옐로우핑크토,타란툴라코리아,네이버,2026-06-02,55000,55000,0,,,품절,https://smartstore.naver.com/tarantulakorea/products/11425092094
오너멘탈 바분,거미랑,네이버,2026-06-02,3000,3000,0,,,품절,https://smartstore.naver.com/terrafactory/products/5584268101
오너멘탈 바분,거미랑,자사몰,2026-06-02,5000,5000,0,,,품절,https://theraphosidae.co.kr/product/오너멘탈-바분-유체/1674/category/24/display/1/
오너멘탈 바분,더쥬 송파점,네이버,2026-06-02,5000,5000,0,,,재고,https://smartstore.naver.com/tzblossom/products/8764128032
오너멘탈 바분,타란센터,자사몰,2026-06-02,15000,15000,0,,,품절,https://tarancenter.com/product/오너멘탈-바분-5cm-아성체-heteroscodra-maculata/958/category/51/display/1/
오너멘탈 바분,타란센터,자사몰,2026-06-02,4000,4000,0,,,품절,https://tarancenter.com/product/오너멘탈-바분-유체-heteroscodra-maculata/103/category/51/display/1/
오너멘탈 바분 오너바분,타란툴라코리아,네이버,2026-06-02,5000,5000,0,,,품절,https://smartstore.naver.com/tarantulakorea/products/10621692627
오너멘탈바분 타란튤라 애완거미,타란센터,네이버,2026-06-02,4000,4000,0,,,품절,https://smartstore.naver.com/tarancenter/products/11160085045
오너멘탈의 최종악장 하누마빌라수미카 오너멘탈,타란툴라코리아,네이버,2026-06-02,90000,90000,0,,,품절,https://smartstore.naver.com/tarantulakorea/products/10763559127
오렌지 마우스,타란툴라코리아,자사몰,2026-06-02,15000,15000,0,,,재고,https://tarantulakorea.com/product/오렌지-마우스-유체/114/category/67/display/1/
오렌지 프린지드,거미랑,네이버,2026-06-02,30000,30000,0,,,재고,https://smartstore.naver.com/terrafactory/products/5466823366
오렌지 프린지드,거미랑,자사몰,2026-06-02,120000,120000,0,,,품절,https://theraphosidae.co.kr/product/오렌지-프린지드-준성체암/345/category/24/display/1/
오렌지 프린지드,거미랑,자사몰,2026-06-02,120000,120000,0,,,품절,https://theraphosidae.co.kr/product/오렌지-프린지드-칼리만탄-7-8cm한쌍/1724/category/24/display/1/
오렌지 프린지드,거미랑,자사몰,2026-06-02,250000,250000,0,,,품절,https://theraphosidae.co.kr/product/오렌지-프린지드남부쿠칭-준성체암/28/category/24/display/1/
오렌지 프린지드,타란툴라코리아,네이버,2026-06-02,30000,30000,0,,,재고,https://smartstore.naver.com/tarantulakorea/products/10644867701
오렌지 프린지드,타란툴라코리아,자사몰,2026-06-02,30000,30000,0,,,재고,https://tarantulakorea.com/product/오렌지-프린지드-유체/196/category/66/display/1/
오렌지 프린지드 도리에 칼리만탄 약,더쥬 송파점,네이버,2026-06-02,75000,75000,0,,,재고,https://smartstore.naver.com/tzblossom/products/12880252977
오렌지 프린지드 칼리만탄 바랏,거미랑,네이버,2026-06-02,85000,85000,0,,,재고,https://smartstore.naver.com/terrafactory/products/13089678765
오렌지 프린지드 칼리만탄 바랏,거미랑,자사몰,2026-06-02,30000,30000,0,,,재고,https://theraphosidae.co.kr/product/오렌지-프린지드-칼리만탄-바랏-유체/1033/category/24/display/1/
오렌지 프린지드 칼리만탄 바랏,거미랑,자사몰,2026-06-02,85000,85000,0,,,재고,https://theraphosidae.co.kr/product/오렌지-프린지드-칼리만탄-바랏-준성체1418cm-암컷-0123-재입고-되었습니다/1754/category/24/display/1/
오렌지 프린지드 폰티아낙,타란센터,자사몰,2026-06-02,70000,70000,0,,,품절,https://tarancenter.com/product/오렌지-프린지드-폰티아낙-준성체-암컷-cyriopagopus-doriae-pontianak/1472/category/51/display/1/
오렌지마우스,거미랑,자사몰,2026-06-02,18000,18000,0,,,품절,https://theraphosidae.co.kr/product/코스타리칸-오렌지마우스-유체/1159/category/24/display/1/
오렌지마우스,더쥬 송파점,네이버,2026-06-02,15000,15000,0,,,품절,https://smartstore.naver.com/tzblossom/products/11761904868
오렌지어셈 바분,거미랑,네이버,2026-06-02,3000,3000,0,,,재고,https://smartstore.naver.com/terrafactory/products/5229926863
오렌지어셈 바분,거미랑,자사몰,2026-06-02,5000,5000,0,,,품절,https://theraphosidae.co.kr/product/오렌지어셈-바분-유체/78/category/24/display/1/
오렌지어셈 바분,거미랑,자사몰,2026-06-02,18000,18000,0,,,품절,https://theraphosidae.co.kr/product/오렌지어셈-바분-유체대-6cm/1090/category/24/display/1/
오렌지어셈 바분,거미랑,자사몰,2026-06-02,80000,80000,0,,,품절,https://theraphosidae.co.kr/product/오렌지어셈-바분-준성체암/79/category/24/display/1/
오르니톡토누스 spec. 라농 블루,거미랑,자사몰,2026-06-02,15000,15000,0,,,재고,https://theraphosidae.co.kr/product/오르니톡토누스-spec-라농-블루-ex사우스-춤폰-유체/1627/category/24/display/1/
오르니톡토누스 spec. 라농 블루,거미랑,자사몰,2026-06-02,50000,50000,0,,,재고,https://theraphosidae.co.kr/product/오르니톡토누스-spec-라농-블루-준성체10cm-암컷/1429/category/24/display/1/
오르니톡토니나에 Sp. 시암사투,타란센터,네이버,2026-06-02,80000,80000,0,,,재고,https://smartstore.naver.com/tarancenter/products/13155895080
오르니톡토니나에 Sp. 시암사투,타란센터,네이버,2026-06-02,20000,20000,0,,,재고,https://smartstore.naver.com/tarancenter/products/13523588058
오르니톡토니나에 Sp. 시암사투,타란센터,자사몰,2026-06-02,20000,20000,0,,,재고,https://tarancenter.com/product/오르니톡토니나에-sp-시암사투-유체-ornithoctoninae-sp-siam-satu/1559/category/51/display/1/
오르니톡토니나에 Sp. 시암사투,타란센터,자사몰,2026-06-02,80000,80000,0,,,재고,https://tarancenter.com/product/오르니톡토니나에-sp-시암사투-준성체성체급-암컷-ornithoctoninae-sp-siam-satu/1457/category/51/display/1/
오르니톡토니나이 Sp. 다미,타란센터,자사몰,2026-06-02,25000,25000,0,,,재고,https://tarancenter.com/product/오르니톡토니나이-sp-다미-유체-ornithoctoninae-sp-da-mi/1236/category/51/display/1/
오르니톡토니나이 Sp. 라오스,타란센터,자사몰,2026-06-02,70000,70000,0,,,품절,https://tarancenter.com/product/오르니톡토니나이-sp-라오스-트랩도어-성체급-암컷-ornithoctoninae-sp-laos-trapdoor/1439/category/51/display/1/
오르니톡토니나이 Sp. 라오스,타란센터,자사몰,2026-06-02,20000,20000,0,,,재고,https://tarancenter.com/product/오르니톡토니나이-sp-라오스-트랩도어-유체-ornithoctoninae-sp-laos-trapdoor/1558/category/51/display/1/
오르니톡토니나이 spec. 우타이 타니,거미랑,자사몰,2026-06-02,70000,70000,0,,,품절,https://theraphosidae.co.kr/product/오르니톡토니나이-spec-우타이-타니-10cm-암컷/1428/category/24/display/1/
오르니톡토니나이 spec. 하리본,거미랑,자사몰,2026-06-02,85000,85000,0,,,품절,https://theraphosidae.co.kr/product/오르니톡토니나이-spec-하리본-7-8cm-암컷/1703/category/24/display/1/
오르니톡토투스 spec. 실버 그레이,거미랑,자사몰,2026-06-02,90000,90000,0,,,품절,https://theraphosidae.co.kr/product/오르니톡토투스-spec-실버-그레이-7cm-암컷/1424/category/24/display/1/
오르프나에쿠스 Sp. 롬블론 핑크,타란센터,자사몰,2026-06-02,20000,20000,0,,,재고,https://tarancenter.com/product/오르프나에쿠스-sp-롬블론-핑크-아성체-orphnaecus-sp-romblon-pink/615/category/51/display/1/
오르프나에쿠스 Sp. 퀘존블루,타란센터,자사몰,2026-06-02,10000,10000,0,,,재고,https://tarancenter.com/product/오르프나에쿠스-sp-퀘존블루-유체-orphnaecus-sp-quezon-blue/1193/category/51/display/1/
오르프나이쿠스 spec. 네그로스,거미랑,자사몰,2026-06-02,65000,65000,0,,,품절,https://theraphosidae.co.kr/product/오르프나이쿠스-spec-네그로스-5cm한쌍/1172/category/24/display/1/
오르프나이쿠스 spec. 퀘존 블루,거미랑,자사몰,2026-06-02,10000,10000,0,,,재고,https://theraphosidae.co.kr/product/오르프나이쿠스-spec-퀘존-블루-유체/1262/category/24/display/1/
오르프내쿠스 Sp. 퀘존 블루,타란센터,자사몰,2026-06-02,30000,30000,0,,,품절,https://tarancenter.com/product/오르프내쿠스-sp-퀘존-블루-아성체-소-orphnaecus-sp-quezon-blue/450/category/51/display/1/
오리엔트 푼타 카나,거미랑,자사몰,2026-06-02,30000,30000,0,,,재고,https://theraphosidae.co.kr/product/포르믹토푸스-spec-오리엔트-푼타-카나-ex아트리코마투스-푼타-카나-유체/1774/category/24/display/1/
오리엔트 푼타 카나,타란툴라코리아,자사몰,2026-06-02,30000,30000,0,,,재고,https://tarantulakorea.com/product/포믹토푸스-오리엔트-푼타-카나-유체/541/category/24/display/1/
오악사카,타란툴라코리아,자사몰,2026-06-02,32000,32000,0,,,재고,https://tarantulakorea.com/product/오악사카-유체/530/category/24/display/1/
욕돈 타이거,거미랑,자사몰,2026-06-02,40000,40000,0,,,품절,https://theraphosidae.co.kr/product/오르니톡토니나이-spec-욕돈-유체/269/category/24/display/1/
욕돈 타이거,더쥬 송파점,네이버,2026-06-02,28000,28000,0,,,품절,https://smartstore.naver.com/tzblossom/products/11789453301
욕돈 타이거,타란센터,자사몰,2026-06-02,40000,40000,0,,,품절,https://tarancenter.com/product/욕돈-타이거-유체-ornithoctoninae-sp-yok-don/1299/category/51/display/1/
욕돈 타이거,타란툴라코리아,네이버,2026-06-02,40000,40000,0,,,재고,https://smartstore.naver.com/tarantulakorea/products/11828229673
욕돈타이거,타란센터,네이버,2026-06-02,40000,40000,0,,,품절,https://smartstore.naver.com/tarancenter/products/12022616821
욕돈타이거,타란툴라코리아,자사몰,2026-06-02,40000,40000,0,,,재고,https://tarantulakorea.com/product/욕돈타이거-유체/691/category/24/display/1/
용맹한 아프리카 레드럼프 바분,타란툴라코리아,네이버,2026-06-02,140000,140000,0,,,재고,https://smartstore.naver.com/tarantulakorea/products/11117537647
우잠바라 DCF 키고마,더쥬 송파점,네이버,2026-06-02,9000,9000,0,,,품절,https://smartstore.naver.com/tzblossom/products/8801188385
우잠바라 바분 DCF,거미랑,자사몰,2026-06-02,15000,15000,0,,,재고,https://theraphosidae.co.kr/product/우잠바라-바분-dcf-키고마-국립공원-유체/884/category/24/display/1/
우잠바라 바분 DCF,거미랑,자사몰,2026-06-02,4000,4000,0,,,재고,https://theraphosidae.co.kr/product/우잠바라-바분-rcf-유체/289/category/24/display/1/
우잠바라 바분 DCF,거미랑,자사몰,2026-06-02,20000,20000,0,,,품절,https://theraphosidae.co.kr/product/우잠바라-바분-tcf-ex어셈-tcf-유체대/1299/category/24/display/1/
우잠바라 바분 DCF,거미랑,자사몰,2026-06-02,4000,4000,0,,,품절,https://theraphosidae.co.kr/product/우잠바라-바분-tcf-유체/1599/category/24/display/1/
우잠바라 바분 DCF (보츠와나,거미랑,자사몰,2026-06-02,35000,35000,0,,,재고,https://theraphosidae.co.kr/product/우잠바라-바분-dcf-보츠와나짐바브웨-유체/1449/category/24/display/1/
우잠바라 어셈 바분 BCF 테테 어셈 브라운폼,타란툴라코리아,네이버,2026-06-02,18000,18000,0,,,재고,https://smartstore.naver.com/tarantulakorea/products/10628917784
우잠바라 어셈 바분 DCF 키고마,타란툴라코리아,네이버,2026-06-02,15000,15000,0,,,재고,https://smartstore.naver.com/tarantulakorea/products/10625406974
우잠바라 어셈 바분 TCF,타란툴라코리아,네이버,2026-06-02,15000,15000,0,,,재고,https://smartstore.naver.com/tarantulakorea/products/10625736977
우잠바라 오렌지바분 DCF 보츠와나,더쥬 송파점,네이버,2026-06-02,25000,25000,0,,,재고,https://smartstore.naver.com/tzblossom/products/9728833663
우잠바라 오렌지바분 RCF,더쥬 송파점,네이버,2026-06-02,4000,4000,0,,,품절,https://smartstore.naver.com/tzblossom/products/9344290404
우카얄리 핑크토,타란툴라코리아,네이버,2026-06-02,30000,30000,0,,,품절,https://smartstore.naver.com/tarantulakorea/products/10816770676
우타이타니 어스타이거,거미랑,네이버,2026-06-02,50000,50000,0,,,재고,https://smartstore.naver.com/terrafactory/products/12942774156
우타이타니 어스타이거,거미랑,자사몰,2026-06-02,9000,9000,0,,,재고,https://theraphosidae.co.kr/product/우타이타니-타이거-유체/1926/category/24/display/1/
우타이타니 어스타이거,거미랑,자사몰,2026-06-02,40000,40000,0,,,품절,https://theraphosidae.co.kr/product/우타이타니-타이거-준성체암컷/2009/category/24/display/1/
우타이타니 어스타이거,더쥬 송파점,네이버,2026-06-02,7000,7000,0,,,품절,https://smartstore.naver.com/tzblossom/products/12076434241
우타이타니 어스타이거,타란센터,자사몰,2026-06-02,40000,40000,0,,,재고,https://tarancenter.com/product/우타이타니-어스타이거-암컷-준성체-9cm-ornithoctoninae-sp-uthai-thani/1570/category/51/display/1/
우타이타니 어스타이거,타란센터,자사몰,2026-06-02,15000,15000,0,,,재고,https://tarancenter.com/product/우타이타니-어스타이거-유체-ornithoctoninae-sp-uthai-thani/1409/category/51/display/1/
우타이타니 어스타이거,타란툴라코리아,네이버,2026-06-02,15000,15000,0,,,재고,https://smartstore.naver.com/tarantulakorea/products/12043988312
우타이타니 어스타이거,타란툴라코리아,자사몰,2026-06-02,15000,15000,0,,,재고,https://tarantulakorea.com/product/우타이타니-타이거-유체/700/category/66/display/1/
울티칸스 그린 핑크토,타란툴라코리아,네이버,2026-06-02,50000,50000,0,,,품절,https://smartstore.naver.com/tarantulakorea/products/11768709878
위리디스 타이거,거미랑,자사몰,2026-06-02,185000,185000,0,,,재고,https://theraphosidae.co.kr/product/위리디스-타이거-준성체1316cm-암컷/1965/category/24/display/1/
위뷔라포라 감바,거미랑,자사몰,2026-06-02,140000,140000,0,,,품절,https://theraphosidae.co.kr/product/위뷔라포라-감바-유체-소량만-번식되었습니다/1743/category/24/display/1/
이리도펠마 올리웨이라이,타란센터,네이버,2026-06-02,40000,40000,0,,,품절,https://smartstore.naver.com/tarancenter/products/11176146829
이리도펠마 올리웨이라이,타란센터,자사몰,2026-06-02,40000,40000,0,,,품절,https://tarancenter.com/product/이리도펠마-cf-올리웨이라이-유체-iridopelma-cf-oliveirai/1039/category/51/display/1/
이리도펠마 올리웨이라이,타란센터,자사몰,2026-06-02,40000,40000,0,,,품절,https://tarancenter.com/product/이리도펠마-cf-올리웨이라이-유체-iridopelma-cf-oliveirai/844/category/51/display/1/
이리도펠마 올리웨이라이,타란툴라코리아,네이버,2026-06-02,40000,40000,0,,,재고,https://smartstore.naver.com/tarantulakorea/products/10596963847
이리도펠마 조로데스,거미랑,자사몰,2026-06-02,40000,40000,0,,,품절,https://theraphosidae.co.kr/product/이리도펠마-조로데스-스파이더-링/575/category/24/display/1/
이매니즈 롱헤어 타입 학명 Xenesthis cf.immanis longhair type 습성 배회 수명 약 10~15년 사육온도 24~27도 사육습도 60~70% 사이즈 성장 속도 빠 벤자민웨버는 이매니즈,타란툴라코리아,네이버,2026-06-02,85000,85000,0,,,품절,https://smartstore.naver.com/tarantulakorea/products/12372443019
이젠다미 바분,거미랑,자사몰,2026-06-02,25000,25000,0,,,품절,https://theraphosidae.co.kr/product/이젠다미-바분-유체/1779/category/24/display/1/
이젠다미 바분,타란센터,자사몰,2026-06-02,25000,25000,0,,,품절,https://tarancenter.com/product/이젠다미-바분-유체-augacephalus-ezendami/1018/category/51/display/1/
이젠다미 바분,타란툴라코리아,네이버,2026-06-02,25000,25000,0,,,재고,https://smartstore.naver.com/tarantulakorea/products/10638283825
이젠다미 바분,타란툴라코리아,자사몰,2026-06-02,25000,25000,0,,,재고,https://tarantulakorea.com/product/이젠다미-바분-유체/221/category/66/display/1/
이젠다미바분 애완거미 타란튤라,타란센터,네이버,2026-06-02,25000,25000,0,,,품절,https://smartstore.naver.com/tarancenter/products/10169334802
인디언 레인보우,거미랑,자사몰,2026-06-02,180000,180000,0,,,품절,https://theraphosidae.co.kr/product/인디언-레인보우-7cm암컷/1485/category/24/display/1/
인디언 레인보우,거미랑,자사몰,2026-06-02,55000,55000,0,,,품절,https://theraphosidae.co.kr/product/인디언-레인보우-유체/1309/category/24/display/1/
인디언 레인보우,거미랑,자사몰,2026-06-02,95000,95000,0,,,품절,https://theraphosidae.co.kr/product/인디언-레인보우-유체대/1051/category/24/display/1/
인디언 레인보우,타란센터,자사몰,2026-06-02,55000,55000,0,,,품절,https://tarancenter.com/product/인디언-레인보우-유체-대-haploclastus-devamatha/883/category/51/display/1/
인디언 레인보우 학명 Haploclastus devamatha 습성 버로우성 수명 약 10~15년 사육온도 23~27도 사육습도 50~80% 사이즈 성장 속도 보통 인도에 서식하며 아주 아름다운 버로우성 타란툴라 입니다. 부터 광택이 나며 작은 사이즈부터 화려한 발색을 보여줍니다 버로우로 사육을 하신다면 굴 입구를 높게 올려서 굴까지 화려하게 만드는 종 입니다. 발색보러 개체실 오세요~! 분양되는 사이즈는 급 입니다. ● 추가 사진,타란툴라코리아,네이버,2026-06-02,55000,55000,0,,,재고,https://smartstore.naver.com/tarantulakorea/products/10663138219
인디언 바이올렛,거미랑,자사몰,2026-06-02,18000,18000,0,,,품절,https://theraphosidae.co.kr/product/인디언-바이올렛-유체/1120/category/24/display/1/
인디언 바이올렛,거미랑,자사몰,2026-06-02,18000,18000,0,,,품절,https://theraphosidae.co.kr/product/인디언-바이올렛-유체/850/category/24/display/1/
인디언 바이올렛,거미랑,자사몰,2026-06-02,35000,35000,0,,,품절,https://theraphosidae.co.kr/product/인디언-바이올렛-유체대/1324/category/24/display/1/
인디언 바이올렛,더쥬 송파점,네이버,2026-06-02,18000,18000,0,,,품절,https://smartstore.naver.com/tzblossom/products/8801212805
인디언 바이올렛,타란센터,자사몰,2026-06-02,100000,100000,0,,,품절,https://tarancenter.com/product/인디언-바이올렛-10cm-암컷-준성체-chilobrachys-fimbriatus/924/category/51/display/1/
인디언 바이올렛,타란센터,자사몰,2026-06-02,60000,60000,0,,,재고,https://tarancenter.com/product/인디언-바이올렛-아성체-암컷-chilobrachys-fimbriatus/878/category/51/display/1/
인디언 바이올렛,타란툴라코리아,자사몰,2026-06-02,15000,15000,0,,,재고,https://tarantulakorea.com/product/인디언-바이올렛-유체/96/category/24/display/1/
인디언 브라운 학명 Thrigmopoeus truculentus 습성 버로우성 수명 약 10~20년 사육온도 23~27도 사육습도 50~80% 사이즈 ~ 성장 속도 빠름 바디색이 브라운색이며 피머는 진한 밤색이 특징 입니다. 분양되는 사이즈는 급 입니다. ● 추가 사진,타란툴라코리아,네이버,2026-06-02,25000,25000,0,,,품절,https://smartstore.naver.com/tarantulakorea/products/10634254732
인디언 오너멘탈,거미랑,네이버,2026-06-02,5000,5000,0,,,재고,https://smartstore.naver.com/terrafactory/products/10740334077
인디언 오너멘탈,거미랑,자사몰,2026-06-02,38000,38000,0,,,품절,https://theraphosidae.co.kr/product/인디언-오너멘탈-12cm-암컷/1541/category/24/display/1/
인디언 오너멘탈,거미랑,자사몰,2026-06-02,5000,5000,0,,,품절,https://theraphosidae.co.kr/product/인디언-오너멘탈-유체/1701/category/24/display/1/
인디언 오너멘탈,거미랑,자사몰,2026-06-02,80000,80000,0,,,품절,https://theraphosidae.co.kr/product/인디언-오너멘탈-준성체암-크기선택/1032/category/24/display/1/
인디언 오너멘탈,더쥬 송파점,네이버,2026-06-02,7000,7000,0,,,품절,https://smartstore.naver.com/tzblossom/products/9344124349
인디언 오너멘탈,타란센터,네이버,2026-06-02,7000,7000,0,,,품절,https://smartstore.naver.com/tarancenter/products/12070421969
인디언 오너멘탈,타란센터,자사몰,2026-06-02,50000,50000,0,,,품절,https://tarancenter.com/product/인디언-오너멘탈-15cm-준성체-대-암컷-poecilotheria-regalis/1153/category/51/display/1/
인디언 오너멘탈,타란센터,자사몰,2026-06-02,7000,7000,0,,,품절,https://tarancenter.com/product/인디언-오너멘탈-유체-poecilotheria-regalis/1303/category/51/display/1/
인디언 오너멘탈,타란센터,자사몰,2026-06-02,7000,7000,0,,,품절,https://tarancenter.com/product/인디언-오너멘탈-유체-poecilotheria-regalis/589/category/51/display/1/
인디언 오너멘탈,타란센터,자사몰,2026-06-02,20000,20000,0,,,품절,https://tarancenter.com/product/인디언-오너멘탈-유체대-poecilotheria-regalis/574/category/51/display/1/
인디언 오너멘탈,타란툴라코리아,네이버,2026-06-02,10000,10000,0,,,재고,https://smartstore.naver.com/tarantulakorea/products/10535236630
인디언 오너멘탈,타란툴라코리아,자사몰,2026-06-02,10000,10000,0,,,재고,https://tarantulakorea.com/product/인디언-오너멘탈-유체/136/category/67/display/1/
인디언레인보우,타란툴라코리아,자사몰,2026-06-02,55000,55000,0,,,재고,https://tarantulakorea.com/product/인디언레인보우-유체/81/category/66/display/1/
인디언바이올렛 타란튤라 애완거미,타란센터,네이버,2026-06-02,60000,60000,0,,,품절,https://smartstore.naver.com/tarancenter/products/11928443382
인시그니스 (퍼플블룸),거미랑,자사몰,2026-06-02,185000,185000,0,,,품절,https://theraphosidae.co.kr/product/팜포베테우스-인시그니스-콜롬비아-ex퍼플블룸-유체대/1814/category/24/display/1/
인시그니스 (퍼플블룸),타란툴라코리아,네이버,2026-06-02,185000,185000,0,,,품절,https://smartstore.naver.com/tarantulakorea/products/11118012218
일렉트릭블루,거미랑,자사몰,2026-06-02,38000,38000,0,,,품절,https://theraphosidae.co.kr/product/일렉트릭-블루-아성체/1478/category/24/display/1/
일렉트릭블루,거미랑,자사몰,2026-06-02,25000,25000,0,,,품절,https://theraphosidae.co.kr/product/일렉트릭-블루-유체/1796/category/24/display/1/
일렉트릭블루,더쥬 송파점,네이버,2026-06-02,120000,120000,0,,,품절,https://smartstore.naver.com/tzblossom/products/11861713694
일렉트릭블루,타란센터,네이버,2026-06-02,25000,25000,0,,,품절,https://smartstore.naver.com/tarancenter/products/7141421321
일렉트릭블루,타란센터,자사몰,2026-06-02,90000,90000,0,,,품절,https://tarancenter.com/product/일렉트릭-블루-암컷-준성체-브리딩가능사이즈-chilobrachys-natanicharum/1460/category/51/display/1/
일렉트릭블루,타란센터,자사몰,2026-06-02,25000,25000,0,,,품절,https://tarancenter.com/product/일렉트릭블루-유체-chilobrachys-natanicharum/1316/category/51/display/1/
일렉트릭블루,타란센터,자사몰,2026-06-02,25000,25000,0,,,품절,https://tarancenter.com/product/킬로브라쉬스-sp-일렉트릭블루-아성체소-5cm-chilobrachys-sp-electric-blue/670/category/51/display/1/
일렉트릭블루,타란센터,자사몰,2026-06-02,45000,45000,0,,,품절,https://tarancenter.com/product/킬로브라쉬스-일렉트릭블루-9cm-암컷-아성체-대-chilobrachys-natanicharum/1155/category/51/display/1/
자바 옐로우니 블랙,거미랑,네이버,2026-06-02,50000,50000,0,,,재고,https://smartstore.naver.com/terrafactory/products/12609056937
자바 옐로우니 블랙,거미랑,자사몰,2026-06-02,13000,13000,0,,,품절,https://theraphosidae.co.kr/product/자바-옐로우니-블랙-유체/1475/category/24/display/1/
자바 옐로우니 블랙,거미랑,자사몰,2026-06-02,80000,80000,0,,,품절,https://theraphosidae.co.kr/product/자바-옐로우니-블랙-준성체암컷/1328/category/24/display/1/
자바 옐로우니 블랙,거미랑,자사몰,2026-06-02,50000,50000,0,,,재고,https://theraphosidae.co.kr/product/자바-옐로우니-블랙-준성체암컷/1893/category/24/display/1/
자바 옐로우니 블랙,타란툴라코리아,네이버,2026-06-02,10000,10000,0,,,재고,https://smartstore.naver.com/tarantulakorea/products/10621977220
자바옐로우니블랙,타란툴라코리아,자사몰,2026-06-02,10000,10000,0,,,재고,https://tarantulakorea.com/product/자바옐로우니블랙-유체/404/category/66/display/1/
자이언트 골덴니,거미랑,네이버,2026-06-02,3500,3500,0,,,재고,https://smartstore.naver.com/terrafactory/products/5230249898
자이언트 골덴니,거미랑,자사몰,2026-06-02,4000,4000,0,,,재고,https://theraphosidae.co.kr/product/자이언트-골덴니-유체/819/category/24/display/1/
자이언트 골덴니,거미랑,자사몰,2026-06-02,90000,90000,0,,,품절,https://theraphosidae.co.kr/product/자이언트-골덴니-준성체암/647/category/24/display/1/
자이언트 골덴니,더쥬 송파점,네이버,2026-06-02,38000,38000,0,,,품절,https://smartstore.naver.com/tzblossom/products/12827902724
자이언트 골덴니,더쥬 송파점,네이버,2026-06-02,4000,4000,0,,,재고,https://smartstore.naver.com/tzblossom/products/8764082746
자이언트 골덴니,타란센터,네이버,2026-06-02,4000,4000,0,,,품절,https://smartstore.naver.com/tarancenter/products/10985651342
자이언트 골덴니,타란센터,자사몰,2026-06-02,30000,30000,0,,,품절,https://tarancenter.com/product/자이언트-골덴니-10cm-암컷-준성체-grammostola-pulchripes/1057/category/51/display/1/
자이언트 골덴니,타란센터,자사몰,2026-06-02,40000,40000,0,,,품절,https://tarancenter.com/product/자이언트-골덴니-10cm-준성체-암컷-grammostola-pulchripes/1159/category/51/display/1/
자이언트 골덴니,타란센터,자사몰,2026-06-02,40000,40000,0,,,품절,https://tarancenter.com/product/자이언트-골덴니-9cm-암컷-grammostola-pulchripes/1433/category/51/display/1/
자이언트 골덴니,타란센터,자사몰,2026-06-02,4000,4000,0,,,품절,https://tarancenter.com/product/자이언트-골덴니-유체-grammostola-pulchripes/300/category/51/display/1/
자이언트 골덴니,타란툴라코리아,네이버,2026-06-02,15000,20000,1,"15,000 → 20,000",2026-06-06,품절,https://smartstore.naver.com/tarantulakorea/products/10557003067
자이언트 골덴니,타란툴라코리아,네이버,2026-06-02,3000,3000,0,,,재고,https://smartstore.naver.com/tarantulakorea/products/10981577785
자이언트 골덴니,타란툴라코리아,자사몰,2026-06-02,3000,3000,0,,,재고,https://tarantulakorea.com/product/자이언트-골덴니-유체/118/category/24/display/1/
자이언트 그린 핑크토,타란센터,자사몰,2026-06-02,30000,30000,0,,,품절,https://tarancenter.com/product/자이언트-그린-핑크토-유체-avicularia-sp-kwitara-river/787/category/51/display/1/
자이언트 블론디,거미랑,자사몰,2026-06-02,8000,8000,0,,,품절,https://theraphosidae.co.kr/product/자이언트-블론디-스파이더-링/208/category/24/display/1/
자이언트 블론디,거미랑,자사몰,2026-06-02,10000,10000,0,,,품절,https://theraphosidae.co.kr/product/자이언트-블론디-유체/772/category/24/display/1/
자이언트 블론디,타란센터,자사몰,2026-06-02,20000,20000,0,,,품절,https://tarancenter.com/product/자이언트-블론디-아성체-소-nhandu-tripepii/644/category/51/display/1/
자이언트 블론디,타란센터,자사몰,2026-06-02,60000,60000,0,,,품절,https://tarancenter.com/product/자이언트-블론디-암컷-12cm-nhandu-tripepii/1429/category/51/display/1/
자이언트 블론디,타란센터,자사몰,2026-06-02,50000,50000,0,,,품절,https://tarancenter.com/product/자이언트-블론디-암컷-8cm-nhandu-tripepii/1428/category/51/display/1/
자이언트 블론디,타란툴라코리아,네이버,2026-06-02,12000,12000,0,,,품절,https://smartstore.naver.com/tarantulakorea/products/10555889441
자이언트 블루블룸,거미랑,네이버,2026-06-02,140000,140000,0,,,품절,https://smartstore.naver.com/terrafactory/products/10797481655
자이언트 블루블룸,거미랑,자사몰,2026-06-02,450000,450000,0,,,품절,https://theraphosidae.co.kr/product/자이언트-블루블룸-15cm암/598/category/24/display/1/
자이언트 블루블룸,거미랑,자사몰,2026-06-02,520000,520000,0,,,품절,https://theraphosidae.co.kr/product/자이언트-블루블룸-18cm암/599/category/24/display/1/
자이언트 화이트니,거미랑,네이버,2026-06-02,13000,13000,0,,,재고,https://smartstore.naver.com/terrafactory/products/5499669326
자이언트 화이트니,거미랑,자사몰,2026-06-02,80000,80000,0,,,품절,https://theraphosidae.co.kr/product/자이언트-화이트니-10cm암컷/1091/category/24/display/1/
자이언트 화이트니,거미랑,자사몰,2026-06-02,8000,8000,0,,,품절,https://theraphosidae.co.kr/product/자이언트-화이트니-유체/1060/category/24/display/1/
자이언트 화이트니,거미랑,자사몰,2026-06-02,10000,10000,0,,,품절,https://theraphosidae.co.kr/product/자이언트-화이트니-유체/1567/category/24/display/1/
자이언트 화이트니,거미랑,자사몰,2026-06-02,15000,15000,0,,,품절,https://theraphosidae.co.kr/product/자이언트-화이트니-유체대/1395/category/24/display/1/
자이언트 화이트니,타란센터,네이버,2026-06-02,80000,80000,0,,,품절,https://smartstore.naver.com/tarancenter/products/13486498141
자이언트 화이트니,타란센터,네이버,2026-06-02,20000,20000,0,,,품절,https://smartstore.naver.com/tarancenter/products/6066295129
자이언트 화이트니,타란센터,자사몰,2026-06-02,50000,50000,0,,,품절,https://tarancenter.com/product/브라질리안-자이언트-화이트니-11cm-암컷-acanthoscurria-geniculata/888/category/51/display/1/
자이언트 화이트니,타란센터,자사몰,2026-06-02,60000,60000,0,,,품절,https://tarancenter.com/product/자이언트-화이트니-10cm-암컷-acanthoscurria-geniculata/1551/category/51/display/1/
자이언트 화이트니,타란센터,자사몰,2026-06-02,70000,70000,0,,,품절,https://tarancenter.com/product/자이언트-화이트니-12cm-암컷-acanthoscurria-geniculata/1430/category/51/display/1/
자이언트 화이트니,타란센터,자사몰,2026-06-02,60000,60000,0,,,품절,https://tarancenter.com/product/자이언트-화이트니-13cm-암컷-준성체-acanthoscurria-geniculata/1158/category/51/display/1/
자이언트 화이트니,타란센터,자사몰,2026-06-02,80000,80000,0,,,품절,https://tarancenter.com/product/자이언트-화이트니-14cm-암컷-준성체-acanthoscurria-geniculata/1535/category/51/display/1/
자이언트 화이트니,타란센터,자사몰,2026-06-02,70000,70000,0,,,품절,https://tarancenter.com/product/자이언트-화이트니-15cm-암컷-준성체-acanthoscurria-geniculata/1167/category/51/display/1/
자이언트 화이트니,타란센터,자사몰,2026-06-02,25000,25000,0,,,품절,https://tarancenter.com/product/자이언트-화이트니-아성체-acanthoscurria-geniculata/645/category/51/display/1/
자이언트 화이트니,타란툴라코리아,네이버,2026-06-02,10000,10000,0,,,품절,https://smartstore.naver.com/tarantulakorea/products/10537141795
자이언트그린 핑크토 퀴타라 리버,타란툴라코리아,네이버,2026-06-02,30000,30000,0,,,재고,https://smartstore.naver.com/tarantulakorea/products/10704250472
자이언트그린 핑크토 퀴타라 리버,타란툴라코리아,자사몰,2026-06-03,30000,30000,0,,,재고,https://tarantulakorea.com/product/자이언트그린-핑크토-퀴타라-리버-유체/395/category/67/display/1/
진x현님 개인결제창,타란센터,자사몰,2026-06-01,369000,369000,0,,,품절,https://tarancenter.com/product/진x현님-개인결제창/1573/category/51/display/1/
짐바브웨 그레이바분,거미랑,네이버,2026-06-02,9000,9000,0,,,재고,https://smartstore.naver.com/terrafactory/products/7518948566
짐바브웨 그레이바분,거미랑,자사몰,2026-06-02,55000,55000,0,,,품절,https://theraphosidae.co.kr/product/짐바브웨-그레이바분-68cm-암컷/1979/category/24/display/1/
짐바브웨 그레이바분,거미랑,자사몰,2026-06-02,12000,12000,0,,,재고,https://theraphosidae.co.kr/product/짐바브웨-그레이바분-유체/1419/category/24/display/1/
짐바브웨 그레이바분,더쥬 송파점,네이버,2026-06-02,12000,12000,0,,,재고,https://smartstore.naver.com/tzblossom/products/8801110626
짐바브웨 그레이바분,타란센터,네이버,2026-06-02,15000,15000,0,,,재고,https://smartstore.naver.com/tarancenter/products/12070530539
짐바브웨 그레이바분,타란센터,자사몰,2026-06-02,60000,60000,0,,,품절,https://tarancenter.com/product/짐바브웨-그레이-바분-5cm-아성체-암컷-ceratogyrus-meridionalis/893/category/51/display/1/
짐바브웨 그레이바분,타란센터,자사몰,2026-06-02,15000,15000,0,,,재고,https://tarancenter.com/product/짐바브웨-그레이-바분-유체-ceratogyrus-meridionalis/1301/category/51/display/1/
짐바브웨 그레이바분,타란툴라코리아,네이버,2026-06-02,15000,15000,0,,,재고,https://smartstore.naver.com/tarantulakorea/products/10635250937
짐바브웨 그레이바분,타란툴라코리아,자사몰,2026-06-02,15000,15000,0,,,재고,https://tarantulakorea.com/product/짐바브웨-그레이-바분-유체/353/category/66/display/1/
차이니즈 어스타이거,거미랑,자사몰,2026-06-02,25000,25000,0,,,품절,https://theraphosidae.co.kr/product/차이니즈-어스타이거-유체대/828/category/24/display/1/
차이니즈 어스타이거 하이난,거미랑,네이버,2026-06-02,12000,12000,0,,,재고,https://smartstore.naver.com/terrafactory/products/13408129492
차이니즈 어스타이거 하이난,거미랑,자사몰,2026-06-02,12000,12000,0,,,재고,https://theraphosidae.co.kr/product/차이니즈-어스타이거-하이난-유체/1804/category/24/display/1/
차이니즈 어스타이거 하이난,거미랑,자사몰,2026-06-02,65000,65000,0,,,재고,https://theraphosidae.co.kr/product/차이니즈-어스타이거-하이난-준성체암컷/2014/category/24/display/1/
차이니즈 지구 타이거,타란툴라코리아,자사몰,2026-06-02,10000,10000,0,,,재고,https://tarantulakorea.com/product/차이니즈-지구얼스-타이거-유체/368/category/24/display/1/
차이니즈 지구 타이거 학명 Chilobrachys Guanxiensis 습성 배회성 수명 약 10~15년 사육온도 23~27도 사육습도 50~60% 사이즈 성장 속도 매우 빠름 칠로브라쉬 종류로 같은 속의 버미즈 브라운 보다 바디색이 어두운게 특징이며 형으로 자라며 칠로 종을 좋아하시면 꼭 버미즈,타란툴라코리아,네이버,2026-06-02,10000,10000,0,,,재고,https://smartstore.naver.com/tarantulakorea/products/10556324582
차콜 어스타이거,타란센터,네이버,2026-06-02,120000,120000,0,,,재고,https://smartstore.naver.com/tarancenter/products/13495455817
챠콜 어스타이거,타란센터,자사몰,2026-06-02,120000,120000,0,,,재고,https://tarancenter.com/product/챠콜-어스타이거-ex부톤-타이거-암컷-준성체-13cm-lamprolepma-sp-charcoal-exbuton/1542/category/51/display/1/
춤폰 어스타이거 타란튤라,타란센터,네이버,2026-06-02,30000,30000,0,,,재고,https://smartstore.naver.com/tarancenter/products/11823240163
춤폰타이거,타란센터,자사몰,2026-06-02,30000,30000,0,,,재고,https://tarancenter.com/product/춤폰타이거-유체-ornithoctonus-sp-south-chumphon/1246/category/51/display/1/
치카,타란툴라코리아,자사몰,2026-06-02,70000,70000,0,,,재고,https://tarantulakorea.com/product/치카-유체/526/category/24/display/1/
치카 학명 Neischnocolus sp. Chica 습성 배회성 수명 약 10~15년 사육온도 24~27도 사육습도 60~70% 사이즈 성장 속도 빠름 Neischnocolus sp. Chica 파나마에서 서식하는 소형종의 타란툴라 입니다. 분양되는 사이즈는 급 급 입니다. ● 추가사진,타란툴라코리아,네이버,2026-06-02,70000,70000,0,,,재고,https://smartstore.naver.com/tarantulakorea/products/10578144193
칠레뷰티,거미랑,자사몰,2026-06-02,40000,40000,0,,,품절,https://theraphosidae.co.kr/product/칠레뷰티-ex콘셉시온-유체/1890/category/24/display/1/
칠로 매홍손 오렌지,더쥬 송파점,네이버,2026-06-02,14000,14000,0,,,품절,https://smartstore.naver.com/tzblossom/products/11884172552
칠로 블루,타란툴라코리아,자사몰,2026-06-02,5000,5000,0,,,재고,https://tarantulakorea.com/product/칠로-블루-유체/94/category/24/display/1/
칠로 블루 베트남 블루,타란툴라코리아,네이버,2026-05-31,3000,5000,1,"3,000 → 5,000",2026-06-01,재고,https://smartstore.naver.com/tarantulakorea/products/10537113713
칠로 사라부리 타이거 학명 Chilobrachys sp. Saraburi 습성 배회성 수명 약 10년 +,타란툴라코리아,네이버,2026-06-02,30000,30000,0,,,재고,https://smartstore.naver.com/tarantulakorea/products/10922755795
칠로 프라추압 키리 칸,타란툴라코리아,자사몰,2026-06-02,30000,30000,0,,,재고,https://tarantulakorea.com/product/칠로-프라추압-키리-칸-유체/609/category/24/display/1/
칠리안 골든 타이거 피씨 학명 Acanthogonatus pissi 습성 배회성 수명 약 10~15년 사육온도 24~27도 사육습도 70~80% 사이즈 +,타란툴라코리아,네이버,2026-06-02,95000,95000,0,,,품절,https://smartstore.naver.com/tarantulakorea/products/10816799955
카메룬 레드바분,거미랑,자사몰,2026-06-02,5000,5000,0,,,품절,https://theraphosidae.co.kr/product/카메룬-레드바분-유체/1147/category/24/display/1/
카메룬 레드바분,타란센터,자사몰,2026-06-02,12000,12000,0,,,재고,https://tarancenter.com/product/카메룬-레드바분-유체-hysterocrates-gigas/1539/category/51/display/1/
카메룬 레드바분,타란툴라코리아,네이버,2026-06-02,5000,5000,0,,,재고,https://smartstore.naver.com/tarantulakorea/products/10621722264
카메룬 레드바분,타란툴라코리아,자사몰,2026-06-02,5000,5000,0,,,재고,https://tarantulakorea.com/product/카메룬-레드-바분-유체/89/category/66/display/1/
카메룬 레드바분 카레바 버로우성 타란튤라,타란센터,네이버,2026-06-02,12000,12000,0,,,재고,https://smartstore.naver.com/tarancenter/products/13528069134
카사나레 트리 스파이더,타란센터,자사몰,2026-06-02,40000,40000,0,,,품절,https://tarancenter.com/product/카사나레-트리-스파이더-유체-tapinauchenius-sp-casanare/724/category/51/display/1/
카엥 크라찬,더쥬 송파점,네이버,2026-06-02,5000,5000,0,,,재고,https://smartstore.naver.com/tzblossom/products/10770969146
카엥 크라찬,더쥬 송파점,네이버,2026-06-02,18000,18000,0,,,품절,https://smartstore.naver.com/tzblossom/products/11179990422
카엥 크라찬,더쥬 송파점,네이버,2026-06-02,39000,39000,0,,,품절,https://smartstore.naver.com/tzblossom/products/11848913196
카엥 크라찬,타란센터,네이버,2026-06-02,45000,45000,0,,,재고,https://smartstore.naver.com/tarancenter/products/13155795980
카엥 크라찬,타란센터,자사몰,2026-06-02,10000,10000,0,,,재고,https://tarancenter.com/product/킬로브라쉬스-sp-카엥-크라찬-유체-대-chilobrachys-sp-kaeng-krachan/977/category/51/display/1/
카엥 크라찬,타란툴라코리아,네이버,2026-06-02,8000,8000,0,,,재고,https://smartstore.naver.com/tarantulakorea/products/10555966214
카엥 크라찬,타란툴라코리아,네이버,2026-06-02,50000,50000,0,,,품절,https://smartstore.naver.com/tarantulakorea/products/12374029005
카엥크라찬 ~,타란센터,자사몰,2026-06-02,45000,45000,0,,,재고,https://tarancenter.com/product/카엥크라찬-준성체성체-암컷-chilobrachys-sp-kaeng-krachan/1454/category/51/display/1/
카엥크라찬 다크어스타이거,거미랑,네이버,2026-06-02,50000,50000,0,,,재고,https://smartstore.naver.com/terrafactory/products/12942790810
카오 속 타이거,거미랑,자사몰,2026-06-02,20000,20000,0,,,품절,https://theraphosidae.co.kr/product/카오-속-타이거-유체/1799/category/24/display/1/
카오속 어스 타이거,타란센터,자사몰,2026-06-02,20000,20000,0,,,품절,https://tarancenter.com/product/카오속-어스-타이거-유체-ornithoctonus-sp-khao-sok/1011/category/51/display/1/
카오속타이거,타란툴라코리아,네이버,2026-06-02,20000,20000,0,,,재고,https://smartstore.naver.com/tarantulakorea/products/10629172566
카오속타이거,타란툴라코리아,자사몰,2026-06-02,20000,20000,0,,,재고,https://tarantulakorea.com/product/카오속타이거-유체/394/category/66/display/1/
카우투스,거미랑,자사몰,2026-06-02,65000,65000,0,,,품절,https://theraphosidae.co.kr/product/포르믹토푸스-카우투스-쿠바-유체/1742/category/24/display/1/
카우투스,타란툴라코리아,네이버,2026-06-02,65000,65000,0,,,품절,https://smartstore.naver.com/tarantulakorea/products/10577923296
카프레리아나,타란툴라코리아,네이버,2026-06-02,45000,45000,0,,,재고,https://smartstore.naver.com/tarantulakorea/products/10535255819
카프레리아나 엠버 바분,타란툴라코리아,자사몰,2026-06-02,45000,45000,0,,,재고,https://tarantulakorea.com/product/카프레리아나-엠버바분-유체/385/category/66/display/1/
칼리,타란툴라코리아,자사몰,2026-06-02,75000,75000,0,,,재고,https://tarantulakorea.com/product/칼리-유체-대/698/category/66/display/1/
칼리만탄 브라우니,거미랑,자사몰,2026-06-02,19000,19000,0,,,재고,https://theraphosidae.co.kr/product/칼리만탄-브라우니-유체/2018/category/24/display/1/
칼리만탄 브라우니,거미랑,자사몰,2026-06-02,65000,65000,0,,,재고,https://theraphosidae.co.kr/product/칼리만탄-브라우니-준성체-암컷/1981/category/24/display/1/
칼즈배드 그린,거미랑,자사몰,2026-06-02,520000,520000,0,,,재고,https://theraphosidae.co.kr/product/칼즈배드-그린-ex가벨리-준성체711cm한쌍/1964/category/24/display/1/
캄보디아 미드나잇 블루,거미랑,자사몰,2026-06-02,20000,20000,0,,,품절,https://theraphosidae.co.kr/product/캄보디아-미드나잇-블루-유체/224/category/24/display/1/
캐리비안 다이아몬드,거미랑,네이버,2026-06-02,25000,25000,0,,,품절,https://smartstore.naver.com/terrafactory/products/6189158514
캐리비안 다이아몬드,거미랑,자사몰,2026-06-02,25000,25000,0,,,품절,https://theraphosidae.co.kr/product/캐리비안-다이아몬드-유체/1311/category/24/display/1/
캐리비안 다이아몬드,더쥬 송파점,네이버,2026-06-02,18000,18000,0,,,재고,https://smartstore.naver.com/tzblossom/products/8801181732
캐리비안 다이아몬드,타란센터,네이버,2026-06-02,18000,18000,0,,,재고,https://smartstore.naver.com/tarancenter/products/13479038615
캐리비안 다이아몬드,타란센터,자사몰,2026-06-02,18000,18000,0,,,재고,https://tarancenter.com/product/캐리비안-다이아몬드-유체-tapinauchenius-rasti/1530/category/51/display/1/
캐리비안 다이아몬드,타란센터,자사몰,2026-06-02,25000,25000,0,,,품절,https://tarancenter.com/product/캐리비안-다이아몬드-트리스파이더-유체-대-tapinauchenius-rasti/800/category/51/display/1/
캐리비안 다이아몬드,타란툴라코리아,네이버,2026-06-02,15000,15000,0,,,재고,https://smartstore.naver.com/tarantulakorea/products/10588246873
캐리비안 다이아몬드,타란툴라코리아,자사몰,2026-06-02,18000,18000,0,,,재고,https://tarantulakorea.com/product/캐리비안-다이아몬드-유체/396/category/67/display/1/
케방 어스타이거,거미랑,자사몰,2026-06-02,85000,85000,0,,,품절,https://theraphosidae.co.kr/product/골든-어스타이거-케방-준성체암컷/1756/category/24/display/1/
케방 어스타이거,거미랑,자사몰,2026-06-02,20000,20000,0,,,재고,https://theraphosidae.co.kr/product/골든-어스타이거-퐁나-케방-유체/1569/category/24/display/1/
케방 어스타이거,거미랑,자사몰,2026-06-02,50000,50000,0,,,품절,https://theraphosidae.co.kr/product/골든-어스타이거-퐁나-케방-유체대/1323/category/24/display/1/
케방 어스타이거,타란센터,자사몰,2026-06-02,20000,20000,0,,,품절,https://tarancenter.com/product/골든-어스-타이거-케방-유체-cyriopagopus-cf-schmidti-ke-bang/1023/category/51/display/1/
케방 어스타이거,타란툴라코리아,네이버,2026-06-02,20000,20000,0,,,재고,https://smartstore.naver.com/tarantulakorea/products/10629344240
코레미오크네미스 코타카나 준~ 급,타란센터,자사몰,2026-06-02,80000,80000,0,,,재고,https://tarancenter.com/product/코레미오크네미스-코타카나-준성체급-암컷-coremiocnemis-kotacana/1478/category/51/display/1/
코레미옥네미스 cf.코타카나,거미랑,자사몰,2026-06-02,95000,95000,0,,,재고,https://theraphosidae.co.kr/product/코레미옥네미스-cf코타카나-12cm-암컷/1274/category/24/display/1/
코르디예라 블루,거미랑,자사몰,2026-06-02,25000,25000,0,,,재고,https://theraphosidae.co.kr/product/코르디예라-블루-유체/1962/category/24/display/1/
코르딜레라,타란툴라코리아,자사몰,2026-06-02,38000,38000,0,,,재고,https://tarantulakorea.com/product/코르딜레라-유체/634/category/24/display/1/
코발트 레드럼프 레드,거미랑,네이버,2026-06-02,55000,55000,0,,,재고,https://smartstore.naver.com/terrafactory/products/11375413592
코발트 레드럼프 레드,거미랑,네이버,2026-06-02,55000,55000,0,,,재고,https://smartstore.naver.com/terrafactory/products/11375415486
코발트 레드럼프 레드,더쥬 송파점,네이버,2026-06-02,55000,55000,0,,,재고,https://smartstore.naver.com/tzblossom/products/11180005006
코발트 레드럼프 레드,더쥬 송파점,네이버,2026-06-02,55000,55000,0,,,재고,https://smartstore.naver.com/tzblossom/products/11180007459
코발트 레드럼프 레드,타란센터,자사몰,2026-06-02,55000,55000,0,,,재고,https://tarancenter.com/product/코발트-레드럼프-레드-유체-thrixopelma-cyaneolum-red/1147/category/51/display/1/
코발트 레드럼프 레드,타란센터,자사몰,2026-06-02,55000,55000,0,,,재고,https://tarancenter.com/product/코발트-레드럼프-블루-유체-thrixopelma-cyaneolum-blue/1148/category/51/display/1/
코발트 레드럼프 레드,타란툴라코리아,네이버,2026-06-02,55000,55000,0,,,재고,https://smartstore.naver.com/tarantulakorea/products/10574766763
코발트레드럼프 레드 타란튤라,타란센터,네이버,2026-06-02,55000,55000,0,,,재고,https://smartstore.naver.com/tarancenter/products/11217439598
코발트레드럼프 블루 타란튤라,타란센터,네이버,2026-06-02,55000,55000,0,,,재고,https://smartstore.naver.com/tarancenter/products/11217425340
코발트블루,거미랑,네이버,2026-06-02,3000,3000,0,,,재고,https://smartstore.naver.com/terrafactory/products/5230420405
코발트블루,거미랑,네이버,2026-06-02,50000,50000,0,,,품절,https://smartstore.naver.com/terrafactory/products/6516608184
코발트블루,거미랑,자사몰,2026-06-02,100000,100000,0,,,품절,https://theraphosidae.co.kr/product/코발트-블루-1215cm한쌍/1482/category/24/display/1/
코발트블루,거미랑,자사몰,2026-06-02,10000,10000,0,,,재고,https://theraphosidae.co.kr/product/코발트-블루-유체/1781/category/24/display/1/
코발트블루,거미랑,자사몰,2026-06-02,25000,25000,0,,,품절,https://theraphosidae.co.kr/product/코발트-블루-유체대/975/category/24/display/1/
코발트블루,거미랑,자사몰,2026-06-02,50000,50000,0,,,품절,https://theraphosidae.co.kr/product/코발트-블루-준성체1215cm-암컷/1337/category/24/display/1/
코발트블루,더쥬 송파점,네이버,2026-06-02,3000,3000,0,,,재고,https://smartstore.naver.com/tzblossom/products/11841105067
코발트블루,더쥬 송파점,네이버,2026-06-02,40000,40000,0,,,재고,https://smartstore.naver.com/tzblossom/products/12267098377
코발트블루,타란센터,네이버,2026-06-02,10000,10000,0,,,재고,https://smartstore.naver.com/tarancenter/products/8273743020
코발트블루,타란센터,자사몰,2026-06-02,40000,40000,0,,,품절,https://tarancenter.com/product/코발트-블루-7cm-암컷-cyriopagopus-lividus/1189/category/51/display/1/
코발트블루,타란센터,자사몰,2026-06-02,4000,4000,0,,,품절,https://tarancenter.com/product/코발트-블루-유체-cyriopagopus-lividus/797/category/51/display/1/
코발트블루,타란센터,자사몰,2026-06-02,40000,40000,0,,,품절,https://tarancenter.com/product/코발트블루-9cm-암컷-준성체-cyriopagopus-lividus-female/1004/category/51/display/1/
코발트블루,타란센터,자사몰,2026-06-02,30000,30000,0,,,품절,https://tarancenter.com/product/코발트블루-암컷-7cm-준성체-초-cyriopagopus-lividus/1059/category/51/display/1/
코발트블루,타란센터,자사몰,2026-06-02,10000,10000,0,,,재고,https://tarancenter.com/product/코발트블루-유체-melopoeus-lividus/1255/category/51/display/1/
코발트블루,타란센터,자사몰,2026-06-02,50000,50000,0,,,품절,https://tarancenter.com/product/코발트블루-준성체-암컷-10cm-cyriopagopus-lividus/1401/category/51/display/1/
코발트블루,타란툴라코리아,네이버,2026-06-02,10000,10000,0,,,재고,https://smartstore.naver.com/tarantulakorea/products/10622008659
코발트블루,타란툴라코리아,네이버,2026-06-02,50000,50000,0,,,재고,https://smartstore.naver.com/tarantulakorea/products/12374022160
코발트블루,타란툴라코리아,자사몰,2026-06-02,10000,10000,0,,,재고,https://tarantulakorea.com/product/코발트블루-유체/99/category/66/display/1/
코발트블루 레드럼프,거미랑,자사몰,2026-06-02,250000,250000,0,,,품절,https://theraphosidae.co.kr/product/코발트블루-레드럼프-준성체암/207/category/24/display/1/
코발트블루 레드럼프,타란툴라코리아,자사몰,2026-06-02,55000,55000,0,,,재고,https://tarantulakorea.com/product/코발트블루-레드럼프-유체/459/category/24/display/1/
코발트블루 블루럼프,타란툴라코리아,자사몰,2026-06-02,55000,55000,0,,,재고,https://tarantulakorea.com/product/코발트블루-블루럼프-유체/651/category/24/display/1/
코스타리카 레드렉 다크폼,타란툴라코리아,자사몰,2026-06-02,165000,165000,0,,,재고,https://tarantulakorea.com/product/코스타리카-레드렉-다크폼-유체/733/category/24/display/1/
코스타리카 레드렉 메소멜라스,타란툴라코리아,자사몰,2026-06-02,165000,165000,0,,,재고,https://tarantulakorea.com/product/코스타리카-레드렉-메소멜라스-유체/727/category/24/display/1/
코스타리카 블루프론트,타란툴라코리아,자사몰,2026-06-02,38000,38000,0,,,재고,https://tarantulakorea.com/product/코스타리카-블루프론트-유체/699/category/24/display/1/
코스타리칸 레드렉,거미랑,네이버,2026-05-31,139000,165000,1,"139,000 → 165,000",2026-06-01,재고,https://smartstore.naver.com/terrafactory/products/12853591174
코스타리칸 레드렉,거미랑,자사몰,2026-06-02,180000,180000,0,,,품절,https://theraphosidae.co.kr/product/코스타리칸-레드렉-10cm-암/185/category/24/display/1/
코스타리칸 레드렉,거미랑,자사몰,2026-06-02,250000,250000,0,,,품절,https://theraphosidae.co.kr/product/코스타리칸-레드렉-10cm-한쌍/165/category/24/display/1/
코스타리칸 레드렉,거미랑,자사몰,2026-06-02,165000,165000,0,,,재고,https://theraphosidae.co.kr/product/코스타리칸-레드렉-유체/1869/category/24/display/1/
코스타리칸 레드렉,거미랑,자사몰,2026-06-02,88000,88000,0,,,품절,https://theraphosidae.co.kr/product/코스타리칸-레드렉-유체/542/category/24/display/1/
코스타리칸 레드렉 라고 데 카키 다크 폼,거미랑,자사몰,2026-06-02,165000,165000,0,,,재고,https://theraphosidae.co.kr/product/코스타리칸-레드렉-라고-데-카키-다크-폼-유체-1220-소량-재입고/1969/category/24/display/1/
코스타리칸 오렌지 마우스,거미랑,자사몰,2026-06-02,25000,25000,0,,,품절,https://theraphosidae.co.kr/product/코스타리칸-오렌지-마우스-유체/890/category/24/display/1/
코스타리칸 오렌지 마우스,타란센터,자사몰,2026-06-02,15000,15000,0,,,품절,https://tarancenter.com/product/코스타리칸-오렌지-마우스-유체-psalmopoeus-reduncus/737/category/51/display/1/
코스타리칸 오렌지 마우스,타란툴라코리아,네이버,2026-06-02,15000,15000,0,,,재고,https://smartstore.naver.com/tarantulakorea/products/10588206324
코스타리칸 제브라,거미랑,자사몰,2026-06-02,25000,25000,0,,,품절,https://theraphosidae.co.kr/product/사전판매-코스타리칸-제브라-블루-스파이더-링-유체로-탈피를-마친-후-수령-가능합니다/1553/category/24/display/1/
코스타리칸 제브라,거미랑,자사몰,2026-06-02,85000,85000,0,,,품절,https://theraphosidae.co.kr/product/코스타리칸-제브라-니카라과-6cm-한쌍/849/category/24/display/1/
코스타리칸 제브라,거미랑,자사몰,2026-06-02,85000,85000,0,,,품절,https://theraphosidae.co.kr/product/코스타리칸-제브라-니카라과-6cm한쌍/1540/category/24/display/1/
코스타리칸 제브라,더쥬 송파점,네이버,2026-06-02,20000,20000,0,,,재고,https://smartstore.naver.com/tzblossom/products/11803441348
코스타리칸 제브라,타란센터,자사몰,2026-06-02,100000,100000,0,,,품절,https://tarancenter.com/product/아포노펠마-블루제브라-65cm-암수-한쌍-aphonopelma-seemanni-blue/1245/category/51/display/1/
코스타리칸 제브라,타란센터,자사몰,2026-06-02,70000,70000,0,,,품절,https://tarancenter.com/product/코스타리카-제브라-7cm-암컷-aphonopelma-seemanni/931/category/51/display/1/
코스타리칸 제브라,타란센터,자사몰,2026-06-02,25000,25000,0,,,품절,https://tarancenter.com/product/코스타리칸-제브라-블루-유체-aphonopelma-seemanni-blue/894/category/51/display/1/
코스타리칸 제브라,타란센터,자사몰,2026-06-02,20000,20000,0,,,재고,https://tarancenter.com/product/코스타리칸-제브라-유체-aphonopelma-seemanni/1235/category/51/display/1/
코스타리칸 제브라,타란툴라코리아,네이버,2026-06-02,25000,25000,0,,,재고,https://smartstore.naver.com/tarantulakorea/products/10562010090
코스타리칸 제브라,타란툴라코리아,네이버,2026-06-02,20000,20000,0,,,재고,https://smartstore.naver.com/tarantulakorea/products/10566944063
코스타리칸 제브라,타란툴라코리아,자사몰,2026-06-02,20000,20000,0,,,재고,https://tarantulakorea.com/product/제브라-코스타리카-유체/275/category/24/display/1/
코스타리칸 제브라 니카라구아 블루,거미랑,자사몰,2026-06-02,25000,25000,0,,,재고,https://theraphosidae.co.kr/product/코스타리칸-제브라-니카라구아-블루-유체/1594/category/24/display/1/
코스타리칸 핑크풋,거미랑,자사몰,2026-06-02,220000,220000,0,,,품절,https://theraphosidae.co.kr/product/코스타리칸-핑크풋-아성체한쌍/156/category/24/display/1/
콜럼비안 브라운 암수,타란센터,자사몰,2026-06-02,130000,130000,0,,,품절,https://tarancenter.com/product/콜럼비안-브라운-포티스-아성체-암수한쌍-암컷-7cm-수컷-55cm-pamphobeteus-fortis/983/category/51/display/1/
콜럼비안 자이언트 레드렉,더쥬 송파점,네이버,2026-06-02,35000,35000,0,,,품절,https://smartstore.naver.com/tzblossom/products/10105511673
콜럼비안 자이언트 레드렉,타란센터,네이버,2026-06-02,25000,25000,0,,,품절,https://smartstore.naver.com/tarancenter/products/10169355782
콜럼비안 자이언트 레드렉,타란센터,자사몰,2026-06-02,120000,120000,0,,,품절,https://tarancenter.com/product/콜럼비안-자이언트-레드렉-8cm-암수한쌍-megaphobema-robustum/1188/category/51/display/1/
콜럼비안 자이언트 레드렉,타란센터,자사몰,2026-06-02,130000,130000,0,,,재고,https://tarancenter.com/product/콜럼비안-자이언트-레드렉-암컷-준성체-15cm-megaphobema-robustum/1536/category/51/display/1/
콜럼비안 자이언트 레드렉,타란센터,자사몰,2026-06-02,25000,25000,0,,,품절,https://tarancenter.com/product/콜럼비안-자이언트-레드렉-유체-megaphobema-robustum/1124/category/51/display/1/
콜롬비아 블루 보틀 학명 Pseudhapalopus sp. BLUE 습성 배회성 수명 약 10년 +,타란툴라코리아,네이버,2026-06-02,45000,45000,0,,,재고,https://smartstore.naver.com/tarantulakorea/products/10572291046
콜롬비아 옐로우&블루 보틀 학명 Pseudhapalopus sp. Colombia 습성 배회성 수명 약 10년 +,타란툴라코리아,네이버,2026-06-02,45000,45000,0,,,재고,https://smartstore.naver.com/tarantulakorea/products/13030157885
콜롬비아 자이언트 레드렉,거미랑,자사몰,2026-06-02,200000,200000,0,,,품절,https://theraphosidae.co.kr/product/콜롬비아-자이언트-레드렉-12cm-한쌍/560/category/24/display/1/
콜롬비아 자이언트 레드렉,거미랑,자사몰,2026-06-02,35000,35000,0,,,품절,https://theraphosidae.co.kr/product/콜롬비아-자이언트-레드렉-유체/1441/category/24/display/1/
콜롬비아 자이언트 레드렉,타란툴라코리아,네이버,2026-06-02,35000,35000,0,,,재고,https://smartstore.naver.com/tarantulakorea/products/10564227687
콜롬비아 자이언트 레드렉,타란툴라코리아,자사몰,2026-06-02,35000,35000,0,,,재고,https://tarantulakorea.com/product/콜롬비아-자이언트-레드렉-유체/122/category/24/display/1/
콜롬비안 렛서블랙,거미랑,자사몰,2026-06-02,80000,80000,0,,,품절,https://theraphosidae.co.kr/product/콜롬비안-렛서블랙-롱헤어-타입-유체/1436/category/24/display/1/
콜롬비안 렛서블랙,거미랑,자사몰,2026-06-02,400000,400000,0,,,품절,https://theraphosidae.co.kr/product/콜롬비안-렛서블랙-블랙-파이어-13cm-한쌍/596/category/24/display/1/
콜롬비안 렛서블랙,거미랑,자사몰,2026-06-02,80000,80000,0,,,품절,https://theraphosidae.co.kr/product/콜롬비안-렛서블랙-블랙-파이어-유체/1034/category/24/display/1/
콜롬비안 렛서블랙,거미랑,자사몰,2026-06-02,100000,100000,0,,,품절,https://theraphosidae.co.kr/product/콜롬비안-렛서블랙-숏-헤어-타입/746/category/24/display/1/
콜롬비안 렛서블랙,타란센터,네이버,2026-06-02,100000,100000,0,,,품절,https://smartstore.naver.com/tarancenter/products/8521479343
콜롬비안 렛서블랙,타란센터,자사몰,2026-06-02,300000,300000,0,,,품절,https://tarancenter.com/product/콜럼비안-렛서블랙-6탈피-암수-한쌍-xenesthis-cf-immanis-black-fire-n6-pair-방문입양만-가능/960/category/51/display/1/
콜롬비안 렛서블랙,타란센터,자사몰,2026-06-02,100000,100000,0,,,품절,https://tarancenter.com/product/콜럼비안-렛서블랙-콜럼비아나-유체-xenesthis-cf-immanis-columbiana/900/category/51/display/1/
콜롬비안 렛서블랙,타란센터,자사몰,2026-06-02,100000,100000,0,,,품절,https://tarancenter.com/product/콜럼비안-렛서블랙임마니스-유체라인-b-xenesthis-immanis-line-b/789/category/51/display/1/
콜롬비안 블루블룸,거미랑,자사몰,2026-06-02,185000,185000,0,,,품절,https://theraphosidae.co.kr/product/예약판매-콜롬비안-블루블룸-ex니그리콜로르-유체/1453/category/24/display/1/
콜롬비안 블루블룸,거미랑,자사몰,2026-06-02,650000,650000,0,,,품절,https://theraphosidae.co.kr/product/콜롬비안-블루블룸-15cm암수수-트리오/315/category/24/display/1/
콜롬비안 스모키 블랙,거미랑,자사몰,2026-06-02,250000,250000,0,,,품절,https://theraphosidae.co.kr/product/콜롬비안-스모키-블랙-11cm-한쌍/757/category/24/display/1/
콜롬비안 스모키 블랙,거미랑,자사몰,2026-06-02,350000,350000,0,,,품절,https://theraphosidae.co.kr/product/콜롬비안-스모키-블랙-6cm-암암수-트리오/633/category/24/display/1/
콜롬비안 스모키 블랙,거미랑,자사몰,2026-06-02,180000,180000,0,,,품절,https://theraphosidae.co.kr/product/콜롬비안-스모키-블랙-8cm-암컷/636/category/24/display/1/
콜롬비안 퍼플블룸,거미랑,자사몰,2026-06-02,200000,200000,0,,,품절,https://theraphosidae.co.kr/product/콜롬비안-퍼플블룸-유체/222/category/24/display/1/
콜롬비안 퍼플블룸,거미랑,자사몰,2026-06-02,180000,180000,0,,,품절,https://theraphosidae.co.kr/product/콜롬비안-퍼플블룸-콜롬비아-유체/1303/category/24/display/1/
쿠르즈하르,타란센터,네이버,2026-06-02,23000,23000,0,,,재고,https://smartstore.naver.com/tarancenter/products/12106584601
쿠르즈하르,타란툴라코리아,자사몰,2026-06-02,23000,23000,0,,,재고,https://tarantulakorea.com/product/쿠르즈하르-유체/657/category/24/display/1/
쿠바 오렌지 바이올렛,거미랑,자사몰,2026-06-02,55000,55000,0,,,품절,https://theraphosidae.co.kr/product/쿠바-오렌지-바이올렛-유체/1950/category/24/display/1/
쿠바 오렌지 바이올렛,타란툴라코리아,자사몰,2026-06-02,55000,55000,0,,,재고,https://tarantulakorea.com/product/쿠바-오렌지-바이올렛-유체/718/category/24/display/1/
퀘존블루,타란툴라코리아,자사몰,2026-06-02,10000,10000,0,,,재고,https://tarantulakorea.com/product/퀘존블루-유체/515/category/24/display/1/
퀴로가이,거미랑,자사몰,2026-06-02,40000,40000,0,,,품절,https://theraphosidae.co.kr/product/그람모스톨라-퀴로가이-유체/696/category/24/display/1/
퀴로가이,타란툴라코리아,네이버,2026-06-02,50000,50000,0,,,품절,https://smartstore.naver.com/tarantulakorea/products/10572713950
퀴르토폴리스 spec. 몬타나,거미랑,자사몰,2026-06-02,50000,50000,0,,,품절,https://theraphosidae.co.kr/product/퀴르토폴리스-spec-몬타나-유체대/1390/category/24/display/1/
퀴리오코스무스 기간테우스,거미랑,자사몰,2026-06-02,150000,150000,0,,,품절,https://theraphosidae.co.kr/product/1쌍-남았습니다-퀴리오코스무스-기간테우스-45cm-한쌍/1146/category/24/display/1/
퀴리오코스무스 아우에리,타란툴라코리아,자사몰,2026-06-02,38000,38000,0,,,재고,https://tarantulakorea.com/product/퀴리오코스무스-아우에리-유체/726/category/24/display/1/
퀴리오코스무스 엘레강스,거미랑,자사몰,2026-06-02,15000,15000,0,,,품절,https://theraphosidae.co.kr/product/퀴리오코스무스-엘레강스-유체/1714/category/24/display/1/
퀴리오코스무스 엘레강스,타란툴라코리아,네이버,2026-06-02,20000,20000,0,,,재고,https://smartstore.naver.com/tarantulakorea/products/10622115817
퀴아네올룸,거미랑,자사몰,2026-06-02,55000,55000,0,,,재고,https://theraphosidae.co.kr/product/트릭소펠마-퀴아네올룸-레드-유체/1858/category/24/display/1/
퀴아네올룸,거미랑,자사몰,2026-06-02,250000,250000,0,,,재고,https://theraphosidae.co.kr/product/트릭소펠마-퀴아네올룸-레드-준성체암컷/2002/category/24/display/1/
퀴아네올룸,거미랑,자사몰,2026-06-02,55000,55000,0,,,재고,https://theraphosidae.co.kr/product/트릭소펠마-퀴아네올룸-블루-유체/1859/category/24/display/1/
퀸즐랜드 휘,거미랑,자사몰,2026-06-02,25000,25000,0,,,품절,https://theraphosidae.co.kr/product/퀸즐랜드-휘슬링-유체/1156/category/24/display/1/
퀸즐랜드 휘,타란툴라코리아,네이버,2026-06-02,25000,25000,0,,,재고,https://smartstore.naver.com/tarantulakorea/products/10562325287
퀸즐랜드휘,타란툴라코리아,자사몰,2026-06-02,25000,25000,0,,,재고,https://tarantulakorea.com/product/퀸즐랜드휘슬링-유체/419/category/24/display/1/
크라시크루스 spec. 베라크루스,거미랑,자사몰,2026-06-02,55000,55000,0,,,품절,https://theraphosidae.co.kr/product/크라시크루스-spec-베라크루스-유체/1442/category/24/display/1/
크라찬,타란툴라코리아,자사몰,2026-06-02,8000,8000,0,,,재고,https://tarantulakorea.com/product/크라찬-유체/91/category/24/display/1/
크세 spec,타란툴라코리아,자사몰,2026-06-02,300000,300000,0,,,재고,https://tarantulakorea.com/product/크세-spec-볼리바르-유체/486/category/24/display/1/
크세 spec,타란툴라코리아,자사몰,2026-06-02,300000,300000,0,,,재고,https://tarantulakorea.com/product/크세-spec-엘살도-poss발드-유체/455/category/24/display/1/
크세 라이트 D.W,타란툴라코리아,자사몰,2026-06-02,300000,300000,0,,,재고,https://tarantulakorea.com/product/크세-라이트-dw-유체/364/category/24/display/1/
크세 렛서 화이트 3탈피 사이즈 타란튤라,타란센터,네이버,2026-06-02,150000,150000,0,,,품절,https://smartstore.naver.com/tarancenter/products/11887291324
크세 메가스코플라 D.W,타란툴라코리아,자사몰,2026-06-02,180000,180000,0,,,재고,https://tarantulakorea.com/product/크세-메가스코플라-dw-유체/397/category/24/display/1/
크세 이매니즈 숏헤어 타입,타란툴라코리아,자사몰,2026-06-02,90000,90000,0,,,재고,https://tarantulakorea.com/product/크세-이매니즈-숏헤어-타입-유체/732/category/24/display/1/
크세 인터메디아 B라인,타란툴라코리아,자사몰,2026-06-02,120000,120000,0,,,재고,https://tarantulakorea.com/product/크세-인터메디아-b라인-유체/282/category/24/display/1/
크세 테네브리스,타란툴라코리아,자사몰,2026-06-02,95000,95000,0,,,재고,https://tarantulakorea.com/product/크세-테네브리스-유체/261/category/24/display/1/
크세 화이트 B라인,타란툴라코리아,자사몰,2026-06-02,150000,150000,0,,,재고,https://tarantulakorea.com/product/크세-화이트-b라인-유체/426/category/24/display/1/
크세 화이트 B라인,타란툴라코리아,자사몰,2026-06-02,150000,150000,0,,,재고,https://tarantulakorea.com/product/크세-화이트-m라인-유체/743/category/24/display/1/
크세 화이트 B라인,타란툴라코리아,자사몰,2026-06-02,150000,150000,0,,,재고,https://tarantulakorea.com/product/크세-화이트-m라인-유체/743/category/24/display/2/
크세네스티스 Cf. 임마니스 롱헤어타입,타란센터,자사몰,2026-06-02,85000,85000,0,,,품절,https://tarancenter.com/product/크세네스티스-cf-임마니스-롱헤어타입-xenesthis-cf-immanis-long-hair/1194/category/51/display/1/
크세네스티스 Cf. 임마니스 숏헤어 2~3탈피,타란센터,자사몰,2026-06-02,85000,85000,0,,,품절,https://tarancenter.com/product/크세네스티스-cf-임마니스-숏헤어-23탈피-유체-xenesthis-cf-immanis-short-hair-line-b/1145/category/51/display/1/
크세네스티스 Sp. 블루 7탈피,타란센터,자사몰,2026-06-02,230000,230000,0,,,품절,https://tarancenter.com/product/크세네스티스-sp-블루-7탈피-암컷-xenesthis-sp-blue-line-b/1166/category/51/display/1/
크세네스티스 Sp. 블루 B라인 7탈피,타란센터,자사몰,2026-06-02,250000,250000,0,,,품절,https://tarancenter.com/product/크세네스티스-sp-블루-b라인-7탈피-암컷-6탈피-수컷-한쌍-xenesthis-sp-blue-line-b/1160/category/51/display/1/
크세네스티스 Sp. 블루 M라인 2탈피,타란센터,자사몰,2026-06-02,140000,140000,0,,,품절,https://tarancenter.com/product/크세네스티스-sp-블루-m라인-2탈피-유체-xenesthis-sp-blue-line-m/999/category/51/display/1/
크세네스티스 Sp. 화이트,거미랑,자사몰,2026-06-02,500000,500000,0,,,품절,https://theraphosidae.co.kr/product/크세네스티스-spec-화이트-12cm한쌍/755/category/24/display/1/
크세네스티스 Sp. 화이트,거미랑,자사몰,2026-06-02,150000,150000,0,,,품절,https://theraphosidae.co.kr/product/크세네스티스-spec-화이트-유체/1140/category/24/display/1/
크세네스티스 Sp. 화이트,타란센터,자사몰,2026-06-02,150000,150000,0,,,품절,https://tarancenter.com/product/크세네스티스-sp-화이트-유체-xenesthis-sp-white-line-b/1156/category/51/display/1/
크세네스티스 Sp. 화이트 3탈피+,타란센터,자사몰,2026-06-02,250000,250000,0,,,품절,https://tarancenter.com/product/크세네스티스-sp-화이트-3탈피-암컷-xenesthis-sp-white-line-b/1260/category/51/display/1/
크세네스티스 Sp. 화이트 로우랜드,타란센터,자사몰,2026-06-02,200000,200000,0,,,품절,https://tarancenter.com/product/크세네스티스-sp-화이트-로우랜드line-m-유체-xenesthis-sp-white-lowland-line-m/740/category/51/display/1/
크세네스티스 cf.임마니스,거미랑,자사몰,2026-06-02,165000,165000,0,,,품절,https://theraphosidae.co.kr/product/크세네스티스-cf임마니스-6-7cm-한쌍/632/category/24/display/1/
크세네스티스 cf.임마니스,타란센터,자사몰,2026-06-02,150000,150000,0,,,품절,https://tarancenter.com/product/크세네스티스-cf-임마니스-13cm-암컷-xenesthis-cf-immanis/1015/category/51/display/1/
크세네스티스 cf.임마니스,타란툴라코리아,네이버,2026-06-02,85000,85000,0,,,품절,https://smartstore.naver.com/tarantulakorea/products/10579192430
크세네스티스 cf.임마니스 블랙 파이어,거미랑,자사몰,2026-06-02,95000,95000,0,,,품절,https://theraphosidae.co.kr/product/크세네스티스-cf임마니스-블랙-파이어-유체/1654/category/24/display/1/
크세네스티스 cf.임마니스 숏 헤어 타입 B라인,거미랑,자사몰,2026-06-02,85000,85000,0,,,품절,https://theraphosidae.co.kr/product/크세네스티스-cf임마니스-숏-헤어-타입-b라인/1856/category/24/display/1/
크세네스티스 cf.임마니스 수도 메가스코풀러,거미랑,자사몰,2026-06-02,120000,120000,0,,,품절,https://theraphosidae.co.kr/product/크세네스티스-cf임마니스-수도-메가스코풀러-유체/1211/category/24/display/1/
크세네스티스 spec. 메가스코풀러,거미랑,자사몰,2026-06-02,350000,350000,0,,,품절,https://theraphosidae.co.kr/product/크세네스티스-spec-메가스코풀러-10cm-암컷/667/category/24/display/1/
크세네스티스 spec. 메가스코풀러,거미랑,자사몰,2026-06-02,500000,500000,0,,,품절,https://theraphosidae.co.kr/product/크세네스티스-spec-메가스코풀러-dw-12cm한쌍/756/category/24/display/1/
크세네스티스 spec. 메가스코풀러,거미랑,자사몰,2026-06-02,220000,220000,0,,,품절,https://theraphosidae.co.kr/product/크세네스티스-spec-메가스코풀러-dw-유체/1259/category/24/display/1/
크세네스티스 spec. 메가스코풀러,거미랑,자사몰,2026-06-02,220000,220000,0,,,품절,https://theraphosidae.co.kr/product/크세네스티스-spec-메가스코풀러-dw-유체/1521/category/24/display/1/
크세네스티스 spec. 볼리바르,타란툴라코리아,네이버,2026-06-02,250000,250000,0,,,재고,https://smartstore.naver.com/tarantulakorea/products/10575325170
크세네스티스 spec. 블루 M라인,거미랑,자사몰,2026-06-02,140000,140000,0,,,품절,https://theraphosidae.co.kr/product/크세네스티스-spec-블루-m라인-유체-ex렛서블루/1452/category/24/display/1/
크세네스티스 spec. 블루 옴니게네리,거미랑,자사몰,2026-06-02,140000,140000,0,,,품절,https://theraphosidae.co.kr/product/크세네스티스-spec-블루-옴니게네리-유체/685/category/24/display/1/
크세네스티스 spec. 산타로사,타란툴라코리아,네이버,2026-06-02,300000,300000,0,,,품절,https://smartstore.naver.com/tarantulakorea/products/12257905661
크세네스티스 spec. 테네브리스 POSS.몬스트로사,거미랑,자사몰,2026-06-02,550000,550000,0,,,품절,https://theraphosidae.co.kr/product/크세네스티스-spec-테네브리스-poss몬스트로사-18cm암/595/category/24/display/1/
크세네스티스 spec. 파우나,타란툴라코리아,자사몰,2026-06-02,300000,300000,0,,,재고,https://tarantulakorea.com/product/크세네스티스-spec-파우나-스파이더링-직거래-분양만-가능/544/category/24/display/1/
크세네스티스 spec. 파우나 학명 Xenesthis spec. Pauna 습성 배회성 수명 약 10년 +,타란툴라코리아,네이버,2026-06-02,150000,150000,0,,,재고,https://smartstore.naver.com/tarantulakorea/products/11260753694
크세네스티스 spec. 파우나 학명 Xenesthis spec. Pauna 습성 배회성 수명 약 10년 +,타란툴라코리아,네이버,2026-06-02,300000,300000,0,,,재고,https://smartstore.naver.com/tarantulakorea/products/11260783009
크세네스티스 spec. 파우나 학명 Xenesthis spec. Pauna 습성 배회성 수명 약 10년 +,타란툴라코리아,네이버,2026-06-02,300000,300000,0,,,재고,https://smartstore.naver.com/tarantulakorea/products/13457336629
크세네스티스 spec. 화이트 로우랜드 M라인,거미랑,자사몰,2026-06-02,200000,200000,0,,,품절,https://theraphosidae.co.kr/product/크세네스티스-spec-화이트-로우랜드-m라인-유체/1533/category/24/display/1/
크세네스티스 라이트 DW,거미랑,자사몰,2026-06-02,750000,750000,0,,,품절,https://theraphosidae.co.kr/product/크세네스티스-spec-라이트-dw-10cm-한쌍/1791/category/24/display/1/
크세네스티스 라이트 DW,거미랑,자사몰,2026-06-02,320000,320000,0,,,재고,https://theraphosidae.co.kr/product/크세네스티스-spec-라이트-dw/1635/category/24/display/1/
크세네스티스 라이트 DW,거미랑,자사몰,2026-06-02,350000,350000,0,,,품절,https://theraphosidae.co.kr/product/크세네스티스-spec-라이트-유체/1312/category/24/display/1/
크세네스티스 라이트 DW,더쥬 송파점,네이버,2026-06-02,300000,300000,0,,,재고,https://smartstore.naver.com/tzblossom/products/12965122794
크세네스티스 로우화이트,더쥬 송파점,네이버,2026-06-02,140000,140000,0,,,품절,https://smartstore.naver.com/tzblossom/products/11476529952
크세네스티스 로우화이트,타란센터,자사몰,2026-06-02,200000,200000,0,,,품절,https://tarancenter.com/product/크세네스티스-sp-로우화이트-3탈피-암컷-xenesthis-sp-low-white-line-b/1314/category/51/display/1/
크세네스티스 로우화이트,타란센터,자사몰,2026-06-02,130000,130000,0,,,품절,https://tarancenter.com/product/크세네스티스-sp-로우화이트-b라인-2탈피-부절복구개체-xenesthis-sp-low-white-line-b/1195/category/51/display/1/
크세네스티스 로우화이트,타란센터,자사몰,2026-06-02,150000,150000,0,,,품절,https://tarancenter.com/product/크세네스티스-sp-로우화이트-유체-xenesthis-sp-low-white-line-b/1132/category/51/display/1/
크세네스티스 로우화이트,타란툴라코리아,자사몰,2026-06-02,150000,150000,0,,,재고,https://tarantulakorea.com/product/크세-로우화이트-b라인-유체/417/category/24/display/1/
크세네스티스 메가스코풀라,거미랑,네이버,2026-06-02,180000,180000,0,,,재고,https://smartstore.naver.com/terrafactory/products/11160531546
크세네스티스 메가스코풀라,거미랑,자사몰,2026-06-02,500000,500000,0,,,품절,https://theraphosidae.co.kr/product/크세네스티스-spec-메가스코풀라-dw-8cm-한쌍/620/category/24/display/1/
크세네스티스 메가스코풀라,거미랑,자사몰,2026-06-02,180000,180000,0,,,재고,https://theraphosidae.co.kr/product/크세네스티스-spec-메가스코풀라-dw-유체/1655/category/24/display/1/
크세네스티스 메가스코풀라,거미랑,자사몰,2026-06-02,200000,200000,0,,,품절,https://theraphosidae.co.kr/product/크세네스티스-spec-메가스코풀라-m라인-유체/1789/category/24/display/1/
크세네스티스 메가스코풀라,더쥬 송파점,네이버,2026-06-02,180000,180000,0,,,재고,https://smartstore.naver.com/tzblossom/products/9728798225
크세네스티스 메가스코풀라,타란센터,네이버,2026-06-02,200000,200000,0,,,품절,https://smartstore.naver.com/tarancenter/products/11122377372
크세네스티스 메가스코풀라,타란센터,자사몰,2026-06-02,200000,200000,0,,,품절,https://tarancenter.com/product/크세네스티스-sp-메가스코풀라-dw-xenesthis-sp-megascopula-line-dw/1134/category/51/display/1/
크세네스티스 메가스코풀라,타란센터,자사몰,2026-06-02,1200000,1200000,0,,,재고,https://tarancenter.com/product/크세네스티스-sp-메가스코풀라-m라인-7탈피-암컷2수1-트리오-xenesthis-sp-megascopula-line-m-n7-/962/category/51/display/1/
크세네스티스 메가스코풀라,타란툴라코리아,네이버,2026-06-02,180000,180000,0,,,품절,https://smartstore.naver.com/tarantulakorea/products/10581070109
크세네스티스 메가스코풀라,타란툴라코리아,네이버,2026-06-02,180000,180000,0,,,재고,https://smartstore.naver.com/tarantulakorea/products/11151834926
크세네스티스 브라이트,거미랑,네이버,2026-06-02,150000,150000,0,,,재고,https://smartstore.naver.com/terrafactory/products/7558176840
크세네스티스 브라이트,거미랑,자사몰,2026-06-02,450000,450000,0,,,품절,https://theraphosidae.co.kr/product/크세네스티스-spec-브라이트-fo1-12cm-한쌍/597/category/24/display/1/
크세네스티스 브라이트,거미랑,자사몰,2026-06-02,400000,400000,0,,,품절,https://theraphosidae.co.kr/product/크세네스티스-spec-브라이트-fo1-15cm암/754/category/24/display/1/
크세네스티스 브라이트,거미랑,자사몰,2026-06-02,380000,380000,0,,,품절,https://theraphosidae.co.kr/product/크세네스티스-spec-브라이트-fo1-8cm-한쌍/1294/category/24/display/1/
크세네스티스 브라이트,거미랑,자사몰,2026-06-02,350000,350000,0,,,품절,https://theraphosidae.co.kr/product/크세네스티스-spec-브라이트-fo1-아성체한쌍/155/category/24/display/1/
크세네스티스 브라이트,거미랑,자사몰,2026-06-02,350000,350000,0,,,품절,https://theraphosidae.co.kr/product/크세네스티스-spec-브라이트-fo1-암컷/634/category/24/display/1/
크세네스티스 브라이트,거미랑,자사몰,2026-06-02,140000,140000,0,,,품절,https://theraphosidae.co.kr/product/크세네스티스-spec-브라이트-fo1-유체/1068/category/24/display/1/
크세네스티스 브라이트,거미랑,자사몰,2026-06-02,160000,160000,0,,,재고,https://theraphosidae.co.kr/product/크세네스티스-spec-브라이트-fo1-유체/1755/category/24/display/1/
크세네스티스 브라이트,거미랑,자사몰,2026-06-02,380000,380000,0,,,품절,https://theraphosidae.co.kr/product/크세네스티스-spec-브라이트-m라인-7-8cm한쌍/1790/category/24/display/1/
크세네스티스 브라이트,거미랑,자사몰,2026-06-02,130000,130000,0,,,품절,https://theraphosidae.co.kr/product/크세네스티스-spec-브라이트-m라인-스파이더-링/984/category/24/display/1/
크세네스티스 브라이트,거미랑,자사몰,2026-06-02,140000,140000,0,,,품절,https://theraphosidae.co.kr/product/크세네스티스-spec-브라이트-m라인-유체/1067/category/24/display/1/
크세네스티스 브라이트,거미랑,자사몰,2026-06-02,150000,150000,0,,,재고,https://theraphosidae.co.kr/product/크세네스티스-spec-브라이트-m라인-유체/1503/category/24/display/1/
크세네스티스 브라이트,더쥬 송파점,네이버,2026-06-02,140000,140000,0,,,재고,https://smartstore.naver.com/tzblossom/products/8801603407
크세네스티스 브라이트,타란센터,네이버,2026-06-02,140000,140000,0,,,재고,https://smartstore.naver.com/tarancenter/products/10958142762
크세네스티스 브라이트,타란센터,자사몰,2026-06-02,150000,150000,0,,,품절,https://tarancenter.com/product/크세네스티스-sp-브라이트-m라인-2탈피-유체-xenesthis-sp-bright/1070/category/51/display/1/
크세네스티스 브라이트,타란센터,자사몰,2026-06-02,250000,250000,0,,,품절,https://tarancenter.com/product/크세네스티스-sp-브라이트-라인m-4탈피-암컷-xenesthis-sp-bright-line-m-female/985/category/51/display/1/
크세네스티스 브라이트,타란센터,자사몰,2026-06-02,140000,140000,0,,,재고,https://tarancenter.com/product/크세네스티스-sp-브라이트-유체-xenesthis-sp-bright/1410/category/51/display/1/
크세네스티스 브라이트,타란툴라코리아,네이버,2026-06-02,150000,150000,0,,,품절,https://smartstore.naver.com/tarantulakorea/products/10580985689
크세네스티스 브라이트,타란툴라코리아,네이버,2026-06-02,150000,150000,0,,,재고,https://smartstore.naver.com/tarantulakorea/products/10581060416
크세네스티스 브라이트,타란툴라코리아,네이버,2026-06-02,150000,150000,0,,,품절,https://smartstore.naver.com/tarantulakorea/products/11550298381
크세네스티스 브라이트,타란툴라코리아,자사몰,2026-06-02,150000,150000,0,,,재고,https://tarantulakorea.com/product/크세-브라이트-m라인-유체/227/category/24/display/1/
크세네스티스 블루,거미랑,자사몰,2026-06-02,140000,140000,0,,,품절,https://theraphosidae.co.kr/product/크세네스티스-spec-블루-스파이더-링/258/category/24/display/1/
크세네스티스 블루,거미랑,자사몰,2026-06-02,160000,160000,0,,,품절,https://theraphosidae.co.kr/product/크세네스티스-spec-블루-유체-차주부터-방문수령-일반택배-가능합니다/299/category/24/display/1/
크세네스티스 블루,거미랑,자사몰,2026-06-02,160000,160000,0,,,품절,https://theraphosidae.co.kr/product/크세네스티스-spec-블루-유체/1387/category/24/display/1/
크세네스티스 블루,타란센터,자사몰,2026-06-02,140000,140000,0,,,품절,https://tarancenter.com/product/크세네스티스-sp-블루-유체-xenesthis-sp-blue-line-b/1343/category/51/display/1/
크세네스티스 블루,타란센터,자사몰,2026-06-02,160000,160000,0,,,품절,https://tarancenter.com/product/크세네스티스-sp-블루-유체-xenesthis-sp-blue-line-b/897/category/51/display/1/
크세네스티스 블루,타란센터,자사몰,2026-06-02,140000,140000,0,,,품절,https://tarancenter.com/product/크세네스티스-sp-블루-유체-xenesthis-sp-blue-line-m/1171/category/51/display/1/
크세네스티스 블루,타란툴라코리아,네이버,2026-06-02,140000,140000,0,,,품절,https://smartstore.naver.com/tarantulakorea/products/10580972996
크세네스티스 블루,타란툴라코리아,네이버,2026-06-02,140000,140000,0,,,품절,https://smartstore.naver.com/tarantulakorea/products/10580976810
크세네스티스 엘살도 POSS. 발드,타란툴라코리아,네이버,2026-06-02,300000,300000,0,,,재고,https://smartstore.naver.com/tarantulakorea/products/10581086520
크세네스티스 이매니즈 Xenesthis immanis 벤자민웨버는 이매니즈,타란툴라코리아,네이버,2026-06-02,85000,85000,0,,,품절,https://smartstore.naver.com/tarantulakorea/products/10694442411
크세네스티스 이매니즈 숏헤어,더쥬 송파점,네이버,2026-06-02,90000,90000,0,,,재고,https://smartstore.naver.com/tzblossom/products/13424113089
크세네스티스 이매니즈 숏헤어,타란툴라코리아,네이버,2026-06-02,90000,90000,0,,,재고,https://smartstore.naver.com/tarantulakorea/products/12773867365
크세네스티스 인터메디아 B라인,타란툴라코리아,네이버,2026-06-02,120000,120000,0,,,재고,https://smartstore.naver.com/tarantulakorea/products/13124380546
크세네스티스 인테르메디아,거미랑,자사몰,2026-06-02,140000,140000,0,,,재고,https://theraphosidae.co.kr/product/크세네스티스-인테르메디아-트루히요-12cm-성별선택/1792/category/24/display/1/
크세네스티스 인테르메디아,거미랑,자사몰,2026-06-02,140000,140000,0,,,품절,https://theraphosidae.co.kr/product/크세네스티스-인테르메디아-트루히요-유체대/1388/category/24/display/1/
크세네스티스 인테르메디아 트루히요,거미랑,자사몰,2026-06-02,140000,140000,0,,,품절,https://theraphosidae.co.kr/product/사전판매-크세네스티스-인테르메디아-트루히요-유체/1404/category/24/display/1/
크세네스티스 인테르메디아 트루히요,거미랑,자사몰,2026-06-02,140000,140000,0,,,품절,https://theraphosidae.co.kr/product/크세네스티스-인테르메디아-트루히요-10cm-성별선택/1293/category/24/display/1/
크세네스티스 인테르메디아 트루히요,거미랑,자사몰,2026-06-02,140000,140000,0,,,품절,https://theraphosidae.co.kr/product/크세네스티스-인테르메디아-트루히요-7-8cm-성별선택/1628/category/24/display/1/
크세네스티스 임마니스 콜럼비안렛서블랙 롱헤어 타란튤라,타란센터,네이버,2026-06-02,84000,85000,1,"84,000 → 85,000",2026-06-06,품절,https://smartstore.naver.com/tarancenter/products/11403464314
크세네스티스 카우카,거미랑,네이버,2026-06-02,320000,320000,0,,,품절,https://smartstore.naver.com/terrafactory/products/11375397074
크세네스티스 카우카,거미랑,자사몰,2026-06-02,350000,350000,0,,,재고,https://theraphosidae.co.kr/product/크세네스티스-spec-카우카-유체/1386/category/24/display/1/
크세네스티스 테네브리스,거미랑,자사몰,2026-06-02,95000,95000,0,,,품절,https://theraphosidae.co.kr/product/크세네스티스-spec-테네브리스-유체/1139/category/24/display/1/
크세네스티스 테네브리스,타란센터,네이버,2026-06-02,120000,120000,0,,,품절,https://smartstore.naver.com/tarancenter/products/8670908465
크세네스티스 테네브리스,타란센터,자사몰,2026-06-02,95000,95000,0,,,품절,https://tarancenter.com/product/크세네스티스-sp-테네브리스-유체-xenesthis-sp-tenebris/846/category/51/display/1/
크세네스티스 테네브리스,타란툴라코리아,네이버,2026-06-02,95000,95000,0,,,재고,https://smartstore.naver.com/tarantulakorea/products/10580937073
크세네스티스 화이트 B라인,더쥬 송파점,네이버,2026-06-02,90000,90000,0,,,품절,https://smartstore.naver.com/tzblossom/products/10333864134
크세네스티스 화이트 B라인,타란툴라코리아,네이버,2026-06-02,150000,150000,0,,,재고,https://smartstore.naver.com/tarantulakorea/products/10580991423
크세네스티스 화이트 B라인,타란툴라코리아,네이버,2026-06-02,150000,150000,0,,,재고,https://smartstore.naver.com/tarantulakorea/products/11260766785
키클로스테르눔 spec. 옐로우 밴디드 베네수엘라,거미랑,자사몰,2026-06-02,120000,120000,0,,,품절,https://theraphosidae.co.kr/product/키클로스테르눔-spec-옐로우-밴디드-베네수엘라-8cm암컷/1232/category/24/display/1/
키클로스테르눔 spec. 옐로우 밴디드 베네수엘라,거미랑,자사몰,2026-06-02,30000,30000,0,,,품절,https://theraphosidae.co.kr/product/키클로스테르눔-spec-옐로우-밴디드-베네수엘라-유체/292/category/24/display/1/
키클로스테르눔 spec. 옐로우 베네수엘라,거미랑,자사몰,2026-06-02,200000,200000,0,,,품절,https://theraphosidae.co.kr/product/키클로스테르눔-spec-옐로우-베네수엘라-성체한쌍/39/category/24/display/1/
키타라칸투스 퀴아네우스,거미랑,자사몰,2026-06-02,80000,80000,0,,,품절,https://theraphosidae.co.kr/product/키타라칸투스-퀴아네우스-유체/1228/category/24/display/1/
킬란티카 spec. 칼리,거미랑,자사몰,2026-06-02,45000,45000,0,,,재고,https://theraphosidae.co.kr/product/킬란티카-spec-칼리-ex-tspec-kali-유체대/1310/category/24/display/1/
킬로 사이욕,타란툴라코리아,자사몰,2026-06-02,25000,25000,0,,,재고,https://tarantulakorea.com/product/킬로-사이욕-유체/670/category/24/display/1/
킬로브라쉬스 Sp. 사우스타일랜드 블루,타란센터,자사몰,2026-06-02,35000,35000,0,,,품절,https://tarancenter.com/product/킬로브라쉬스-sp-사우스타일랜드-블루-유체-chilobrachys-sp-south-thailand-blue/1052/category/51/display/1/
킬로브라쉬스 베트남 블루,타란센터,네이버,2026-06-02,45000,45000,0,,,품절,https://smartstore.naver.com/tarancenter/products/13155825600
킬로브라쉬스 베트남 블루,타란센터,자사몰,2026-06-02,50000,50000,0,,,품절,https://tarancenter.com/product/킬로브라쉬스-베트남-블루-아성체-한쌍-65cm-chilobrachys-sp-vietnam-blue-pair/133/category/51/display/1/
킬로브라쉬스 사우스타일랜드블루 애완거미 타란튤라,타란센터,네이버,2026-06-02,35000,35000,0,,,품절,https://smartstore.naver.com/tarancenter/products/10998439257
킬로브라쉬스 후아히니 버드이터 배회성 버로우성 타란튤라 급,타란센터,네이버,2026-06-02,45000,45000,0,,,품절,https://smartstore.naver.com/tarancenter/products/13155856253
킬로브라키스 spec. 디스코루스 럼동,거미랑,자사몰,2026-06-02,120000,120000,0,,,품절,https://theraphosidae.co.kr/product/재고-1마리-매니아-매입개체-킬로브라키스-spec-디스코루스-럼동-15cm-암/266/category/24/display/1/
킬로브라키스 spec. 베트남 블루,거미랑,자사몰,2026-06-02,65000,65000,0,,,품절,https://theraphosidae.co.kr/product/킬로브라키스-spec-베트남-블루-10cm-암컷/1677/category/24/display/1/
킬로브라키스 spec. 사우스 타일랜드 블루,거미랑,자사몰,2026-06-02,125000,125000,0,,,품절,https://theraphosidae.co.kr/product/킬로브라키스-spec-사우스-타일랜드-블루-1214cm-암컷/1817/category/24/display/1/
킬로브라키스 spec. 사이 욕,거미랑,자사몰,2026-06-02,25000,25000,0,,,재고,https://theraphosidae.co.kr/product/킬로브라키스-spec-사이-욕-유체/1888/category/24/display/1/
킬로브라키스 spec. 이 라오스,거미랑,자사몰,2026-06-02,25000,25000,0,,,재고,https://theraphosidae.co.kr/product/킬로브라키스-spec-초이-라오스/1897/category/24/display/1/
킬로브라키스 뒤스코루스 블랙,거미랑,자사몰,2026-06-02,12000,12000,0,,,품절,https://theraphosidae.co.kr/product/킬로브라키스-뒤스코루스-블랙-유체/1164/category/24/display/1/
킬로브라키스 매홍손 오렌지,타란툴라코리아,네이버,2026-06-02,25000,25000,0,,,재고,https://smartstore.naver.com/tarantulakorea/products/10566679692
킬로브라키스 버미즈 브라운,거미랑,자사몰,2026-06-02,45000,45000,0,,,품절,https://theraphosidae.co.kr/product/킬로브라키스-spec-버미즈-브라운-8-10cm-암컷/1675/category/24/display/1/
킬로브라키스 버미즈 브라운,타란툴라코리아,네이버,2026-06-02,10000,10000,0,,,재고,https://smartstore.naver.com/tarantulakorea/products/10556548906
킬로브라키스 사우스 블루,타란툴라코리아,네이버,2026-06-02,35000,35000,0,,,재고,https://smartstore.naver.com/tarantulakorea/products/10567976656
킬로브라키스 사이욕 학명 Chilobrachys Sai Yok 습성 배회성,타란툴라코리아,네이버,2026-06-02,25000,25000,0,,,재고,https://smartstore.naver.com/tarantulakorea/products/11425067562
킬로브라키스 알라딘 학명 Chilobrachys sp. Aladdin 습성 배회성 수명 약 10년 +,타란툴라코리아,네이버,2026-06-02,30000,30000,0,,,재고,https://smartstore.naver.com/tarantulakorea/products/11936270680
킬로브라키스 인디언 바이올렛,타란툴라코리아,네이버,2026-06-02,18000,18000,0,,,재고,https://smartstore.naver.com/tarantulakorea/products/10560560810
킬로브라키스 일렉트릭 블루,거미랑,자사몰,2026-06-02,95000,95000,0,,,품절,https://theraphosidae.co.kr/product/킬로브라키스-spec-일렉트릭-블루-10cm암컷/1676/category/24/display/1/
킬로브라키스 일렉트릭 블루,타란툴라코리아,네이버,2026-06-02,30000,30000,0,,,품절,https://smartstore.naver.com/tarantulakorea/products/10560426473
킬로브라키스 프라추압 키리 칸,타란툴라코리아,네이버,2026-06-02,30000,30000,0,,,재고,https://smartstore.naver.com/tarantulakorea/products/10566812587
킬리만자로 머스타드,거미랑,자사몰,2026-06-02,25000,25000,0,,,품절,https://theraphosidae.co.kr/product/킬리만자로-머스타드-유체/1218/category/24/display/1/
킬리만자로 머스타드 바분,거미랑,자사몰,2026-06-02,20000,20000,0,,,품절,https://theraphosidae.co.kr/product/킬리만자로-머스타드-바분-유체/305/category/24/display/1/
킬리만자로 머스타드 바분 학명 Pterinochilus chordatus 습성 버로우성 수명 약 10~15년 사육온도 23~27도 사육습도 50~60% 사이즈,타란툴라코리아,네이버,2026-06-02,25000,25000,0,,,재고,https://smartstore.naver.com/tarantulakorea/products/10635293712
킬리만자로 머스타트 바분,타란툴라코리아,자사몰,2026-06-02,25000,25000,0,,,재고,https://tarantulakorea.com/product/킬리만자로-머스타트-바분-유체/292/category/66/display/1/
킹 바분,거미랑,자사몰,2026-06-02,90000,90000,0,,,품절,https://theraphosidae.co.kr/product/킹-바분-6-7cm-암컷/1561/category/24/display/1/
킹 바분,거미랑,자사몰,2026-06-02,25000,25000,0,,,품절,https://theraphosidae.co.kr/product/킹-바분-유체/808/category/24/display/1/
킹 바분,타란센터,자사몰,2026-06-02,150000,150000,0,,,품절,https://tarancenter.com/product/킹-바분-95cm-준성체-암컷-pelinobius-muticus-방문입양만-가능/964/category/51/display/1/
킹바분,거미랑,네이버,2026-06-02,18000,18000,0,,,재고,https://smartstore.naver.com/terrafactory/products/10756314907
킹바분,거미랑,네이버,2026-06-02,41000,41000,0,,,재고,https://smartstore.naver.com/terrafactory/products/10756345398
킹바분,거미랑,네이버,2026-06-02,300000,300000,0,,,품절,https://smartstore.naver.com/terrafactory/products/10852543444
킹바분,거미랑,자사몰,2026-06-02,30000,30000,0,,,품절,https://theraphosidae.co.kr/product/4차-재입고-킹바분-유체대-예약완료/818/category/24/display/1/
킹바분,거미랑,자사몰,2026-06-02,20000,20000,0,,,품절,https://theraphosidae.co.kr/product/킹바분-유체/58/category/24/display/1/
킹바분,거미랑,자사몰,2026-06-02,18000,18000,0,,,재고,https://theraphosidae.co.kr/product/킹바분-유체/820/category/24/display/1/
킹바분,거미랑,자사몰,2026-06-02,30000,30000,0,,,품절,https://theraphosidae.co.kr/product/킹바분-유체대/851/category/24/display/1/
킹바분,거미랑,자사몰,2026-06-02,250000,250000,0,,,품절,https://theraphosidae.co.kr/product/킹바분-준성체암컷/551/category/24/display/1/
킹바분,더쥬 송파점,네이버,2026-06-02,15000,15000,0,,,재고,https://smartstore.naver.com/tzblossom/products/8801301317
킹바분,타란센터,네이버,2026-06-02,15000,15000,0,,,재고,https://smartstore.naver.com/tarancenter/products/11403711064
킹바분,타란센터,자사몰,2026-06-02,15000,15000,0,,,재고,https://tarancenter.com/product/킹바분-유체-대사이즈-크기옵션선택-pelinobius-muticus/880/category/51/display/1/
킹바분,타란툴라코리아,네이버,2026-05-31,13000,18000,1,"13,000 → 18,000",2026-06-01,재고,https://smartstore.naver.com/tarantulakorea/products/10644920809
킹바분,타란툴라코리아,네이버,2026-06-02,300000,300000,0,,,재고,https://smartstore.naver.com/tarantulakorea/products/11729405338
킹바분,타란툴라코리아,자사몰,2026-06-02,15000,15000,0,,,재고,https://tarantulakorea.com/product/킹바분-유체/339/category/66/display/1/
킹바분,타란툴라코리아,자사몰,2026-06-02,250000,250000,0,,,재고,https://tarantulakorea.com/product/킹바분-준성체-암컷/209/category/27/display/1/
킹바분,타란툴라코리아,자사몰,2026-06-02,250000,250000,0,,,재고,https://tarantulakorea.com/product/킹바분-준성체-암컷/209/category/66/display/1/
타고 레드 타이거,타란툴라코리아,네이버,2026-06-02,35000,35000,0,,,품절,https://smartstore.naver.com/tarantulakorea/products/10613714855
타라포토 핑크토,거미랑,네이버,2026-05-31,39000,45000,1,"39,000 → 45,000",2026-06-01,재고,https://smartstore.naver.com/terrafactory/products/7547228686
타라포토 핑크토,타란센터,네이버,2026-06-02,45000,45000,0,,,재고,https://smartstore.naver.com/tarancenter/products/10998374888
타이 골든 프린지드,타란센터,자사몰,2026-06-02,40000,40000,0,,,재고,https://tarancenter.com/product/타이-골든-프린지드-ex버미즈블랙-암컷-준성체-910cm-ornithoctonus-aureotibialis/1569/category/51/display/1/
타이 골든 프린지드,타란센터,자사몰,2026-06-02,15000,15000,0,,,품절,https://tarancenter.com/product/타이-골든-프린지드-ex버미즈블랙-유체-ornithoctonus-aureotibialis/1068/category/51/display/1/
타이 골든 프린지드 푸켓,거미랑,자사몰,2026-06-02,40000,40000,0,,,품절,https://theraphosidae.co.kr/product/타이-골든-프린지드-푸켓-유체/1327/category/24/display/1/
타이 골든프린지드,타란센터,자사몰,2026-06-02,25000,25000,0,,,재고,https://tarancenter.com/product/타이-골든프린지드-유체-대-ex버미즈블랙-ornithoctonus-aureotibialis/1251/category/51/display/1/
타이 타이거,거미랑,자사몰,2026-06-02,50000,50000,0,,,품절,https://theraphosidae.co.kr/product/타이타이거-센트럴-준성체15cm-암컷/2010/category/24/display/1/
타이 타이거,거미랑,자사몰,2026-06-02,25000,25000,0,,,품절,https://theraphosidae.co.kr/product/타이타이거-유체/1382/category/24/display/1/
타이 타이거,타란센터,네이버,2026-06-02,60000,60000,0,,,품절,https://smartstore.naver.com/tarancenter/products/13155874314
타이 타이거,타란툴라코리아,네이버,2026-06-02,20000,20000,0,,,재고,https://smartstore.naver.com/tarantulakorea/products/10628813348
타이 타이거,타란툴라코리아,네이버,2026-06-02,20000,20000,0,,,재고,https://smartstore.naver.com/tarantulakorea/products/10629249390
타이 타이거,타란툴라코리아,네이버,2026-06-02,30000,30000,0,,,재고,https://smartstore.naver.com/tarantulakorea/products/10644840842
타이 타이거,타란툴라코리아,자사몰,2026-06-02,30000,30000,0,,,재고,https://tarantulakorea.com/product/타이타이거-캄보디아-유체/285/category/66/display/1/
타이 타이거,타란툴라코리아,자사몰,2026-06-02,20000,20000,0,,,재고,https://tarantulakorea.com/product/타이타이거타일랜드-유체/359/category/66/display/1/
타이 타이거 ~,타란센터,자사몰,2026-06-02,60000,60000,0,,,품절,https://tarancenter.com/product/타이-타이거-준성체성체-암컷-cyriopagopus-longipes/1455/category/51/display/1/
타이 타이거 ~,타란센터,자사몰,2026-06-02,60000,60000,0,,,품절,https://tarancenter.com/product/타이-타이거-캄보디아-아성체-암컷-cyriopagopus-longipes-cambodia/642/category/51/display/1/
타이거 바분,거미랑,자사몰,2026-06-02,45000,45000,0,,,품절,https://theraphosidae.co.kr/product/타이거-바분-유체/1128/category/24/display/1/
타이거 바분,거미랑,자사몰,2026-06-02,45000,45000,0,,,품절,https://theraphosidae.co.kr/product/타이거-바분-유체/254/category/24/display/1/
타이거 바분,타란툴라코리아,네이버,2026-06-02,45000,45000,0,,,품절,https://smartstore.naver.com/tarantulakorea/products/10663046245
타이거 오너멘탈,거미랑,자사몰,2026-06-02,35000,35000,0,,,품절,https://theraphosidae.co.kr/product/타이거-오너멘탈-유체/1149/category/24/display/1/
타이거 오너멘탈,거미랑,자사몰,2026-06-02,140000,140000,0,,,품절,https://theraphosidae.co.kr/product/타이거-오너멘탈-준성체1214cm-한쌍/1031/category/24/display/1/
타이거럼프,타란툴라코리아,자사몰,2026-06-02,10000,10000,0,,,재고,https://tarantulakorea.com/product/타이거럼프-유체/155/category/24/display/1/
타이제브라,거미랑,네이버,2026-06-02,50000,50000,0,,,재고,https://smartstore.naver.com/terrafactory/products/10852559699
타이제브라,거미랑,네이버,2026-06-02,5000,5000,0,,,재고,https://smartstore.naver.com/terrafactory/products/6507879577
타이제브라,거미랑,자사몰,2026-06-02,65000,65000,0,,,품절,https://theraphosidae.co.kr/product/타이제브라-dcf-준성체암컷/1783/category/24/display/1/
타이제브라,거미랑,자사몰,2026-06-02,10000,10000,0,,,품절,https://theraphosidae.co.kr/product/타이제브라-스파이더-링/673/category/24/display/1/
타이제브라,거미랑,자사몰,2026-06-02,70000,70000,0,,,품절,https://theraphosidae.co.kr/product/타이제브라-준성체암/38/category/24/display/1/
타이제브라,거미랑,자사몰,2026-06-02,15000,15000,0,,,재고,https://theraphosidae.co.kr/product/타이제브라-퍼플-ex퍼플제브라-유체/1907/category/24/display/1/
타이제브라,더쥬 송파점,네이버,2026-06-02,4000,4000,0,,,재고,https://smartstore.naver.com/tzblossom/products/10089083919
타이제브라,더쥬 송파점,네이버,2026-06-02,5000,5000,0,,,재고,https://smartstore.naver.com/tzblossom/products/11746295456
타이제브라,더쥬 송파점,네이버,2026-06-02,50000,50000,0,,,품절,https://smartstore.naver.com/tzblossom/products/12206581665
타이제브라,타란센터,네이버,2026-06-02,10000,10000,0,,,재고,https://smartstore.naver.com/tarancenter/products/10169323247
타이제브라,타란센터,네이버,2026-06-02,35000,35000,0,,,재고,https://smartstore.naver.com/tarancenter/products/13536686538
타이제브라,타란센터,자사몰,2026-06-02,20000,20000,0,,,품절,https://tarancenter.com/product/타이-제브라-유체-cyriopagopus-albostriatus/509/category/51/display/1/
타이제브라,타란센터,자사몰,2026-06-02,20000,20000,0,,,재고,https://tarancenter.com/product/타이제브라-dcf-유체-melopoeus-albostriatus-dcf/837/category/51/display/1/
타이제브라,타란센터,자사몰,2026-06-02,50000,50000,0,,,재고,https://tarancenter.com/product/타이제브라-나콘-라차시마-준성체-암컷-12cm-melopoeus-albostriatus-nakhon-ratchasima/1402/category/51/display/1/
타이제브라,타란센터,자사몰,2026-06-02,35000,35000,0,,,재고,https://tarancenter.com/product/타이제브라-아성체-암컷-7cm-melopoeus-albostriatus/1565/category/51/display/1/
타이제브라,타란센터,자사몰,2026-06-02,10000,10000,0,,,재고,https://tarancenter.com/product/타이제브라-유체-melopoeus-albostriatus/1017/category/51/display/1/
타이제브라,타란센터,자사몰,2026-06-02,30000,30000,0,,,품절,https://tarancenter.com/product/타이제브라-유체-대-cyriopagopus-albostriatus/728/category/51/display/1/
타이제브라,타란센터,자사몰,2026-06-02,15000,15000,0,,,재고,https://tarancenter.com/product/퍼플-타이제브라-유체-melopoeus-albostriatus-purple/1477/category/51/display/1/
타이제브라,타란툴라코리아,네이버,2026-06-02,9000,9000,0,,,재고,https://smartstore.naver.com/tarantulakorea/products/10621757856
타이제브라,타란툴라코리아,자사몰,2026-06-02,9000,9000,0,,,재고,https://tarantulakorea.com/product/타이제브라-유체/100/category/66/display/1/
타이제브라,타란툴라코리아,자사몰,2026-06-02,20000,20000,0,,,재고,https://tarantulakorea.com/product/타이제브라dcf나콘-라차시마-유체/596/category/66/display/1/
타이제브라,타란툴라코리아,자사몰,2026-06-02,25000,25000,0,,,재고,https://tarantulakorea.com/product/타이제브라퍼플ex-퍼플제브라-유체-대/707/category/66/display/1/
타이제브라,타란툴라코리아,자사몰,2026-06-02,15000,15000,0,,,재고,https://tarantulakorea.com/product/타이제브라퍼플ex-퍼플제브라-유체/741/category/66/display/1/
타이제브라,타란툴라코리아,자사몰,2026-06-02,15000,15000,0,,,재고,https://tarantulakorea.com/product/타이제브라퍼플ex-퍼플제브라-유체/741/category/66/display/2/
타이제브라 DCF 나콘 랏차시마,거미랑,자사몰,2026-06-02,12000,12000,0,,,품절,https://theraphosidae.co.kr/product/타이제브라-dcf-나콘-랏차시마-유체/1780/category/24/display/1/
타이제브라 DCF 나콘 랏차시마,거미랑,자사몰,2026-06-02,50000,50000,0,,,품절,https://theraphosidae.co.kr/product/타이제브라-dcf-나콘-랏차시마-준성체암컷/1831/category/24/display/1/
타이제브라 퍼플 퍼플제브라,타란툴라코리아,네이버,2026-06-02,15000,15000,0,,,재고,https://smartstore.naver.com/tarantulakorea/products/12241761288
타일랜드 블랙 (빅블랙),거미랑,네이버,2026-06-02,25000,25000,0,,,재고,https://smartstore.naver.com/terrafactory/products/5230274204
타일랜드 블랙 (빅블랙),거미랑,자사몰,2026-06-02,60000,60000,0,,,품절,https://theraphosidae.co.kr/product/타일랜드-블랙-빅-블랙-15cm-암컷/1422/category/24/display/1/
타일랜드 블랙 (빅블랙),거미랑,자사몰,2026-06-02,25000,25000,0,,,품절,https://theraphosidae.co.kr/product/타일랜드-블랙-빅-블랙-국내번식-스파이더-링/1099/category/24/display/1/
타일랜드 블랙 (빅블랙),거미랑,자사몰,2026-06-02,25000,25000,0,,,품절,https://theraphosidae.co.kr/product/타일랜드-블랙-빅-블랙-마지막-한마리/831/category/24/display/1/
타일랜드 블랙 (빅블랙),거미랑,자사몰,2026-06-02,18000,18000,0,,,재고,https://theraphosidae.co.kr/product/타일랜드-블랙-빅-블랙-유체/1785/category/24/display/1/
타일랜드 블랙 (빅블랙),더쥬 송파점,네이버,2026-06-02,18000,18000,0,,,재고,https://smartstore.naver.com/tzblossom/products/10177972079
타일랜드 블랙 (빅블랙),더쥬 송파점,네이버,2026-06-02,16000,16000,0,,,품절,https://smartstore.naver.com/tzblossom/products/11714413459
타일랜드 블랙 (빅블랙),타란센터,네이버,2026-06-02,60000,60000,0,,,재고,https://smartstore.naver.com/tarancenter/products/13155728141
타일랜드 블랙 (빅블랙),타란센터,네이버,2026-06-02,60000,60000,0,,,품절,https://smartstore.naver.com/tarancenter/products/13155771444
타일랜드 블랙 (빅블랙),타란센터,네이버,2026-06-02,10000,10000,0,,,재고,https://smartstore.naver.com/tarancenter/products/13523595725
타일랜드 블랙 (빅블랙),타란센터,네이버,2026-06-02,10000,10000,0,,,재고,https://smartstore.naver.com/tarancenter/products/13523615973
타일랜드 블랙 (빅블랙),타란센터,자사몰,2026-06-02,10000,10000,0,,,재고,https://tarancenter.com/product/타일랜드-블랙-노멀-유체-옵션-크기선택가능-melopoeus-minax/1557/category/51/display/1/
타일랜드 블랙 (빅블랙),타란센터,자사몰,2026-06-02,60000,60000,0,,,품절,https://tarancenter.com/product/타일랜드-블랙-노멀-준성체성체-암컷-cyriopagopus-minax/1459/category/51/display/1/
타일랜드 블랙 (빅블랙),타란센터,자사몰,2026-06-02,60000,60000,0,,,재고,https://tarancenter.com/product/타일랜드-블랙-빅블랙-1013cm-준성체-암컷-cyriopagopus-minax-big-black/1452/category/51/display/1/
타일랜드 블랙 (빅블랙),타란센터,자사몰,2026-06-02,80000,80000,0,,,품절,https://tarancenter.com/product/타일랜드-블랙-빅블랙-암컷-9cm-준성체-초-cyriopagopus-minax-big-black/1190/category/51/display/1/
타일랜드 블랙 (빅블랙),타란센터,자사몰,2026-06-02,18000,18000,0,,,품절,https://tarancenter.com/product/타일랜드-블랙-빅블랙-유체-cyriopagopus-minax-big-black/1026/category/51/display/1/
타일랜드 블랙 (빅블랙),타란센터,자사몰,2026-06-02,10000,10000,0,,,재고,https://tarancenter.com/product/타일랜드-블랙-빅블랙-유체-melopoeus-minax-big-black/1556/category/51/display/1/
타일랜드 블랙 (빅블랙),타란센터,자사몰,2026-06-02,18000,18000,0,,,품절,https://tarancenter.com/product/타일랜드-블랙-유체-cyriopagopus-minax/1237/category/51/display/1/
타일랜드 블랙 (빅블랙),타란툴라코리아,네이버,2026-06-02,18000,18000,0,,,재고,https://smartstore.naver.com/tarantulakorea/products/10628215439
타일랜드 블랙 (빅블랙),타란툴라코리아,네이버,2026-06-02,18000,18000,0,,,재고,https://smartstore.naver.com/tarantulakorea/products/10628304757
타일랜드 블랙 (빅블랙),타란툴라코리아,네이버,2026-06-02,80000,80000,0,,,재고,https://smartstore.naver.com/tarantulakorea/products/12374015903
타일랜드 블랙 (빅블랙),타란툴라코리아,자사몰,2026-06-02,18000,18000,0,,,재고,https://tarantulakorea.com/product/타일랜드블랙-유체/268/category/66/display/1/
타일랜드 블랙 (빅블랙),타란툴라코리아,자사몰,2026-06-02,18000,18000,0,,,재고,https://tarantulakorea.com/product/타일랜드블랙빅블랙/383/category/66/display/1/
타피나우케니우스 폴뤼보테스,거미랑,자사몰,2026-06-02,22000,22000,0,,,품절,https://theraphosidae.co.kr/product/타피나우케니우스-폴뤼보테스/539/category/24/display/1/
탄자니아 체스트넛 바분 학명 Heterothele villosela 습성 버로우성 수명 약 10~15년 사육온도 23~27도 사육습도 50~60% 사이즈 평균 성장 속도 빠름 아프리카 소형 버러우성 타란입니다. 사이즈로 사이즈가 좋습니다. 분양되는 사이즈는 급 입니다. ● 추가 사진,타란툴라코리아,네이버,2026-06-02,30000,30000,0,,,재고,https://smartstore.naver.com/tarantulakorea/products/10640755887
탄자니아체스트넛바분,타란툴라코리아,자사몰,2026-06-02,30000,30000,0,,,재고,https://tarantulakorea.com/product/탄자니아체스트넛바분-유체대/415/category/66/display/1/
테라포사 버건디 골리앗,타란툴라코리아,네이버,2026-06-02,85000,85000,0,,,품절,https://smartstore.naver.com/tarantulakorea/products/10579260572
테라포사 블론디 골리앗,타란툴라코리아,네이버,2026-06-02,95000,95000,0,,,재고,https://smartstore.naver.com/tarantulakorea/products/10578116897
테라포사 핑크풋 골리앗,타란툴라코리아,네이버,2026-06-02,65000,65000,0,,,재고,https://smartstore.naver.com/tarantulakorea/products/10573228536
테라포시나이 spec. 로아탄,거미랑,자사몰,2026-06-02,35000,35000,0,,,품절,https://theraphosidae.co.kr/product/테라포시나이-spec-로아탄-유체대/1843/category/24/display/1/
테라포시나이 spec. 파나마,거미랑,자사몰,2026-06-02,80000,80000,0,,,품절,https://theraphosidae.co.kr/product/테라포시나이-spec-파나마-스파이더-링/1385/category/24/display/1/
테라포시다에 Sp. 만다린,타란센터,자사몰,2026-06-02,85000,85000,0,,,품절,https://tarancenter.com/product/테라포시다에-sp-만다린-유체-theraposidae-sp-mandarín/926/category/51/display/1/
테라포시다에 아도베,거미랑,네이버,2026-06-02,79000,79000,0,,,재고,https://smartstore.naver.com/terrafactory/products/13448605543
테라포시다에 키무,거미랑,네이버,2026-06-02,79000,79000,0,,,재고,https://smartstore.naver.com/terrafactory/products/13448613270
테라포시다이 spec. 도라도,거미랑,자사몰,2026-06-02,45000,45000,0,,,품절,https://theraphosidae.co.kr/product/테라포시다이-spec-도라도-유체/1716/category/24/display/1/
테라포시다이 spec. 만다린,거미랑,자사몰,2026-06-02,85000,85000,0,,,품절,https://theraphosidae.co.kr/product/테라포시다이-spec-만다린-유체/1721/category/24/display/1/
테라포시다이 spec. 아도베,거미랑,자사몰,2026-06-02,85000,85000,0,,,재고,https://theraphosidae.co.kr/product/테라포시다이-spec-아도베-유체/1997/category/24/display/1/
테라포시다이 spec. 아도베,거미랑,자사몰,2026-06-02,285000,285000,0,,,재고,https://theraphosidae.co.kr/product/테라포시다이-spec-아도베-준성체암컷/2003/category/24/display/1/
테라포시다이 spec. 아도베,타란툴라코리아,자사몰,2026-06-02,85000,85000,0,,,재고,https://tarantulakorea.com/product/테라포시다이-spec-아도베-유체/714/category/24/display/1/
테라포시다이 spec. 오스카르,거미랑,자사몰,2026-06-02,65000,65000,0,,,재고,https://theraphosidae.co.kr/product/테라포시다이-spec-오스카르-유체/1996/category/24/display/1/
테라포시다이 spec. 오스카르,타란툴라코리아,자사몰,2026-06-02,65000,65000,0,,,재고,https://tarantulakorea.com/product/테라포시다이-spec-오스카르-유체/728/category/24/display/1/
테라포시다이 spec. 카스카다 데 디아블로,타란툴라코리아,자사몰,2026-06-02,45000,45000,0,,,재고,https://tarantulakorea.com/product/테라포시다이-spec-카스카다-데-디아블로-유체/709/category/24/display/1/
테라포시다이 spec. 카스카다 데 디아블로 학명 Theraposidae spec Cascadas de Diablo 습성 배회성 수명 약 10~15년 사육온도 24~27도 사육습도 40~60% 사이즈,타란툴라코리아,네이버,2026-06-02,45000,45000,0,,,재고,https://smartstore.naver.com/tarantulakorea/products/12257914643
테라포시다이 spec. 키무,거미랑,자사몰,2026-06-02,85000,85000,0,,,재고,https://theraphosidae.co.kr/product/테라포시다이-spec-키무-유체/1998/category/24/display/1/
테라포시다이 spec. 키무,거미랑,자사몰,2026-06-02,255000,255000,0,,,품절,https://theraphosidae.co.kr/product/테라포시다이-spec-키무-준성체암컷/2004/category/24/display/1/
테라포시다이 spec. 키무,타란툴라코리아,자사몰,2026-06-02,85000,85000,0,,,재고,https://tarantulakorea.com/product/테라포시다이-spec-키무-유체/739/category/24/display/1/
테라포시다이 spec. 파코라,거미랑,자사몰,2026-06-02,85000,85000,0,,,재고,https://theraphosidae.co.kr/product/테라포시다이-spec-파코라-유체/1824/category/24/display/1/
테라포시다이 spec. 파코라,타란툴라코리아,자사몰,2026-06-02,95000,95000,0,,,재고,https://tarantulakorea.com/product/테라포시다이-spec-파코라-유체/667/category/24/display/1/
테라포시다이 도라도 학명 Theraphosidae sp. dorado 습성 배회성 수명 약 10~20년 사육온도 23~27도 사육습도 50~70% 사이즈,타란툴라코리아,네이버,2026-06-02,80000,80000,0,,,품절,https://smartstore.naver.com/tarantulakorea/products/10578987061
테라포시다이 만다린 학명 Theraphosidae sp. mandarin 습성 배회성 수명 약 10~15년 사육온도 25~27도 사육습도 60~70% 사이즈,타란툴라코리아,네이버,2026-06-02,85000,85000,0,,,품절,https://smartstore.naver.com/tarantulakorea/products/10579241705
테라포시다이 아도베 학명 Theraphosidae sp. Adobe 습성 배회성 수명 약 10~15년 사육온도 25~27도 사육습도 50~70% 사이즈 14~,타란툴라코리아,네이버,2026-06-02,85000,85000,0,,,재고,https://smartstore.naver.com/tarantulakorea/products/13075066034
테라포시다이 오스카르 학명 Theraphosidae sp. Oscar 습성 배회성 수명 약 10~15년 사육온도 25~27도 사육습도 50~70% 사이즈,타란툴라코리아,네이버,2026-06-02,65000,65000,0,,,재고,https://smartstore.naver.com/tarantulakorea/products/13075051090
테라포시다이 키무 학명 Theraphosidae sp. Chimu 습성 배회성 수명 약 10~15년 사육온도 25~27도 사육습도 50~70% 사이즈 16~,타란툴라코리아,네이버,2026-06-02,85000,85000,0,,,재고,https://smartstore.naver.com/tarantulakorea/products/13075401404
테라포시다이 파코라 학명 Theraposidae spec. pacora 습성 배회성 수명 약 10~15년 사육온도 24~27도 사육습도 50~70% 사이즈,타란툴라코리아,네이버,2026-06-02,95000,95000,0,,,재고,https://smartstore.naver.com/tarantulakorea/products/12257949472
텍사스 탄,거미랑,자사몰,2026-06-02,35000,35000,0,,,품절,https://theraphosidae.co.kr/product/텍사스-탄-유체-소량/1360/category/24/display/1/
텍사스 탄,거미랑,자사몰,2026-06-02,25000,25000,0,,,품절,https://theraphosidae.co.kr/product/텍사스-탄-유체/1598/category/24/display/1/
텍사스 탄,거미랑,자사몰,2026-06-02,22000,22000,0,,,품절,https://theraphosidae.co.kr/product/텍사스-탄-유체/41/category/24/display/1/
텍사스 탄,타란센터,자사몰,2026-06-02,25000,25000,0,,,품절,https://tarancenter.com/product/텍사스-탄-유체-aphonopelma-anax/971/category/51/display/1/
텍사스 탄,타란센터,자사몰,2026-06-02,250000,250000,0,,,품절,https://tarancenter.com/product/텍사스탄-준성체-말-암컷-쭉쭉이-경간-11cm-aphonopelma-anax/1550/category/51/display/1/
텍사스브라운,타란툴라코리아,자사몰,2026-06-02,40000,40000,0,,,재고,https://tarantulakorea.com/product/텍사스브라운-유체/605/category/24/display/1/
텍사스탄,타란툴라코리아,자사몰,2026-06-02,25000,25000,0,,,재고,https://tarantulakorea.com/product/텍사스탄-유체/405/category/24/display/1/
토노네그로,타란툴라코리아,자사몰,2026-06-02,65000,65000,0,,,재고,https://tarantulakorea.com/product/토노네그로-유체/531/category/67/display/1/
튀포클라이나 spec. 이브,거미랑,자사몰,2026-06-02,1100000,1100000,0,,,품절,https://theraphosidae.co.kr/product/튀포클라이나-spec-이브-준성체암컷/1593/category/24/display/1/
튀포클라이나 카파덴시스,거미랑,자사몰,2026-06-02,950000,950000,0,,,재고,https://theraphosidae.co.kr/product/튀포클라이나-카파덴시스-ex이브-라포사-미구분아성체2cm/1980/category/24/display/1/
튀포클라이나 쿠루밈,타란센터,자사몰,2026-06-02,350000,350000,0,,,품절,https://tarancenter.com/product/튀포클라이나-쿠루밈-아성체-typhochlaena-curumim/786/category/51/display/1/
튜브 트랩도어 스파이더 +,타란센터,자사몰,2026-06-02,35000,35000,0,,,품절,https://tarancenter.com/product/튜브-트랩도어-스파이더-준성체-damarchus-workmani/1063/category/51/display/1/
트루히오 (크세네스티스 인터메디아),타란툴라코리아,네이버,2026-06-02,120000,120000,0,,,품절,https://smartstore.naver.com/tarantulakorea/products/10580959043
트리그모포이우스 spec. 칼리,거미랑,자사몰,2026-06-02,65000,65000,0,,,품절,https://theraphosidae.co.kr/product/트리그모포이우스-spec-칼리-유체/540/category/24/display/1/
트리니다드 드워프,타란센터,자사몰,2026-06-02,20000,20000,0,,,품절,https://tarancenter.com/product/트리니다드-드워프-유체-cyriocosmus-elegans/733/category/51/display/1/
트리니다드 쉐브론,거미랑,자사몰,2026-06-02,12000,12000,0,,,품절,https://theraphosidae.co.kr/product/트리니다드-쉐브론-유체/587/category/24/display/1/
트리니다드 쉐브론,더쥬 송파점,네이버,2026-06-02,12000,12000,0,,,품절,https://smartstore.naver.com/tzblossom/products/9465126157
트리니다드 쉐브론,타란센터,네이버,2026-06-02,60000,60000,0,,,품절,https://smartstore.naver.com/tarancenter/products/13527998868
트리니다드 쉐브론,타란센터,자사몰,2026-06-02,60000,60000,0,,,품절,https://tarancenter.com/product/트리니다드-쉐브론-10cm-암컷-준성체-초-psalmopoeus-cambridgei/1563/category/51/display/1/
트리니다드 쉐브론,타란센터,자사몰,2026-06-02,18000,18000,0,,,품절,https://tarancenter.com/product/트리니다드-쉐브론-아성체-psalmopoeus-cambridgei/643/category/51/display/1/
트리니다드 쉐브론,타란센터,자사몰,2026-06-02,20000,20000,0,,,재고,https://tarancenter.com/product/트리니다드-쉐브론-유체-psalmopoeus-cambridgei/1407/category/51/display/1/
트리니다드 쉐브론,타란툴라코리아,네이버,2026-06-02,12000,12000,0,,,재고,https://smartstore.naver.com/tarantulakorea/products/10584491543
트리니다드 올리브,거미랑,자사몰,2026-06-02,15000,15000,0,,,품절,https://theraphosidae.co.kr/product/트리니다드-올리브-골드-유체/1261/category/24/display/1/
트리니다드 올리브,거미랑,자사몰,2026-06-02,30000,30000,0,,,품절,https://theraphosidae.co.kr/product/트리니다드-올리브-아성체/885/category/24/display/1/
트리니다드 올리브,거미랑,자사몰,2026-06-02,35000,35000,0,,,품절,https://theraphosidae.co.kr/product/트리니다드-올리브-아성체대/648/category/24/display/1/
트리니다드 올리브,거미랑,자사몰,2026-06-02,10000,10000,0,,,품절,https://theraphosidae.co.kr/product/트리니다드-올리브-유체/1186/category/24/display/1/
트리니다드 올리브,거미랑,자사몰,2026-06-02,15000,15000,0,,,품절,https://theraphosidae.co.kr/product/트리니다드-올리브-유체/313/category/24/display/1/
트리니다드 올리브,거미랑,자사몰,2026-06-02,10000,10000,0,,,품절,https://theraphosidae.co.kr/product/트리니다드-올리브-유체/904/category/24/display/1/
트리니다드 올리브,타란센터,자사몰,2026-06-02,10000,10000,0,,,품절,https://tarancenter.com/product/트리니다드-올리브-유체-neoholothele-incei/697/category/51/display/1/
트리니다드 올리브,타란툴라코리아,네이버,2026-06-02,15000,15000,0,,,품절,https://smartstore.naver.com/tarantulakorea/products/10622074536
트리니다드 올리브 골드,타란툴라코리아,네이버,2026-06-02,25000,25000,0,,,품절,https://smartstore.naver.com/tarantulakorea/products/10635269302
트리니다드 핑크 학명 Holothele sanguiniceps 습성 버로우성 수명 약 10~20년 사육온도 23~27도 사육습도 50~60% 사이즈 ~ 성장 속도 빠름 올리브랑 같은 속의 타란으로 성장속도가 매우 빠르고 귀여운 타란툴라 입니다. 분양되는 사이즈는 급 입니다. ● 추가 사진,타란툴라코리아,네이버,2026-06-02,25000,25000,0,,,재고,https://smartstore.naver.com/tarantulakorea/products/10634198989
트리니다드핑크,타란툴라코리아,자사몰,2026-06-02,25000,25000,0,,,재고,https://tarantulakorea.com/product/트리니다드핑크-유체/412/category/66/display/1/
트릭소펠마 Sp. 카하마르카 오렌지,타란센터,자사몰,2026-06-02,45000,45000,0,,,품절,https://tarancenter.com/product/트릭소펠마-sp-카하마르카-오렌지-유체-thrixopelma-sp-cajamarca-orange/970/category/51/display/1/
트릭소펠마 Sp. 카하마르카 오렌지,타란툴라코리아,자사몰,2026-06-02,45000,45000,0,,,재고,https://tarantulakorea.com/product/트릭소펠마-spec-카하마르카-오렌지-유체/534/category/24/display/1/
트릭소펠마 spec. 세비야,거미랑,자사몰,2026-06-02,55000,55000,0,,,재고,https://theraphosidae.co.kr/product/트릭소펠마-spec-세비야-유체/1857/category/24/display/1/
트릭소펠마 spec. 세비야,타란툴라코리아,자사몰,2026-06-02,55000,55000,0,,,재고,https://tarantulakorea.com/product/트릭소펠마-spec-세비야/130/category/24/display/1/
트릭소펠마 spec. 카하마르카,거미랑,자사몰,2026-06-02,35000,35000,0,,,재고,https://theraphosidae.co.kr/product/트릭소펠마-spec-카하마르카-유체/1995/category/24/display/1/
트릭소펠마 spec. 카하마르카,거미랑,자사몰,2026-06-02,160000,160000,0,,,재고,https://theraphosidae.co.kr/product/트릭소펠마-spec-카하마르카-준성체암컷/2005/category/24/display/1/
트릭소펠마 spec. 쿠스코,타란툴라코리아,자사몰,2026-06-02,60000,60000,0,,,재고,https://tarantulakorea.com/product/트릭소펠마-spec-쿠스코-유체/389/category/24/display/1/
트릭소펠마 spec. 페루블루,타란툴라코리아,자사몰,2026-06-02,22000,22000,0,,,재고,https://tarantulakorea.com/product/트릭소펠마-spec-페루블루-유체/622/category/24/display/1/
트릭소펠마 spec. 하이랜드 블루,거미랑,자사몰,2026-06-02,65000,65000,0,,,재고,https://theraphosidae.co.kr/product/트릭소펠마-spec-하이랜드-블루-유체/1994/category/24/display/1/
트릭소펠마 spec. 하이랜드 블루,거미랑,자사몰,2026-06-02,185000,185000,0,,,재고,https://theraphosidae.co.kr/product/트릭소펠마-spec-하이랜드-블루-준성체암컷/2006/category/24/display/1/
트릭소펠마 spec. 하이랜드 블루,타란툴라코리아,자사몰,2026-06-02,65000,65000,0,,,재고,https://tarantulakorea.com/product/트릭소펠마-spec-하이랜드-블루-유체/717/category/24/display/1/
트릭소펠마 골든블루 학명 Thrixopelma sp. Golden blue 습성 배회성 수명 약 10~15년 사육온도 23~25도 사육습도 40~60% 사이즈 성장 속도 빠름 유럽시장에서 알려진 트릭소펠마 종류 에서 가장 고가의 종류 하나입니다. 블루바디에 금색등갑과 금색스켈 무늬가 매우 아름답습니다. 분양되는 사이즈는 급 3~ 급 입니다. ● 추가사진,타란툴라코리아,네이버,2026-06-02,95000,95000,0,,,품절,https://smartstore.naver.com/tarantulakorea/products/11151842080
트릭소펠마 메탈릭 그린피머 술라나,타란툴라코리아,자사몰,2026-06-02,5000,5000,0,,,재고,https://tarantulakorea.com/product/트릭소펠마-메탈릭-그린피머-술라나-유체/131/category/24/display/1/
트릭소펠마 세비야 학명 Thrixopelma sp. Sevilla 습성 배회성 수명 약 10~15년 사육온도 24~27도 사육습도 50~70% 사이즈 성장 속도 빠름 트릭소펠마 속 에서 형으로 성장하는 새롭게 소개되어지는 트릭소펠마의 세비야 입니다. 트릭소펠마 종을 컬렉션 하는 분들에게 추천하는 종이며 사육해보시는 것을 권장 합니다. 분양되는 사이즈는 급 1~ 급 입니다. ● 추가사진,타란툴라코리아,네이버,2026-06-02,55000,55000,0,,,재고,https://smartstore.naver.com/tarantulakorea/products/12257955190
트릭소펠마 옥케르티,거미랑,자사몰,2026-06-02,18000,18000,0,,,품절,https://theraphosidae.co.kr/product/트릭소펠마-옥케르티-유체/170/category/24/display/1/
트릭소펠마 카하마르카 오렌지 학명 Thrixopelma sp. Cajamarca Orange 습성 배회성 수명 약 10~20년 사육온도 23~27도 사육습도 40~50% 사이즈 성장 속도 빠름 록색 바디,타란툴라코리아,네이버,2026-06-02,45000,45000,0,,,재고,https://smartstore.naver.com/tarantulakorea/products/10572542508
트릭소펠마 쿠스코 학명 Thrixopelma sp. Cuzco 습성 배회성 수명 약 10~15년 사육온도 23~25도 사육습도 40~50% 사이즈 성장 속도 보통 트릭소펠마 에서도 가장 높은 분양가를 가진 종 입니다. 사촌격인 페루블루,타란툴라코리아,네이버,2026-06-02,60000,60000,0,,,재고,https://smartstore.naver.com/tarantulakorea/products/10575268495
트릭소펠마 페루 블루,타란툴라코리아,네이버,2026-06-02,22000,22000,0,,,재고,https://smartstore.naver.com/tarantulakorea/products/13074928078
트릭소펠마 페루비안 그린벨벳 프루리엔스,타란툴라코리아,자사몰,2026-06-02,10000,10000,0,,,재고,https://tarantulakorea.com/product/트릭소펠마-페루비안-그린벨벳프루리엔스-유체/367/category/24/display/1/
트릭소펠마 하이랜드 블루 학명 Thrixopelma sp. Highland Blue 습성 배회성 수명 약 10~15년 사육온도 25~27도 사육습도 50~70% 사이즈 14~ +,타란툴라코리아,네이버,2026-06-02,65000,65000,0,,,재고,https://smartstore.naver.com/tarantulakorea/products/13074820715
티그리스 오너멘탈,거미랑,자사몰,2026-06-02,20000,20000,0,,,품절,https://theraphosidae.co.kr/product/티그리스-오너멘탈-유체/538/category/24/display/1/
티그리스 오너멘탈,더쥬 송파점,네이버,2026-06-02,35000,35000,0,,,재고,https://smartstore.naver.com/tzblossom/products/10302883443
티그리스 오너멘탈,타란센터,네이버,2026-06-02,35000,35000,0,,,품절,https://smartstore.naver.com/tarancenter/products/11167633810
티그리스 오너멘탈,타란센터,자사몰,2026-06-02,35000,35000,0,,,품절,https://tarancenter.com/product/티그리스-오너멘탈-유체-poecilotheria-tigrinawesseli/1049/category/51/display/1/
티그리스 오너멘탈,타란툴라코리아,네이버,2026-06-02,35000,35000,0,,,재고,https://smartstore.naver.com/tarantulakorea/products/10596280178
티그리스 오너멘탈 타이거,타란툴라코리아,자사몰,2026-06-03,35000,35000,0,,,재고,https://tarantulakorea.com/product/티그리스-오너멘탈-타이거-유체/140/category/67/display/1/
파나마 블론디,거미랑,자사몰,2026-06-02,15000,15000,0,,,품절,https://theraphosidae.co.kr/product/파나마-블론디-유체/1778/category/24/display/1/
파나마 블론디,타란센터,자사몰,2026-06-02,25000,25000,0,,,품절,https://tarancenter.com/product/파나마-블론디-유체-대-psalmopoeus-pulcher/517/category/51/display/1/
파나마 블론디,타란툴라코리아,네이버,2026-06-02,20000,20000,0,,,품절,https://smartstore.naver.com/tarantulakorea/products/10588220673
파이어리,타란툴라코리아,자사몰,2026-06-02,5000,5000,0,,,재고,https://tarantulakorea.com/product/파이어리-유체/129/category/24/display/1/
파이어리 레드럼프,거미랑,자사몰,2026-06-02,5000,5000,0,,,품절,https://theraphosidae.co.kr/product/파이어리-레드럼프-유체/81/category/24/display/1/
파이어리 레드럼프,더쥬 송파점,네이버,2026-06-02,8000,8000,0,,,재고,https://smartstore.naver.com/tzblossom/products/9980529763
파이어리 레드럼프,타란센터,자사몰,2026-06-02,5000,5000,0,,,품절,https://tarancenter.com/product/파이어리-레드럼프-유체-lasiodora-difficilis/1012/category/51/display/1/
파이어리 버드이터,타란툴라코리아,네이버,2026-06-02,5000,5000,0,,,재고,https://smartstore.naver.com/tarantulakorea/products/10534345674
파이어리레드럼프 버드이터 타란튤라 애완거미,타란센터,네이버,2026-06-02,5000,5000,0,,,품절,https://smartstore.naver.com/tarancenter/products/10986215183
파키스토펠마 루포니그룸,거미랑,자사몰,2026-06-02,100000,100000,0,,,품절,https://theraphosidae.co.kr/product/파키스토펠마-루포니그룸-유체/574/category/24/display/1/
파키스토펠마 브로멜리콜라,거미랑,자사몰,2026-06-02,55000,55000,0,,,품절,https://theraphosidae.co.kr/product/파키스토펠마-spec-브로멜리콜라-유체/978/category/24/display/1/
파키스토펠마 브로멜리콜라,거미랑,자사몰,2026-06-02,180000,180000,0,,,품절,https://theraphosidae.co.kr/product/파키스토펠마-브로멜리콜라-8cm-암컷/1320/category/24/display/1/
파키스토펠마 브로멜리콜라,거미랑,자사몰,2026-06-02,350000,350000,0,,,품절,https://theraphosidae.co.kr/product/파키스토펠마-브로멜리콜라-8cm-한쌍/1321/category/24/display/1/
파키스토펠마 브로멜리콜라,거미랑,자사몰,2026-06-02,65000,65000,0,,,품절,https://theraphosidae.co.kr/product/파키스토펠마-브로멜리콜라-유체대/541/category/24/display/1/
판케이 타이거,거미랑,자사몰,2026-06-02,160000,160000,0,,,품절,https://theraphosidae.co.kr/product/판케이-타이거-6cm-암컷/1338/category/24/display/1/
판케이 타이거,거미랑,자사몰,2026-06-02,250000,250000,0,,,품절,https://theraphosidae.co.kr/product/판케이-타이거-6cm-한쌍/1339/category/24/display/1/
판케이 타이거,거미랑,자사몰,2026-06-02,25000,25000,0,,,재고,https://theraphosidae.co.kr/product/판케이-타이거-레드-유체/2024/category/24/display/1/
판케이 타이거,거미랑,자사몰,2026-06-02,25000,25000,0,,,재고,https://theraphosidae.co.kr/product/판케이-타이거-블루-유체/2023/category/24/display/1/
판케이 타이거,거미랑,자사몰,2026-06-02,100000,100000,0,,,품절,https://theraphosidae.co.kr/product/판케이-타이거-유체/1137/category/24/display/1/
판케이 타이거,거미랑,자사몰,2026-06-02,120000,120000,0,,,품절,https://theraphosidae.co.kr/product/판케이-타이거-유체대/748/category/24/display/1/
판케이 타이거,더쥬 송파점,네이버,2026-06-02,35000,35000,0,,,품절,https://smartstore.naver.com/tzblossom/products/10345468660
판케이 타이거,더쥬 송파점,네이버,2026-06-02,21000,21000,0,,,재고,https://smartstore.naver.com/tzblossom/products/10635352561
판케이 타이거,더쥬 송파점,네이버,2026-06-02,160000,160000,0,,,품절,https://smartstore.naver.com/tzblossom/products/11780125317
판케이 타이거,타란센터,네이버,2026-06-02,25000,25000,0,,,재고,https://smartstore.naver.com/tarancenter/products/13498683887
판케이 타이거,타란센터,자사몰,2026-06-02,90000,90000,0,,,품절,https://tarancenter.com/product/판케이-블루-어스타이거-12cm-암컷-준성체-ornithoctoninae-sp-phan-cay/1175/category/51/display/1/
판케이 타이거,타란센터,자사몰,2026-06-02,110000,110000,0,,,품절,https://tarancenter.com/product/판케이-블루-어스타이거-아성체-7cm-한쌍-암컷단품만도-가능-ornithoctoninae-sp-phan-cay/959/category/51/display/1/
판케이 타이거,타란센터,자사몰,2026-06-02,35000,35000,0,,,품절,https://tarancenter.com/product/판케이-블루-어스타이거-유체-ornithoctoninae-sp-phan-cay-blue/1294/category/51/display/1/
판케이 타이거,타란센터,자사몰,2026-06-02,35000,35000,0,,,품절,https://tarancenter.com/product/판케이-타이거-레드-유체-ornithoctoninae-sp-phan-cay-red/1051/category/51/display/1/
판케이 타이거,타란툴라코리아,네이버,2026-06-02,23000,23000,0,,,재고,https://smartstore.naver.com/tarantulakorea/products/10594706086
판케이 타이거,타란툴라코리아,네이버,2026-05-31,23000,35000,1,"23,000 → 35,000",2026-06-01,재고,https://smartstore.naver.com/tarantulakorea/products/10596186619
판케이레드 어스타이거 타란튤라 애완거미,타란센터,네이버,2026-06-02,35000,35000,0,,,품절,https://smartstore.naver.com/tarancenter/products/11029170219
판케이블루 어스타이거,타란센터,네이버,2026-06-02,35000,35000,0,,,품절,https://smartstore.naver.com/tarancenter/products/10998276426
판케이블루 어스타이거,타란센터,자사몰,2026-06-02,25000,25000,0,,,재고,https://tarancenter.com/product/판케이블루-어스타이거-유체-ornithoctoninae-sp-phan-cay-blue/1537/category/51/display/1/
판케이블루 어스타이거,타란센터,자사몰,2026-06-02,35000,35000,0,,,품절,https://tarancenter.com/product/판케이블루-어스타이거-유체-ornithoctoninae-sp-phan-cay/1131/category/51/display/1/
판케이타이거 레드폼,타란툴라코리아,자사몰,2026-06-02,25000,25000,0,,,재고,https://tarantulakorea.com/product/판케이타이거-레드폼-유체/547/category/67/display/1/
판케이타이거 블루폼,타란툴라코리아,자사몰,2026-06-02,25000,25000,0,,,재고,https://tarantulakorea.com/product/판케이타이거-블루폼-유체/382/category/67/display/1/
팔라완 블론드,거미랑,자사몰,2026-06-02,25000,25000,0,,,품절,https://theraphosidae.co.kr/product/팔라완-블론드-유체/1620/category/24/display/1/
팔라완 블론드,거미랑,자사몰,2026-06-02,25000,25000,0,,,품절,https://theraphosidae.co.kr/product/팔라완-블론드-유체/630/category/24/display/1/
팜파스 트웨니레드,거미랑,자사몰,2026-06-02,95000,95000,0,,,품절,https://theraphosidae.co.kr/product/팜파스-트웨니-레드-7cm-암컷/1555/category/24/display/1/
팜파스 트웨니레드,거미랑,자사몰,2026-06-02,45000,45000,0,,,재고,https://theraphosidae.co.kr/product/팜파스-트웨니레드-ex그로사-유체/1604/category/24/display/1/
팜파스 트웨니레드,거미랑,자사몰,2026-06-02,40000,40000,0,,,품절,https://theraphosidae.co.kr/product/팜파스-트웨니레드-유체/1225/category/24/display/1/
팜파스 트웨니레드,더쥬 송파점,네이버,2026-06-02,35000,35000,0,,,품절,https://smartstore.naver.com/tzblossom/products/9343719052
팜파스 트웨니레드,타란센터,자사몰,2026-06-02,40000,40000,0,,,품절,https://tarancenter.com/product/팜파스-트웨니-레드-ex-그로사-유체-grammostola-grossa/920/category/51/display/1/
팜파스 트웨니레드,타란센터,자사몰,2026-06-02,45000,45000,0,,,품절,https://tarancenter.com/product/팜파스-트웨니-레드-그로사-유체-grammostola-grossa/793/category/51/display/1/
팜파스 트웨니레드,타란센터,자사몰,2026-06-02,120000,120000,0,,,품절,https://tarancenter.com/product/팜파스-트웨니레드-ex그로사-암컷-준성체-12cm-grammostola-grossa/1547/category/51/display/1/
팜파스 트웨니레드,타란센터,자사몰,2026-06-02,100000,100000,0,,,품절,https://tarancenter.com/product/팜파스-트웨니레드-ex그로사-암컷-준성체-초-10cm-grammostola-grossa/1532/category/51/display/1/
팜파스 트웨니레드,타란센터,자사몰,2026-06-02,30000,30000,0,,,품절,https://tarancenter.com/product/팜파스-트웨니레드-ex그로사-유체-grammostola-grossa/1123/category/51/display/1/
팜포베테우스 Sp. 미라도르,거미랑,자사몰,2026-06-02,200000,200000,0,,,품절,https://theraphosidae.co.kr/product/팜포베테우스-spec-미라도르-5cm-한쌍/1557/category/24/display/1/
팜포베테우스 Sp. 미라도르,거미랑,자사몰,2026-06-02,68000,68000,0,,,재고,https://theraphosidae.co.kr/product/팜포베테우스-spec-미라도르-유체/1355/category/24/display/1/
팜포베테우스 Sp. 미라도르,타란센터,네이버,2026-06-02,68000,68000,0,,,품절,https://smartstore.naver.com/tarancenter/products/12576550761
팜포베테우스 Sp. 미라도르,타란센터,자사몰,2026-06-02,68000,68000,0,,,품절,https://tarancenter.com/product/팜포베테우스-sp-미라도르-유체-pamphobeteus-sp-mirador/1376/category/51/display/1/
팜포베테우스 Sp. 미라도르,타란툴라코리아,자사몰,2026-06-02,68000,68000,0,,,재고,https://tarantulakorea.com/product/팜포베테우스-spec-미라도르-유체/724/category/24/display/1/
팜포베테우스 Sp. 아라나 폴리토,타란센터,자사몰,2026-06-02,150000,150000,0,,,품절,https://tarancenter.com/product/팜포베테우스-sp-아라나-폴리토-치킨스파이더-유체-pamphobeteus-sp-arana-pollito-1마리-한정/855/category/51/display/1/
팜포베테우스 Sp. 카스카다,거미랑,자사몰,2026-06-02,250000,250000,0,,,품절,https://theraphosidae.co.kr/product/팜포베테우스-spec-카스카다-15cm암컷/640/category/24/display/1/
팜포베테우스 Sp. 카스카다,거미랑,자사몰,2026-06-02,140000,140000,0,,,품절,https://theraphosidae.co.kr/product/팜포베테우스-spec-카스카다-8cm-한쌍/1070/category/24/display/1/
팜포베테우스 Sp. 카스카다,거미랑,자사몰,2026-06-02,50000,50000,0,,,품절,https://theraphosidae.co.kr/product/팜포베테우스-spec-카스카다-유체/238/category/24/display/1/
팜포베테우스 Sp. 카스카다,거미랑,자사몰,2026-06-02,35000,35000,0,,,품절,https://theraphosidae.co.kr/product/팜포베테우스-spec-카스카다-유체/681/category/24/display/1/
팜포베테우스 Sp. 카스카다,타란센터,자사몰,2026-06-02,120000,120000,0,,,품절,https://tarancenter.com/product/팜포베테우스-sp-카스카다-15cm-준성체-암컷-pamphobeteus-sp-cascada/1161/category/51/display/1/
팜포베테우스 Sp. 카스카다,타란센터,자사몰,2026-06-02,130000,130000,0,,,품절,https://tarancenter.com/product/팜포베테우스-sp-카스카다-16cm-준성체-암컷-pamphobeteus-sp-cascada/1165/category/51/display/1/
팜포베테우스 Sp. 파이사 암수,타란센터,자사몰,2026-06-02,150000,150000,0,,,품절,https://tarancenter.com/product/팜포베테우스-sp-파이사-10cm-암수한쌍-pamphobeteus-sp-paisa/1259/category/51/display/1/
팜포베테우스 Sp. 파이사 암수,타란센터,자사몰,2026-06-02,150000,150000,0,,,품절,https://tarancenter.com/product/팜포베테우스-sp-파이사-유체대아성체소-암수한쌍-pamphobeteus-sp-paisa/884/category/51/display/1/
팜포베테우스 cf.안티노우스 빅 블랙,거미랑,자사몰,2026-06-02,180000,180000,0,,,품절,https://theraphosidae.co.kr/product/팜포베테우스-cf안티노우스-빅-블랙-6cm-한쌍/1793/category/24/display/1/
팜포베테우스 cf.안티노우스 빅 블랙,거미랑,자사몰,2026-06-02,60000,60000,0,,,품절,https://theraphosidae.co.kr/product/팜포베테우스-cf안티노우스-빅-블랙-유체/1660/category/24/display/1/
팜포베테우스 cf.안티노우스 유리마구아스,거미랑,자사몰,2026-06-02,65000,65000,0,,,품절,https://theraphosidae.co.kr/product/팜포베테우스-cf안티노우스-유리마구아스-유체/1855/category/24/display/1/
팜포베테우스 spec. 네바도,거미랑,자사몰,2026-06-02,95000,95000,0,,,재고,https://theraphosidae.co.kr/product/팜포베테우스-spec-네바도-유체/1970/category/24/display/1/
팜포베테우스 spec. 다크,거미랑,자사몰,2026-06-02,55000,55000,0,,,재고,https://theraphosidae.co.kr/product/팜포베테우스-spec-다크-유체대/1966/category/24/display/1/
팜포베테우스 spec. 다크,타란툴라코리아,자사몰,2026-06-02,55000,55000,0,,,재고,https://tarantulakorea.com/product/팜포베테우스-spec-다크-유체/722/category/24/display/1/
팜포베테우스 spec. 레드,거미랑,자사몰,2026-06-02,85000,85000,0,,,품절,https://theraphosidae.co.kr/product/팜포베테우스-spec-레드-백파이어-또는-페테르시-일-가능성/1380/category/24/display/1/
팜포베테우스 spec. 레드 에콰도르,거미랑,자사몰,2026-06-02,280000,280000,0,,,품절,https://theraphosidae.co.kr/product/팜포베테우스-spec-레드-에콰도르-7-8cm-암컷/1659/category/24/display/1/
팜포베테우스 spec. 레드 에콰도르,거미랑,자사몰,2026-06-02,120000,120000,0,,,품절,https://theraphosidae.co.kr/product/팜포베테우스-spec-레드-에콰도르-유체/1527/category/24/display/1/
팜포베테우스 spec. 블루블룸,거미랑,자사몰,2026-06-02,28000,28000,0,,,품절,https://theraphosidae.co.kr/product/팜포베테우스-spec-블루블룸-하비-폼-유체/830/category/24/display/1/
팜포베테우스 spec. 산토 도밍고 골리앗,거미랑,자사몰,2026-06-02,75000,75000,0,,,재고,https://theraphosidae.co.kr/product/팜포베테우스-spec-산토-도밍고-골리앗-산토도밍고-산지-유체/1838/category/24/display/1/
팜포베테우스 spec. 솔라리스,거미랑,자사몰,2026-06-02,1050000,1050000,0,,,품절,https://theraphosidae.co.kr/product/팜포베테우스-spec-솔라리스-8-9cm암컷/1336/category/24/display/1/
팜포베테우스 spec. 솔라리스,거미랑,자사몰,2026-06-02,900000,900000,0,,,품절,https://theraphosidae.co.kr/product/팜포베테우스-spec-솔라리스-아성체암컷-서비스x/1304/category/24/display/1/
팜포베테우스 spec. 솔라리스,거미랑,자사몰,2026-06-02,420000,420000,0,,,품절,https://theraphosidae.co.kr/product/팜포베테우스-spec-솔라리스-유체/1379/category/24/display/1/
팜포베테우스 spec. 솔라리스,거미랑,자사몰,2026-06-02,480000,480000,0,,,품절,https://theraphosidae.co.kr/product/팜포베테우스-spec-솔라리스-유체/1520/category/24/display/1/
팜포베테우스 spec. 솔라리스,거미랑,자사몰,2026-06-02,400000,400000,0,,,품절,https://theraphosidae.co.kr/product/팜포베테우스-spec-솔라리스-유체/807/category/24/display/1/
팜포베테우스 spec. 아드리아나,거미랑,자사몰,2026-06-02,220000,220000,0,,,품절,https://theraphosidae.co.kr/product/팜포베테우스-spec-아드리아나-유체/1434/category/24/display/1/
팜포베테우스 spec. 아쿠아티카,거미랑,자사몰,2026-06-02,165000,165000,0,,,품절,https://theraphosidae.co.kr/product/팜포베테우스-spec-아쿠아티카-유체/1720/category/24/display/1/
팜포베테우스 spec. 알리미,거미랑,자사몰,2026-06-02,3200000,3200000,0,,,품절,https://theraphosidae.co.kr/product/한정판매-팜포베테우스-spec-알리미-8cm-한쌍/1530/category/24/display/1/
팜포베테우스 spec. 에스메랄다스,거미랑,자사몰,2026-06-02,50000,50000,0,,,품절,https://theraphosidae.co.kr/product/팜포베테우스-spec-에스메랄다스-유체/1069/category/24/display/1/
팜포베테우스 spec. 에스메랄다스,거미랑,자사몰,2026-06-02,55000,55000,0,,,품절,https://theraphosidae.co.kr/product/팜포베테우스-spec-에스메랄다스-유체/635/category/24/display/1/
팜포베테우스 spec. 오리아나,거미랑,자사몰,2026-06-02,75000,75000,0,,,품절,https://theraphosidae.co.kr/product/팜포베테우스-spec-오리아나-유체/1839/category/24/display/1/
팜포베테우스 spec. 칼다스,거미랑,자사몰,2026-06-02,300000,300000,0,,,품절,https://theraphosidae.co.kr/product/팜포베테우스-spec-칼다스-12cm-암/642/category/24/display/1/
팜포베테우스 spec. 칼다스,거미랑,자사몰,2026-06-02,450000,450000,0,,,품절,https://theraphosidae.co.kr/product/팜포베테우스-spec-칼다스-암-14cm-수-완성체-202001/641/category/24/display/1/
팜포베테우스 spec. 칼다스,거미랑,자사몰,2026-06-02,65000,65000,0,,,품절,https://theraphosidae.co.kr/product/팜포베테우스-spec-칼다스-유체/544/category/24/display/1/
팜포베테우스 spec. 칼리,거미랑,자사몰,2026-06-02,500000,500000,0,,,품절,https://theraphosidae.co.kr/product/팜포베테우스-spec-칼리-12cm한쌍/628/category/24/display/1/
팜포베테우스 spec. 칼리,거미랑,자사몰,2026-06-02,120000,120000,0,,,품절,https://theraphosidae.co.kr/product/팜포베테우스-spec-칼리-bw-유체/1658/category/24/display/1/
팜포베테우스 spec. 코나니 콜롬비아,거미랑,자사몰,2026-06-02,110000,110000,0,,,품절,https://theraphosidae.co.kr/product/팜포베테우스-spec-코나니-콜롬비아-유체/1905/category/24/display/1/
팜포베테우스 spec. 크루즈,거미랑,자사몰,2026-06-02,120000,120000,0,,,품절,https://theraphosidae.co.kr/product/팜포베테우스-spec-크루즈-유체/1634/category/24/display/1/
팜포베테우스 spec. 폴라,거미랑,자사몰,2026-06-02,90000,90000,0,,,품절,https://theraphosidae.co.kr/product/팜포베테우스-spec-폴라-유체/1803/category/24/display/1/
팜포베테우스 spec. 헥사,거미랑,자사몰,2026-06-02,180000,180000,0,,,품절,https://theraphosidae.co.kr/product/팜포베테우스-spec-헥사-10cm-한쌍/639/category/24/display/1/
팜포베테우스 spec. 화이트 메타타르수스,거미랑,자사몰,2026-06-02,220000,220000,0,,,품절,https://theraphosidae.co.kr/product/팜포베테우스-spec-화이트-메타타르수스-유체/1356/category/24/display/1/
팜포베테우스 spec. 훈두스,거미랑,자사몰,2026-06-02,200000,200000,0,,,품절,https://theraphosidae.co.kr/product/팜포베테우스-spec-훈두스-6cm-한쌍/645/category/24/display/1/
팜포베테우스 spec. 훈두스,거미랑,자사몰,2026-06-02,70000,70000,0,,,품절,https://theraphosidae.co.kr/product/팜포베테우스-spec-훈두스/546/category/24/display/1/
팜포베테우스 노파,거미랑,네이버,2026-06-02,75000,75000,0,,,재고,https://smartstore.naver.com/terrafactory/products/12430256662
팜포베테우스 노파,거미랑,자사몰,2026-06-02,75000,75000,0,,,재고,https://theraphosidae.co.kr/product/팜포베테우스-spec-노파-유체/1967/category/24/display/1/
팜포베테우스 듀란,타란툴라코리아,네이버,2026-06-02,45000,45000,0,,,재고,https://smartstore.naver.com/tarantulakorea/products/10572581084
팜포베테우스 듀란,타란툴라코리아,자사몰,2026-06-02,45000,45000,0,,,재고,https://tarantulakorea.com/product/팜포베테우스-듀란-유체/149/category/24/display/1/
팜포베테우스 레드블럼,타란센터,자사몰,2026-06-02,80000,80000,0,,,품절,https://tarancenter.com/product/팜포베테우스-레드블럼-13cm-암컷-pamphobeteus-vespertinus/1010/category/51/display/1/
팜포베테우스 레드블럼,타란센터,자사몰,2026-06-02,150000,150000,0,,,품절,https://tarancenter.com/product/팜포베테우스-레드블럼-암컷-성체-18cm-pamphobeteus-vespertinus/1545/category/51/display/1/
팜포베테우스 레드블럼,타란툴라코리아,네이버,2026-06-02,35000,35000,0,,,재고,https://smartstore.naver.com/tarantulakorea/products/10571839037
팜포베테우스 레드블럼,타란툴라코리아,자사몰,2026-06-02,35000,35000,0,,,재고,https://tarantulakorea.com/product/팜포베테우스-레드블럼-유체/152/category/24/display/1/
팜포베테우스 마나비,거미랑,자사몰,2026-06-02,65000,65000,0,,,품절,https://theraphosidae.co.kr/product/팜포베테우스-spec-마나비-유체-잔여수량-12마리/1353/category/24/display/1/
팜포베테우스 마나비,거미랑,자사몰,2026-06-02,50000,50000,0,,,품절,https://theraphosidae.co.kr/product/팜포베테우스-spec-마나비-유체/1666/category/24/display/1/
팜포베테우스 마나비,타란센터,네이버,2026-06-02,50000,50000,0,,,재고,https://smartstore.naver.com/tarancenter/products/13036906087
팜포베테우스 마나비,타란센터,자사몰,2026-06-02,50000,50000,0,,,재고,https://tarancenter.com/product/팜포베테우스-sp-마나비-pamphobeteus-sp-manabi/1448/category/51/display/1/
팜포베테우스 마나비,타란툴라코리아,네이버,2026-06-02,50000,50000,0,,,재고,https://smartstore.naver.com/tarantulakorea/products/10572824878
팜포베테우스 마나비,타란툴라코리아,자사몰,2026-06-02,50000,50000,0,,,재고,https://tarantulakorea.com/product/팜포베테우스-마나비-유체/435/category/24/display/1/
팜포베테우스 마스카라,거미랑,네이버,2026-06-02,25000,25000,0,,,재고,https://smartstore.naver.com/terrafactory/products/5499765965
팜포베테우스 마스카라,거미랑,자사몰,2026-06-02,150000,150000,0,,,품절,https://theraphosidae.co.kr/product/팜포베테우스-spec-마스카라-10cm-한쌍/1289/category/24/display/1/
팜포베테우스 마스카라,거미랑,자사몰,2026-06-02,30000,30000,0,,,품절,https://theraphosidae.co.kr/product/팜포베테우스-spec-마스카라-유체/1345/category/24/display/1/
팜포베테우스 마스카라,더쥬 송파점,네이버,2026-06-02,55000,55000,0,,,재고,https://smartstore.naver.com/tzblossom/products/13219303965
팜포베테우스 마스카라,더쥬 송파점,네이버,2026-06-02,20000,20000,0,,,품절,https://smartstore.naver.com/tzblossom/products/8801250412
팜포베테우스 마스카라,타란센터,네이버,2026-06-02,25000,25000,0,,,품절,https://smartstore.naver.com/tarancenter/products/10567256705
팜포베테우스 마스카라,타란센터,자사몰,2026-06-02,60000,60000,0,,,품절,https://tarancenter.com/product/팜포베테우스-sp-마스카라-10cm-암컷-pamphobeteus-sp-mascara/1553/category/51/display/1/
팜포베테우스 마스카라,타란센터,자사몰,2026-06-02,80000,80000,0,,,품절,https://tarancenter.com/product/팜포베테우스-sp-마스카라-13cm-암수한쌍-pamphobeteus-sp-mascara/1241/category/51/display/1/
팜포베테우스 마스카라,타란센터,자사몰,2026-06-02,200000,200000,0,,,품절,https://tarancenter.com/product/팜포베테우스-sp-마스카라-암암수-성체-트리오-pamphobeteus-sp-mascara-ffm-trio-방문입양만-가능/965/category/51/display/1/
팜포베테우스 마스카라,타란센터,자사몰,2026-06-02,30000,30000,0,,,품절,https://tarancenter.com/product/팜포베테우스-sp-마스카라-유체-pamphobeteus-sp-mascara/1008/category/51/display/1/
팜포베테우스 마스카라,타란센터,자사몰,2026-06-02,30000,30000,0,,,품절,https://tarancenter.com/product/팜포베테우스-sp-마스카라-유체-pamphobeteus-sp-mascara/896/category/51/display/1/
팜포베테우스 마스카라,타란센터,자사몰,2026-06-02,100000,100000,0,,,품절,https://tarancenter.com/product/팜포베테우스-마스카라-10cm-준성체-초-암수-한쌍-pamphobeteus-sp-mascara/1151/category/51/display/1/
팜포베테우스 마스카라,타란툴라코리아,네이버,2026-05-31,25000,30000,1,"25,000 → 30,000",2026-06-01,재고,https://smartstore.naver.com/tarantulakorea/products/10567776627
팜포베테우스 마스카라,타란툴라코리아,자사몰,2026-06-02,30000,30000,0,,,재고,https://tarantulakorea.com/product/팜포베테우스-마스카라-유체/146/category/24/display/1/
팜포베테우스 마찰라,거미랑,네이버,2026-06-02,30000,30000,0,,,재고,https://smartstore.naver.com/terrafactory/products/5499771135
팜포베테우스 마찰라,거미랑,자사몰,2026-06-02,120000,120000,0,,,품절,https://theraphosidae.co.kr/product/팜포베테우스-spec-마찰라-15cm암/650/category/24/display/1/
팜포베테우스 마찰라,거미랑,자사몰,2026-06-02,15000,15000,0,,,품절,https://theraphosidae.co.kr/product/팜포베테우스-spec-마찰라-스파이더-링/166/category/24/display/1/
팜포베테우스 마찰라,거미랑,자사몰,2026-06-02,30000,30000,0,,,품절,https://theraphosidae.co.kr/product/팜포베테우스-spec-마찰라-유체/1057/category/24/display/1/
팜포베테우스 마찰라,거미랑,자사몰,2026-06-02,35000,35000,0,,,품절,https://theraphosidae.co.kr/product/팜포베테우스-spec-마찰라-유체/1435/category/24/display/1/
팜포베테우스 마찰라,거미랑,자사몰,2026-06-02,20000,20000,0,,,품절,https://theraphosidae.co.kr/product/팜포베테우스-spec-마찰라-유체/218/category/24/display/1/
팜포베테우스 마찰라,타란센터,네이버,2026-06-02,25000,25000,0,,,품절,https://smartstore.naver.com/tarancenter/products/11167660319
팜포베테우스 마찰라,타란센터,자사몰,2026-06-02,30000,30000,0,,,품절,https://tarancenter.com/product/팜포베테우스-sp-마찰라-유체-pamphobeteus-sp-machalla/1047/category/51/display/1/
팜포베테우스 마찰라,타란센터,자사몰,2026-06-02,25000,25000,0,,,품절,https://tarancenter.com/product/팜포베테우스-sp-마찰라-유체-pamphobeteus-sp-machalla/1216/category/51/display/1/
팜포베테우스 마찰라,타란툴라코리아,네이버,2026-06-02,30000,30000,0,,,재고,https://smartstore.naver.com/tarantulakorea/products/10571542631
팜포베테우스 마찰라,타란툴라코리아,자사몰,2026-06-02,30000,30000,0,,,재고,https://tarantulakorea.com/product/팜포베테우스-마찰라-유체/256/category/24/display/1/
팜포베테우스 망가네그라,거미랑,네이버,2026-06-02,35000,35000,0,,,품절,https://smartstore.naver.com/terrafactory/products/5852940243
팜포베테우스 망가네그라,거미랑,자사몰,2026-06-02,150000,150000,0,,,품절,https://theraphosidae.co.kr/product/팜포베테우스-spec-망가네그라-6-7cm한쌍/1329/category/24/display/1/
팜포베테우스 망가네그라,거미랑,자사몰,2026-06-02,25000,25000,0,,,품절,https://theraphosidae.co.kr/product/팜포베테우스-spec-망가네그라-유체/1528/category/24/display/1/
팜포베테우스 망가네그라,타란센터,자사몰,2026-06-02,120000,120000,0,,,품절,https://tarancenter.com/product/팜포베테우스-sp-망가네그라-12cm-준성체-암컷-pamphobeteus-sp-manganegra/1143/category/51/display/1/
팜포베테우스 망가네그라,타란센터,자사몰,2026-06-02,90000,90000,0,,,품절,https://tarancenter.com/product/팜포베테우스-sp-망가네그라-12cm-준성체-암컷-pamphobeteus-sp-manganegra/1164/category/51/display/1/
팜포베테우스 망가네그라,타란센터,자사몰,2026-06-02,100000,100000,0,,,품절,https://tarancenter.com/product/팜포베테우스-sp-망가네그라-13cm-암컷-준성체-pamphobeteus-sp-manganegra/1162/category/51/display/1/
팜포베테우스 망가네그라,타란센터,자사몰,2026-06-02,50000,50000,0,,,품절,https://tarancenter.com/product/팜포베테우스-sp-망가네그라-유체-pamphobeteus-sp-manganegra/1000/category/51/display/1/
팜포베테우스 망가네그라,타란툴라코리아,네이버,2026-06-02,50000,50000,0,,,재고,https://smartstore.naver.com/tarantulakorea/products/10572604488
팜포베테우스 망가네그라,타란툴라코리아,자사몰,2026-06-02,50000,50000,0,,,재고,https://tarantulakorea.com/product/팜포베테우스-망가네그라-유체/585/category/24/display/1/
팜포베테우스 백파이어,거미랑,자사몰,2026-06-02,80000,80000,0,,,품절,https://theraphosidae.co.kr/product/팜포베테우스-spec-백파이어-ex페테르시-유체/1354/category/24/display/1/
팜포베테우스 백파이어,거미랑,자사몰,2026-06-02,75000,75000,0,,,품절,https://theraphosidae.co.kr/product/팜포베테우스-spec-백파이어-ex페테르시/1421/category/24/display/1/
팜포베테우스 백파이어,더쥬 송파점,네이버,2026-06-02,65000,65000,0,,,재고,https://smartstore.naver.com/tzblossom/products/13168379255
팜포베테우스 백파이어 ex페테르시,타란툴라코리아,자사몰,2026-06-02,65000,65000,0,,,재고,https://tarantulakorea.com/product/팜포베테우스-백파이어-ex페테르시-유체/453/category/24/display/1/
팜포베테우스 브라질리안 핑크,타란센터,자사몰,2026-06-02,30000,30000,0,,,품절,https://tarancenter.com/product/팜포베테우스-브라질리안-핑크-유체-pamphobeteus-platyomma/1067/category/51/display/1/
팜포베테우스 브라질리안 핑크,타란센터,자사몰,2026-06-02,35000,35000,0,,,품절,https://tarancenter.com/product/팜포베테우스-브라질리안-핑크-유체-pamphobeteus-platyomma/823/category/51/display/1/
팜포베테우스 브라질리안 핑크,타란센터,자사몰,2026-06-02,100000,100000,0,,,품절,https://tarancenter.com/product/팜포베테우스-브라질리안핑크-11cm-암수-한쌍-pamphobeteus-platyomma/1242/category/51/display/1/
팜포베테우스 브라질리안 핑크,타란툴라코리아,네이버,2026-06-02,35000,35000,0,,,재고,https://smartstore.naver.com/tarantulakorea/products/10568045099
팜포베테우스 브라질리안 핑크,타란툴라코리아,네이버,2026-06-02,50000,50000,0,,,품절,https://smartstore.naver.com/tarantulakorea/products/10573200368
팜포베테우스 브라질리안 핑크블럼,타란툴라코리아,자사몰,2026-06-02,35000,35000,0,,,재고,https://tarantulakorea.com/product/팜포베테우스-브라질리안-핑크블럼-유체/597/category/24/display/1/
팜포베테우스 브라질리안핑크 타란튤라 애완거미,타란센터,네이버,2026-06-02,30000,30000,0,,,품절,https://smartstore.naver.com/tarancenter/products/10958245203
팜포베테우스 에스메렐다스,타란툴라코리아,네이버,2026-06-02,50000,50000,0,,,품절,https://smartstore.naver.com/tarantulakorea/products/10572426164
팜포베테우스 에콰도르 블루블럼,타란툴라코리아,네이버,2026-06-02,50000,50000,0,,,재고,https://smartstore.naver.com/tarantulakorea/products/10988186894
팜포베테우스 에콰도르 블루블럼,타란툴라코리아,자사몰,2026-06-02,50000,50000,0,,,재고,https://tarantulakorea.com/product/팜포베테우스-에콰도르-블루블럼-유체/652/category/24/display/1/
팜포베테우스 에콰도르 퍼플,타란툴라코리아,자사몰,2026-06-02,35000,35000,0,,,재고,https://tarantulakorea.com/product/팜포베테우스-에콰도르-퍼플-유체/151/category/24/display/1/
팜포베테우스 에콰도르 퍼플 에콰퍼플,타란툴라코리아,네이버,2026-05-31,25000,35000,1,"25,000 → 35,000",2026-06-01,재고,https://smartstore.naver.com/tarantulakorea/products/10571883540
팜포베테우스 울트라 마리너스,타란툴라코리아,네이버,2026-06-02,150000,150000,0,,,품절,https://smartstore.naver.com/tarantulakorea/products/12257892608
팜포베테우스 울트라마리누스,거미랑,네이버,2026-06-02,150000,150000,0,,,품절,https://smartstore.naver.com/terrafactory/products/10919253928
팜포베테우스 울트라마리누스,거미랑,자사몰,2026-06-02,550000,550000,0,,,품절,https://theraphosidae.co.kr/product/팜포베테우스-울트라마리누스-9cm-한쌍/1531/category/24/display/1/
팜포베테우스 울트라마리누스,거미랑,자사몰,2026-06-02,330000,330000,0,,,품절,https://theraphosidae.co.kr/product/팜포베테우스-울트라마리누스-성체암/158/category/24/display/1/
팜포베테우스 울트라마리누스,거미랑,자사몰,2026-06-02,150000,150000,0,,,품절,https://theraphosidae.co.kr/product/팜포베테우스-울트라마리누스-유체-1220-재입고-되었습니다/1446/category/24/display/1/
팜포베테우스 울트라마리누스,타란센터,자사몰,2026-06-02,250000,250000,0,,,품절,https://tarancenter.com/product/팜포베테우스-울트라-마리누스-암컷-준성체-pamphobeteus-ultramarinus/1032/category/51/display/1/
팜포베테우스 울트라마리누스,타란센터,자사몰,2026-06-02,350000,350000,0,,,품절,https://tarancenter.com/product/팜포베테우스-울트라마리누스-10cm암컷-pamphobeteus-ultramarinus/870/category/51/display/1/
팜포베테우스 울트라마리누스,타란센터,자사몰,2026-06-02,150000,150000,0,,,품절,https://tarancenter.com/product/팜포베테우스-울트라마리누스-유체-pamphobeteus-ultramarinus/798/category/51/display/1/
팜포베테우스 치킨 스파이더,타란툴라코리아,네이버,2026-06-02,150000,150000,0,,,재고,https://smartstore.naver.com/tarantulakorea/products/12803344287
팜포베테우스 치킨스파이더,타란툴라코리아,자사몰,2026-06-02,150000,150000,0,,,재고,https://tarantulakorea.com/product/팜포베테우스-치킨스파이더-유체/144/category/24/display/1/
팜포베테우스 카스카다 학명 Pamphobeteus sp. cascada 습성 배회성 수명 약 10~20년 사육온도 25~28도 사육습도 50~70% 사이즈,타란툴라코리아,네이버,2026-06-02,40000,40000,0,,,품절,https://smartstore.naver.com/tarantulakorea/products/10988180194
팜포베테우스 콜럼비안 퍼플블럼,타란센터,자사몰,2026-06-02,550000,550000,0,,,품절,https://tarancenter.com/product/팜포베테우스-콜럼비안-퍼플블럼-인시그니스-15cm암컷-준성체-pamphobeteus-cf-insignis/1271/category/51/display/1/
팜포베테우스 콜럼비안 핑크블럼,타란센터,자사몰,2026-06-02,600000,600000,0,,,재고,https://tarancenter.com/product/팜포베테우스-콜럼비안-핑크블럼-오르나투스-암컷-성체-pamphobeteus-ornatus/1270/category/51/display/1/
팜포베테우스 투칸,거미랑,네이버,2026-05-31,66000,75000,1,"66,000 → 75,000",2026-06-01,재고,https://smartstore.naver.com/terrafactory/products/12540685665
팜포베테우스 투칸,거미랑,자사몰,2026-06-02,75000,75000,0,,,재고,https://theraphosidae.co.kr/product/팜포베테우스-spec-투칸-유체/1968/category/24/display/1/
팜포베테우스 티그리스,거미랑,자사몰,2026-06-02,100000,100000,0,,,품절,https://theraphosidae.co.kr/product/팜포베테우스-spec-티그리스-12cm-암컷/643/category/24/display/1/
팜포베테우스 티그리스,거미랑,자사몰,2026-06-02,30000,30000,0,,,품절,https://theraphosidae.co.kr/product/팜포베테우스-spec-티그리스-스파이더-링/223/category/24/display/1/
팜포베테우스 티그리스,거미랑,자사몰,2026-06-02,30000,30000,0,,,품절,https://theraphosidae.co.kr/product/팜포베테우스-spec-티그리스-유체/1028/category/24/display/1/
팜포베테우스 티그리스,거미랑,자사몰,2026-06-02,32000,32000,0,,,품절,https://theraphosidae.co.kr/product/팜포베테우스-spec-티그리스/257/category/24/display/1/
팜포베테우스 티그리스,타란툴라코리아,네이버,2026-06-02,35000,35000,0,,,재고,https://smartstore.naver.com/tarantulakorea/products/10572369303
팜포베테우스 티그리스,타란툴라코리아,자사몰,2026-06-02,35000,35000,0,,,재고,https://tarantulakorea.com/product/팜포베테우스-spec-티그리스-유체/255/category/24/display/1/
팜포베테우스 파이사,타란센터,자사몰,2026-06-02,100000,100000,0,,,품절,https://tarancenter.com/product/팜포베테우스-sp-파이사-9cm-아성체-암컷-pamphobeteus-sp-paisa/1285/category/51/display/1/
팜포베테우스 파이사,타란툴라코리아,네이버,2026-06-02,55000,55000,0,,,품절,https://smartstore.naver.com/tarantulakorea/products/10573763292
팜포베테우스 페록스,거미랑,자사몰,2026-06-02,180000,180000,0,,,품절,https://theraphosidae.co.kr/product/팜포베테우스-페록스-6-7cm-암컷/1231/category/24/display/1/
팜포베테우스 페마,거미랑,네이버,2026-06-02,85000,85000,0,,,품절,https://smartstore.naver.com/terrafactory/products/11375400434
팜포베테우스 페마,거미랑,자사몰,2026-06-02,85000,85000,0,,,품절,https://theraphosidae.co.kr/product/팜포베테우스-spec-페마-유체/1871/category/24/display/1/
팜포베테우스 페마,더쥬 송파점,네이버,2026-06-02,95000,95000,0,,,품절,https://smartstore.naver.com/tzblossom/products/11476400427
팜포베테우스 페마,타란센터,네이버,2026-06-02,95000,95000,0,,,품절,https://smartstore.naver.com/tarancenter/products/11823082055
팜포베테우스 페마,타란센터,자사몰,2026-06-02,95000,95000,0,,,품절,https://tarancenter.com/product/팜포베테우스-sp-페마-유체-pamphobeteus-sp-pema/1202/category/51/display/1/
팜포베테우스 페마,타란툴라코리아,네이버,2026-06-02,95000,95000,0,,,품절,https://smartstore.naver.com/tarantulakorea/products/12064226186
팜포베테우스 페테르시,거미랑,자사몰,2026-06-02,70000,70000,0,,,품절,https://theraphosidae.co.kr/product/3차-재입고-팜포베테우스-cf페테르시-유체/715/category/24/display/1/
팜포베테우스 페테르시,거미랑,자사몰,2026-06-02,270000,270000,0,,,품절,https://theraphosidae.co.kr/product/팜포베테우스-cf-페테르시-에콰도르페루-준성체암/149/category/24/display/1/
팜포베테우스 페테르시,거미랑,자사몰,2026-06-02,220000,220000,0,,,품절,https://theraphosidae.co.kr/product/팜포베테우스-cf페테르시-6cm-한쌍/1023/category/24/display/1/
팜포베테우스 페테르시,거미랑,자사몰,2026-06-02,160000,160000,0,,,품절,https://theraphosidae.co.kr/product/팜포베테우스-cf페테르시-6cm암/1073/category/24/display/1/
팜포베테우스 페테르시,타란센터,자사몰,2026-06-02,70000,70000,0,,,재고,https://tarancenter.com/product/팜포베테우스-sp-페테르시-pamphobeteus-cf-petersi/1447/category/51/display/1/
팜포베테우스 페테르시,타란툴라코리아,네이버,2026-06-02,65000,65000,0,,,재고,https://smartstore.naver.com/tarantulakorea/products/10578198006
팜포베테우스 푸카이파,타란툴라코리아,자사몰,2026-06-02,70000,70000,0,,,재고,https://tarantulakorea.com/product/팜포베테우스-푸카이파-유체/598/category/24/display/1/
팜포베테우스 푸카이파 블랙톤,타란툴라코리아,네이버,2026-06-02,70000,70000,0,,,재고,https://smartstore.naver.com/tarantulakorea/products/10578931642
팜포베테우스 플람미페라,거미랑,자사몰,2026-06-02,130000,130000,0,,,품절,https://theraphosidae.co.kr/product/팜포베테우스-spec-플람미페라-10cm암/465/category/24/display/1/
팜포베테우스 플람미페라,거미랑,자사몰,2026-06-02,55000,55000,0,,,품절,https://theraphosidae.co.kr/product/팜포베테우스-spec-플람미페라-스파/134/category/24/display/1/
팜포베테우스 플람미페라,거미랑,자사몰,2026-06-02,60000,60000,0,,,품절,https://theraphosidae.co.kr/product/팜포베테우스-spec-플람미페라-유체/1397/category/24/display/1/
팜포베테우스 플람미페라,거미랑,자사몰,2026-06-02,60000,60000,0,,,품절,https://theraphosidae.co.kr/product/팜포베테우스-spec-플람미페라-유체/214/category/24/display/1/
팜포베테우스 플람미페라,더쥬 송파점,네이버,2026-06-02,60000,60000,0,,,재고,https://smartstore.naver.com/tzblossom/products/13472699023
팜포베테우스 플람미페라,타란센터,네이버,2026-06-02,60000,60000,0,,,재고,https://smartstore.naver.com/tarancenter/products/13499232726
팜포베테우스 플람미페라,타란센터,자사몰,2026-06-02,60000,60000,0,,,재고,https://tarancenter.com/product/팜포베테우스-sp-플람미페라-유체-pamphobeteus-sp-flammifera/1538/category/51/display/1/
팜포베테우스 플람미페라,타란툴라코리아,네이버,2026-06-02,60000,60000,0,,,재고,https://smartstore.naver.com/tarantulakorea/products/13457342858
팜포베테우스 플람미페라,타란툴라코리아,자사몰,2026-06-02,60000,60000,0,,,재고,https://tarantulakorea.com/product/팜포베테우스-spec-플람미페라-유체/148/category/24/display/1/
퍼플 트리 스파이더,타란툴라코리아,네이버,2026-06-02,15000,15000,0,,,재고,https://smartstore.naver.com/tarantulakorea/products/10588551652
퍼플제브라,거미랑,네이버,2026-06-02,12000,15000,1,"12,000 → 15,000",2026-06-06,재고,https://smartstore.naver.com/terrafactory/products/12430152001
퍼플제브라,더쥬 송파점,네이버,2026-06-02,25000,25000,0,,,재고,https://smartstore.naver.com/tzblossom/products/12484736662
퍼플트리 스파이더,거미랑,자사몰,2026-06-02,15000,15000,0,,,품절,https://theraphosidae.co.kr/product/퍼플트리-스파이더-유체/1238/category/24/display/1/
퍼플트리스파이더,타란툴라코리아,자사몰,2026-06-02,15000,15000,0,,,재고,https://tarantulakorea.com/product/퍼플트리스파이더-유체/418/category/67/display/1/
펌킨 패치,거미랑,자사몰,2026-06-02,20000,20000,0,,,품절,https://theraphosidae.co.kr/product/펌킨-패치-유체/1185/category/24/display/1/
펌킨패치,타란센터,네이버,2026-06-02,15000,15000,0,,,품절,https://smartstore.naver.com/tarancenter/products/8979268570
펌킨패치,타란센터,자사몰,2026-06-02,15000,15000,0,,,품절,https://tarancenter.com/product/펌킨패치-유체-hapalopus-formosus/1119/category/51/display/1/
펌킨패치,타란센터,자사몰,2026-06-02,10000,10000,0,,,품절,https://tarancenter.com/product/펌킨패치-유체-사이즈-옵션선택-hapalopus-formosus/905/category/51/display/1/
펌킨패치 라지 학명 Hapalopus cf. formosus 습성 배회성 수명 약 10~20년 사육온도 23~25도 사육습도 50~60% 사이즈 성장 속도 빠름 펌킨패치 라지 크기 입니다. 펌킨패치는 스몰,타란툴라코리아,네이버,2026-06-02,20000,20000,0,,,품절,https://smartstore.naver.com/tarantulakorea/products/10561850913
펌킨패치 콜롬비아 스몰 학명 Hapalopus sp. Colombia Small 습성 배회성 수명 약 10~15년 사육온도 24~27도 사육습도 70~80% 사이즈 +,타란툴라코리아,네이버,2026-06-02,35000,35000,0,,,품절,https://smartstore.naver.com/tarantulakorea/products/10735830579
페더렉 바분,거미랑,자사몰,2026-06-02,12000,12000,0,,,품절,https://theraphosidae.co.kr/product/페더렉-바분-스파이더-링/187/category/24/display/1/
페더렉 바분,거미랑,자사몰,2026-06-02,18000,18000,0,,,품절,https://theraphosidae.co.kr/product/페더렉-바분-유체/219/category/24/display/1/
페더렉 바분,거미랑,자사몰,2026-06-02,100000,100000,0,,,품절,https://theraphosidae.co.kr/product/페더렉-바분-준성체암/206/category/24/display/1/
페루 퍼플 핑크토,거미랑,자사몰,2026-06-02,15000,15000,0,,,품절,https://theraphosidae.co.kr/product/페루-퍼플-핑크토-유체/1317/category/24/display/1/
페루블루 버드이터,거미랑,자사몰,2026-06-02,22000,22000,0,,,재고,https://theraphosidae.co.kr/product/페루블루-버드이터-ex라구나스-유체/1823/category/24/display/1/
페루블루 버드이터,거미랑,자사몰,2026-06-02,35000,35000,0,,,품절,https://theraphosidae.co.kr/product/페루블루-버드이터-유체/593/category/24/display/1/
페루블루 버드이터,거미랑,자사몰,2026-06-02,25000,25000,0,,,품절,https://theraphosidae.co.kr/product/페루블루-버드이터-유체/684/category/24/display/1/
페루비안 그린벨벳,거미랑,자사몰,2026-06-02,30000,30000,0,,,품절,https://theraphosidae.co.kr/product/페루비안-그린벨벳-유체대/528/category/24/display/1/
페루비안 그린벨벳 학명 Thrioxopelma pruriens 습성 배회성 수명 약 10~15년 사육온도 23~27도 사육습도 40~60% 사이즈 성장 속도 보통 트릭소펠마의 한 종류로 형종으로 크게 자라는 종 이며 그린 벨벳의 바디 색에 오렌지 색의 스켈무늬가 멋있는 종 입니다. 분양되는 사이즈는 급 입니다. ● 추가 사진,타란툴라코리아,네이버,2026-06-02,10000,10000,0,,,재고,https://smartstore.naver.com/tarantulakorea/products/10556362719
페루비안 드워프타이거 학명 Cyriocosmus sellatus 습성 배회성,타란툴라코리아,네이버,2026-06-02,35000,35000,0,,,품절,https://smartstore.naver.com/tarantulakorea/products/10567947141
페루비안 블랙 앤 화이트 리테,타란툴라코리아,네이버,2026-06-02,40000,40000,0,,,재고,https://smartstore.naver.com/tarantulakorea/products/10573781703
페루비안 블랙 앤 화이트 리테,타란툴라코리아,자사몰,2026-06-02,40000,40000,0,,,재고,https://tarantulakorea.com/product/페루비안-블랙-앤-화이트-리테-유체/322/category/24/display/1/
페루비안 블론드,거미랑,네이버,2026-06-02,29000,45000,1,"29,000 → 45,000",2026-06-06,재고,https://smartstore.naver.com/terrafactory/products/5735348315
페루비안 블론드,거미랑,자사몰,2026-06-02,50000,50000,0,,,품절,https://theraphosidae.co.kr/product/페루비안-블론드-유체/1263/category/24/display/1/
페루비안 블론드,거미랑,자사몰,2026-06-02,35000,35000,0,,,재고,https://theraphosidae.co.kr/product/페루비안-블론드-유체/1805/category/24/display/1/
페루비안 블론드,더쥬 송파점,네이버,2026-06-02,35000,35000,0,,,재고,https://smartstore.naver.com/tzblossom/products/11180016798
페루비안 블론드,더쥬 송파점,네이버,2026-06-02,75000,75000,0,,,재고,https://smartstore.naver.com/tzblossom/products/13023294100
페루비안 블론드,타란센터,네이버,2026-06-02,35000,35000,0,,,재고,https://smartstore.naver.com/tarancenter/products/10981464434
페루비안 블론드,타란센터,자사몰,2026-06-02,35000,35000,0,,,재고,https://tarancenter.com/product/페루비안-블론드-유체-lasiodorides-polycuspulatus/1129/category/51/display/1/
페루비안 블론드,타란툴라코리아,네이버,2026-06-02,35000,35000,0,,,재고,https://smartstore.naver.com/tarantulakorea/products/10693674712
페루비안 블론디,타란툴라코리아,자사몰,2026-06-02,35000,35000,0,,,재고,https://tarantulakorea.com/product/페루비안-블론디-유체/631/category/24/display/1/
페루비안 스틸리블루,거미랑,자사몰,2026-06-02,70000,70000,0,,,품절,https://theraphosidae.co.kr/product/페루비안-스틸리블루-빅-블랙-유체/26/category/24/display/1/
페루비안 스틸리블루,거미랑,자사몰,2026-06-02,270000,270000,0,,,품절,https://theraphosidae.co.kr/product/페루비안-스틸리블루-빅-블랙-준성체암/148/category/24/display/1/
페루비안 자이언트 드워프,타란센터,자사몰,2026-06-02,55000,55000,0,,,품절,https://tarancenter.com/product/페루비안-자이언트-드워프-유체-cyriocosmus-giganteus/722/category/51/display/1/
페루비안 자이언트 드워프,타란툴라코리아,네이버,2026-06-02,45000,45000,0,,,품절,https://smartstore.naver.com/tarantulakorea/products/10662501158
페루비안 플레임 럼프,거미랑,자사몰,2026-06-02,25000,25000,0,,,품절,https://theraphosidae.co.kr/product/페루비안-플레임-럼프-유체/1059/category/24/display/1/
페루퍼플 핑크토,거미랑,자사몰,2026-06-02,250000,250000,0,,,품절,https://theraphosidae.co.kr/product/페루퍼플-핑크토-준성체암/30/category/24/display/1/
페루퍼플 핑크토,더쥬 송파점,네이버,2026-06-02,15000,15000,0,,,품절,https://smartstore.naver.com/tzblossom/products/9728617180
페루퍼플 핑크토,타란센터,네이버,2026-06-02,15000,15000,0,,,재고,https://smartstore.naver.com/tarancenter/products/10771097607
페루퍼플 핑크토,타란센터,자사몰,2026-06-02,50000,50000,0,,,품절,https://tarancenter.com/product/우르티칸스-그린-핑크토-avicularia-juruensis-morpho-type1-ex-urticans-green/914/category/51/display/1/
페루퍼플 핑크토,타란센터,자사몰,2026-06-02,10000,10000,0,,,품절,https://tarancenter.com/product/페루퍼플-핑크토-유체-avicularia-juruensis-morpho-type2/1104/category/51/display/1/
페루퍼플 핑크토,타란센터,자사몰,2026-06-02,15000,15000,0,,,재고,https://tarancenter.com/product/페루퍼플-핑크토-유체-avicularia-juruensis-morpho-type2/1441/category/51/display/1/
페루퍼플 핑크토,타란센터,자사몰,2026-06-02,50000,50000,0,,,품절,https://tarancenter.com/product/페루퍼플-핑크토-유체-avicularia-juruensis-morpho-type2/657/category/51/display/1/
페루퍼플 핑크토,타란센터,자사몰,2026-06-02,10000,10000,0,,,품절,https://tarancenter.com/product/페루퍼플-핑크토-유체-avicularia-juruensis-morpho-type2/976/category/51/display/1/
페루퍼플 핑크토,타란툴라코리아,자사몰,2026-06-02,20000,20000,0,,,재고,https://tarantulakorea.com/product/페루퍼플-핑크토-유체/269/category/67/display/1/
펜넬헤울렛티,타란센터,자사몰,2026-06-02,95000,95000,0,,,품절,https://tarancenter.com/product/포르밍고칠루스-펜넬헤울렛티-타이거-유체-phormingochilus-pennellhewletti/1089/category/51/display/1/
펜넬헤울렛티,타란툴라코리아,네이버,2026-06-02,70000,70000,0,,,재고,https://smartstore.naver.com/tarantulakorea/products/13285343682
펜넬헤울렛티,타란툴라코리아,자사몰,2026-06-02,70000,70000,0,,,재고,https://tarantulakorea.com/product/펜넬헤울렛티-유체/454/category/67/display/1/
포르믹토푸스 cf.아트리코마투스 몬테 크리스티,거미랑,자사몰,2026-06-02,85000,85000,0,,,품절,https://theraphosidae.co.kr/product/포르믹토푸스-cf아트리코마투스-몬테-크리스티-7cm-한쌍/1518/category/24/display/1/
포르믹토푸스 cf.아트리코마투스 몬테 크리스티,거미랑,자사몰,2026-06-02,35000,35000,0,,,품절,https://theraphosidae.co.kr/product/포르믹토푸스-cf아트리코마투스-몬테-크리스티-유체대/1313/category/24/display/1/
포르믹토푸스 spec. 골드 카라팍스,거미랑,자사몰,2026-06-02,25000,25000,0,,,품절,https://theraphosidae.co.kr/product/포르믹토푸스-spec-골드-카라팍스-유체/251/category/24/display/1/
포르믹토푸스 spec. 그린,거미랑,자사몰,2026-06-02,35000,35000,0,,,품절,https://theraphosidae.co.kr/product/포르믹토푸스-spec-그린-유체/1400/category/24/display/1/
포르믹토푸스 spec. 그린,거미랑,자사몰,2026-06-02,55000,55000,0,,,품절,https://theraphosidae.co.kr/product/포르믹토푸스-spec-풀-그린-유체/1200/category/24/display/1/
포르믹토푸스 spec. 그린피머,거미랑,자사몰,2026-06-02,30000,30000,0,,,품절,https://theraphosidae.co.kr/product/포르믹토푸스-spec-그린피머-유체/250/category/24/display/1/
포르믹토푸스 spec. 몬테 크리스티,거미랑,자사몰,2026-06-02,65000,65000,0,,,품절,https://theraphosidae.co.kr/product/포르믹토푸스-spec-몬테-크리스티-7cm-암컷/1626/category/24/display/1/
포르믹토푸스 spec. 바야이베,거미랑,자사몰,2026-06-02,28000,28000,0,,,품절,https://theraphosidae.co.kr/product/포르믹토푸스-spec-바야이베-유체/466/category/24/display/1/
포르믹토푸스 spec. 바야이베 POSS.아트리코마투스,거미랑,자사몰,2026-06-02,40000,40000,0,,,품절,https://theraphosidae.co.kr/product/포르믹토푸스-spec-바야이베-poss아트리코마투스-유체/846/category/24/display/1/
포르믹토푸스 spec. 바야히베,거미랑,자사몰,2026-06-02,25000,25000,0,,,품절,https://theraphosidae.co.kr/product/포르믹토푸스-spec-바야히베-ex레드-유체/355/category/24/display/1/
포르믹토푸스 spec. 사리나스,거미랑,자사몰,2026-06-02,90000,90000,0,,,품절,https://theraphosidae.co.kr/product/포르믹토푸스-spec-사리나스-유체대/847/category/24/display/1/
포르믹토푸스 spec. 시에라,거미랑,자사몰,2026-06-02,150000,150000,0,,,품절,https://theraphosidae.co.kr/product/포르믹토푸스-spec-시에라-10cm암컷/1480/category/24/display/1/
포르믹토푸스 spec. 시에라,거미랑,자사몰,2026-06-02,32000,32000,0,,,품절,https://theraphosidae.co.kr/product/포르믹토푸스-spec-시에라-산티아고-유체/1517/category/24/display/1/
포르믹토푸스 spec. 시에라 (ex.칸케리데스,거미랑,자사몰,2026-06-02,30000,30000,0,,,품절,https://theraphosidae.co.kr/product/포르믹토푸스-spec-시에라-ex칸케리데스산티아고-유체/1202/category/24/display/1/
포르믹토푸스 spec. 오리엔트,거미랑,자사몰,2026-06-02,38000,38000,0,,,품절,https://theraphosidae.co.kr/product/포르믹토푸스-spec-오리엔트-푼타-카나-유체대/1314/category/24/display/1/
포르믹토푸스 spec. 오리엔트 (ex.아트리코마투스,거미랑,자사몰,2026-06-02,30000,30000,0,,,품절,https://theraphosidae.co.kr/product/포르믹토푸스-spec-오리엔트-ex아트리코마투스푼타-카나-유체/1203/category/24/display/1/
포르밍고칠루스 Sp. 사바레드,타란센터,자사몰,2026-06-02,95000,95000,0,,,품절,https://tarancenter.com/product/포르밍고칠루스-sp-사바레드-유체-phormingochilus-sp-sabah-red/1411/category/51/display/1/
포르밍고킬루스 사바 레드,타란툴라코리아,네이버,2026-06-02,95000,95000,0,,,재고,https://smartstore.naver.com/tarantulakorea/products/11868089771
포르밍고킬루스 펜넬헤울렛토룸,거미랑,자사몰,2026-06-02,75000,75000,0,,,품절,https://theraphosidae.co.kr/product/포르밍고킬루스-펜넬헤울렛토룸-유체/1572/category/24/display/1/
포믹토푸스 Sp. 오리엔트,타란센터,자사몰,2026-06-02,130000,130000,0,,,품절,https://tarancenter.com/product/포믹토푸스-sp-오리엔트-15cm-암컷-성체초-phormictopus-sp-oriente/1168/category/51/display/1/
포믹토푸스 골든 그레이,타란툴라코리아,네이버,2026-06-02,15000,15000,0,,,재고,https://smartstore.naver.com/tarantulakorea/products/10560213963
포믹토푸스 그린피머,타란툴라코리아,네이버,2026-06-02,55000,55000,0,,,재고,https://smartstore.naver.com/tarantulakorea/products/10575304840
포믹토푸스 그린피머,타란툴라코리아,자사몰,2026-06-02,55000,55000,0,,,재고,https://tarantulakorea.com/product/포믹토푸스-그린피머-유체/611/category/24/display/1/
포믹토푸스 도미니카 퍼플,타란툴라코리아,네이버,2026-06-02,35000,35000,0,,,재고,https://smartstore.naver.com/tarantulakorea/products/10571813438
포믹토푸스 레드 아일랜드,타란툴라코리아,네이버,2026-06-02,25000,25000,0,,,재고,https://smartstore.naver.com/tarantulakorea/products/10562530708
포믹토푸스 몬테크리스티,타란툴라코리아,네이버,2026-06-02,35000,35000,0,,,재고,https://smartstore.naver.com/tarantulakorea/products/10567886221
포믹토푸스 몬테크리스티,타란툴라코리아,자사몰,2026-06-02,35000,35000,0,,,재고,https://tarantulakorea.com/product/포믹토푸스-몬테크리스티-유체/612/category/24/display/1/
포믹토푸스 블루아줄,타란툴라코리아,네이버,2026-06-02,60000,60000,0,,,재고,https://smartstore.naver.com/tarantulakorea/products/10580916085
포믹토푸스 블루아줄,타란툴라코리아,자사몰,2026-06-02,60000,60000,0,,,재고,https://tarantulakorea.com/product/포믹토푸스-블루아줄-유체/475/category/24/display/1/
포믹토푸스 시에라 산티아고,타란툴라코리아,자사몰,2026-06-02,25000,25000,0,,,재고,https://tarantulakorea.com/product/포믹토푸스-시에라-산티아고-유체/615/category/24/display/1/
포믹토푸스 오리엔트 푼타카나 학명 Phormictopus Oriente 습성 배회성 수명 약 10~20년 사육온도 23~27도 사육습도 70~85% 사이즈 성장 속도 보통 아트리코마투스 로 추정되는 미동정 개체군입니다. 아트리코마투스 와는 다른 지역(푼타 카나,타란툴라코리아,네이버,2026-06-02,30000,30000,0,,,재고,https://smartstore.naver.com/tarantulakorea/products/10566833947
포믹토푸스 풀그린,타란툴라코리아,네이버,2026-06-02,40000,40000,0,,,재고,https://smartstore.naver.com/tarantulakorea/products/10649777686
포믹토푸스 풀그린,타란툴라코리아,자사몰,2026-06-02,40000,40000,0,,,재고,https://tarantulakorea.com/product/포믹토푸스-풀그린-유체/287/category/24/display/1/
포트홀 바분,거미랑,자사몰,2026-06-02,85000,85000,0,,,품절,https://theraphosidae.co.kr/product/포트홀-바분-6cm-암컷/1277/category/24/display/1/
포트홀 바분,거미랑,자사몰,2026-06-02,12000,12000,0,,,품절,https://theraphosidae.co.kr/product/포트홀-바분-유체/834/category/24/display/1/
포트홀 바분,거미랑,자사몰,2026-06-02,18000,18000,0,,,재고,https://theraphosidae.co.kr/product/포트홀-바분-유체대/1302/category/24/display/1/
포트홀 바분,타란센터,자사몰,2026-06-02,10000,10000,0,,,재고,https://tarancenter.com/product/포트홀-바분-유체-pterinopelma-lugardi/1043/category/51/display/1/
포트홀 바분,타란툴라코리아,네이버,2026-06-02,15000,15000,0,,,재고,https://smartstore.naver.com/tarantulakorea/products/10621995969
포트홀 바분,타란툴라코리아,자사몰,2026-06-02,15000,15000,0,,,재고,https://tarantulakorea.com/product/포트홀-바분-유체/239/category/66/display/1/
포트홀바분 타란튤라,타란센터,네이버,2026-06-02,10000,10000,0,,,재고,https://smartstore.naver.com/tarancenter/products/11176088509
포티스,거미랑,자사몰,2026-06-02,45000,45000,0,,,품절,https://theraphosidae.co.kr/product/팜포베테우스-aff포티스-유체/543/category/24/display/1/
포티스,거미랑,자사몰,2026-06-02,125000,125000,0,,,품절,https://theraphosidae.co.kr/product/팜포베테우스-포티스-아성체5-7cm-한쌍/1971/category/24/display/1/
포티스,거미랑,자사몰,2026-06-02,45000,45000,0,,,품절,https://theraphosidae.co.kr/product/팜포베테우스-포티스-유체/1719/category/24/display/1/
포티스,타란툴라코리아,네이버,2026-06-02,45000,45000,0,,,재고,https://smartstore.naver.com/tarantulakorea/products/10572453435
포티스,타란툴라코리아,자사몰,2026-06-02,45000,45000,0,,,재고,https://tarantulakorea.com/product/콜롬비안-브라운-포티스-유체/539/category/24/display/1/
폽프라 블루 어스 타이거,타란센터,자사몰,2026-06-02,30000,30000,0,,,품절,https://tarancenter.com/product/폽프라-블루-어스-타이거-4cm-유체대-cyriopagopus-cf-longipes-phop-phra/605/category/51/display/1/
푸에르토리칸 핑크토,거미랑,자사몰,2026-06-02,25000,25000,0,,,품절,https://theraphosidae.co.kr/product/푸에르토리칸-핑크토-유체/1539/category/24/display/1/
푸에르토리칸 핑크토,타란센터,자사몰,2026-06-02,25000,25000,0,,,품절,https://tarancenter.com/product/푸에르토리칸-핑크토-유체-caribena-laeta/780/category/51/display/1/
푸에르토리칸 핑크토,타란툴라코리아,네이버,2026-06-02,25000,25000,0,,,재고,https://smartstore.naver.com/tarantulakorea/products/10591874203
푸에르토리칸 핑크토,타란툴라코리아,자사몰,2026-06-02,25000,25000,0,,,재고,https://tarantulakorea.com/product/푸에르토리칸-핑크토-유체/231/category/67/display/1/
푸카이파 핑크토,거미랑,자사몰,2026-06-02,25000,25000,0,,,재고,https://theraphosidae.co.kr/product/푸카이파-핑크토-유체/1565/category/24/display/1/
푸카이파 핑크토,더쥬 송파점,네이버,2026-06-02,15000,15000,0,,,재고,https://smartstore.naver.com/tzblossom/products/11963499729
푸카이파 핑크토,타란센터,자사몰,2026-06-02,40000,40000,0,,,품절,https://tarancenter.com/product/푸카이파-핑크토-유체-avicularia-sp-pucallpa/1293/category/51/display/1/
푸카이파 핑크토,타란센터,자사몰,2026-06-02,40000,40000,0,,,품절,https://tarancenter.com/product/푸카이파-핑크토-유체-avicularia-sp-pucallpa/711/category/51/display/1/
푸카이파 핑크토,타란툴라코리아,네이버,2026-06-02,25000,25000,0,,,재고,https://smartstore.naver.com/tarantulakorea/products/10597124396
푸카이파 핑크토,타란툴라코리아,자사몰,2026-06-02,25000,25000,0,,,재고,https://tarantulakorea.com/product/푸카이파-핑크토-유체/428/category/67/display/1/
프루기엘루스 Sp. 드워프,타란센터,자사몰,2026-06-02,15000,15000,0,,,품절,https://tarancenter.com/product/프루기엘루스-sp-드워프-유체-phlogiellus-sp-dwarf/713/category/51/display/1/
프릭소트릭쿠스 불피누스,거미랑,자사몰,2026-06-02,85000,85000,0,,,품절,https://theraphosidae.co.kr/product/프릭소트릭쿠스-불피누스-유체/1891/category/24/display/1/
프릭소트릭쿠스 불피누스,거미랑,자사몰,2026-06-02,120000,120000,0,,,품절,https://theraphosidae.co.kr/product/프릭소트릭쿠스-불피누스/1351/category/24/display/1/
프릭소트릭쿠스 불피누스 학명 Phrixotrichus vulpinus 습성 배회성 수명 약 10년+,타란툴라코리아,네이버,2026-06-02,85000,85000,0,,,품절,https://smartstore.naver.com/tarantulakorea/products/11768661094
프릭소트릭쿠스 스크로파,타란툴라코리아,네이버,2026-06-02,85000,85000,0,,,품절,https://smartstore.naver.com/tarantulakorea/products/11768764372
프릭소트릭쿠스 스크로파 *취소건,거미랑,자사몰,2026-06-02,100000,100000,0,,,품절,https://theraphosidae.co.kr/product/프릭소트릭쿠스-스크로파-취소건-10마리/1352/category/24/display/1/
프린지드 오너멘탈,거미랑,네이버,2026-05-31,10000,15000,1,"10,000 → 15,000",2026-06-01,재고,https://smartstore.naver.com/terrafactory/products/5757617115
프린지드 오너멘탈,거미랑,자사몰,2026-06-02,15000,15000,0,,,품절,https://theraphosidae.co.kr/product/프린지드-오너멘탈-유체/1671/category/24/display/1/
프린지드 오너멘탈,거미랑,자사몰,2026-06-02,35000,35000,0,,,품절,https://theraphosidae.co.kr/product/프린지드-오너멘탈-유체대/1268/category/24/display/1/
프린지드 오너멘탈,더쥬 송파점,네이버,2026-06-02,15000,15000,0,,,품절,https://smartstore.naver.com/tzblossom/products/9344325017
프린지드 오너멘탈,타란센터,네이버,2026-06-02,20000,20000,0,,,재고,https://smartstore.naver.com/tarancenter/products/13045471742
프린지드 오너멘탈,타란센터,자사몰,2026-06-02,70000,70000,0,,,품절,https://tarancenter.com/product/프린지드-오너멘탈-암컷-14cm-poecilotheria-ornata/1014/category/51/display/1/
프린지드 오너멘탈,타란센터,자사몰,2026-06-02,20000,20000,0,,,재고,https://tarancenter.com/product/프린지드-오너멘탈-유체-poecilotheria-ornata/1445/category/51/display/1/
프린지드 오너멘탈,타란센터,자사몰,2026-06-02,10000,10000,0,,,품절,https://tarancenter.com/product/프린지드-오너멘탈-유체-poecilotheria-ornata/738/category/51/display/1/
프린지드 오너멘탈,타란툴라코리아,네이버,2026-06-02,15000,15000,0,,,재고,https://smartstore.naver.com/tarantulakorea/products/10584882993
프린지드 오너멘탈,타란툴라코리아,자사몰,2026-06-02,15000,15000,0,,,재고,https://tarantulakorea.com/product/프린지드-오너멘탈-유체/138/category/67/display/1/
프살모포에우스 spec. 산토도밍고 *블랙 프살모포에우스,거미랑,자사몰,2026-06-02,85000,85000,0,,,품절,https://theraphosidae.co.kr/product/프살모포에우스-spec-산토도밍고-poss프리스티라나-블랙-프살모포에우스-유체/1904/category/24/display/1/
프살모포에우스 spec. 토노네그로,거미랑,자사몰,2026-06-02,65000,65000,0,,,품절,https://theraphosidae.co.kr/product/프살모포에우스-spec-토노네그로-유체/1718/category/24/display/1/
프살모포에우스 spec. 토노네그로,타란툴라코리아,네이버,2026-06-02,65000,65000,0,,,재고,https://smartstore.naver.com/tarantulakorea/products/10604213497
프살모포에우스 빅토리,거미랑,자사몰,2026-06-02,35000,35000,0,,,재고,https://theraphosidae.co.kr/product/프살모포에우스-빅토리-유체/1795/category/24/display/1/
프샬 멕시코 하프 앤 하프 빅토리,타란툴라코리아,네이버,2026-06-02,35000,35000,0,,,재고,https://smartstore.naver.com/tarantulakorea/products/10596223960
프샬모포에우스 Sp. 토노네그로,타란센터,네이버,2026-06-02,65000,65000,0,,,품절,https://smartstore.naver.com/tarancenter/products/12602059030
프샬모포에우스 Sp. 토노네그로,타란센터,자사몰,2026-06-02,250000,250000,0,,,품절,https://tarancenter.com/product/프샬모포에우스-sp-토노네그로-10cm-암컷-준성체-psalmopoeus-sp-tononegro-ecuador/1249/category/51/display/1/
프샬모포에우스 Sp. 토노네그로,타란센터,자사몰,2026-06-02,65000,65000,0,,,품절,https://tarancenter.com/product/프샬모포에우스-sp-토노네그로-유체-psalmopoeus-sp-tononegro-ecuador/1374/category/51/display/1/
프샬모포에우스 Sp. 토노네그로,타란센터,자사몰,2026-06-02,65000,65000,0,,,품절,https://tarancenter.com/product/프샬모포에우스-sp토노네그로-유체-psalmopoeus-sp-tononegro-ecuador/928/category/51/display/1/
프세우도클라모리스 부르게시,거미랑,자사몰,2026-06-02,20000,20000,0,,,품절,https://theraphosidae.co.kr/product/프세우도클라모리스-부르게시-유체/591/category/24/display/1/
프세우도하팔로푸스 spec. 블루&옐로우,거미랑,자사몰,2026-06-02,35000,35000,0,,,품절,https://theraphosidae.co.kr/product/프세우도하팔로푸스-spec-블루옐로우-유체/1381/category/24/display/1/
프세우드하팔로푸스 Sp. 쿠르즈하르,타란센터,자사몰,2026-06-02,23000,23000,0,,,재고,https://tarancenter.com/product/프세우드하팔로푸스-sp-쿠르즈하르-유체-pseudhapalopus-sp-kurzhaar/1308/category/51/display/1/
프세우드하팔로푸스 Sp. 쿠르즈하르,타란센터,자사몰,2026-06-02,50000,50000,0,,,품절,https://tarancenter.com/product/프세우드하팔로푸스-sp-쿠르즈하르-유체대-pseudhapalopus-sp-kurzhaar/735/category/51/display/1/
프세우드하팔로푸스 spec. 블루&옐로우,거미랑,자사몰,2026-06-02,40000,40000,0,,,품절,https://theraphosidae.co.kr/product/프세우드하팔로푸스-spec-블루옐로우-유체/312/category/24/display/1/
프세우드하팔로푸스 spec. 콜롬비아,거미랑,자사몰,2026-06-02,35000,35000,0,,,품절,https://theraphosidae.co.kr/product/프세우드하팔로푸스-spec-콜롬비아-유체/836/category/24/display/1/
프세우드하팔로푸스 쿠르즈하르 학명 Pseudhapalopus sp. kurzhaar 습성 배회성 수명 약 10년 +,타란툴라코리아,네이버,2026-06-02,23000,23000,0,,,재고,https://smartstore.naver.com/tarantulakorea/products/11115129498
피더렉 바분,더쥬 송파점,네이버,2026-06-02,15000,15000,0,,,품절,https://smartstore.naver.com/tzblossom/products/10752558496
피더렉 바분,타란센터,자사몰,2026-06-02,18000,18000,0,,,품절,https://tarancenter.com/product/피더렉-바분-유체-stromatopelma-calceatum/1106/category/51/display/1/
피더렉 바분,타란센터,자사몰,2026-06-02,15000,15000,0,,,재고,https://tarancenter.com/product/피더렉-바분-유체-stromatopelma-calceatum/1566/category/51/display/1/
피더렉 바분 페더렉바분,타란툴라코리아,네이버,2026-06-02,15000,15000,0,,,재고,https://smartstore.naver.com/tarantulakorea/products/10629363319
피더렉바분,타란센터,네이버,2026-06-02,15000,15000,0,,,재고,https://smartstore.naver.com/tarancenter/products/10774731242
피더렉바분,타란툴라코리아,자사몰,2026-06-02,15000,15000,0,,,재고,https://tarantulakorea.com/product/피더렉바분-페더렉-유체/321/category/66/display/1/
피더스니 오너멘탈 고스트 오너멘탈,타란툴라코리아,네이버,2026-06-02,35000,35000,0,,,품절,https://smartstore.naver.com/tarantulakorea/products/10596585534
피치 어스타이거,타란센터,자사몰,2026-06-02,5000,5000,0,,,품절,https://tarancenter.com/product/피치-어스-타이거-루푸스-유체-aspinochilus-rufus/111/category/51/display/1/
피치 어스타이거,타란센터,자사몰,2026-06-02,50000,50000,0,,,품절,https://tarancenter.com/product/피치-어스타이거-10cm-준성체-암컷-phormingochilus-sp-rufus/949/category/51/display/1/
필리핀 오렌지,거미랑,자사몰,2026-06-02,25000,25000,0,,,품절,https://theraphosidae.co.kr/product/필리핀-오렌지-유체/1144/category/24/display/1/
필리핀 지구 타이거 학명 Orphnaecus negros 습성 배회성 수명 약 10~15년 사육온도 25~28도 사육습도 60~70% 사이즈 성장 속도 빠름 과거 국내 샵에서는 레어종 필리핀 지구 타이거로 분양했던 종 입니다. 70-80년생 키퍼분들은 과거를 회상하면서 키워보시기 바랍니다. -소형 거미줄을 많이 치는 타란툴라로 습성과 크기 성격은 필리핀 탠저린과 똑같습니다. 분양되는 사이즈는 0.5mm급 입니다.,타란툴라코리아,네이버,2026-06-02,15000,15000,0,,,재고,https://smartstore.naver.com/tarantulakorea/products/10557019845
필리핀 탠져린 9~,타란센터,자사몰,2026-06-02,60000,60000,0,,,품절,https://tarancenter.com/product/필리핀-탠져린-암컷-910cm-암컷-준성체-초-orphnaecus-philippinus/929/category/51/display/1/
필리핀 탠져린 9~,타란툴라코리아,네이버,2026-06-02,25000,25000,0,,,품절,https://smartstore.naver.com/tarantulakorea/products/10562493951
필리핀 텐저린,거미랑,자사몰,2026-06-02,90000,90000,0,,,품절,https://theraphosidae.co.kr/product/필리핀-텐저린-준성체7cm-한쌍/1515/category/24/display/1/
핑크 제브라 뷰티,거미랑,자사몰,2026-06-02,40000,40000,0,,,품절,https://theraphosidae.co.kr/product/핑크-제브라-뷰티-유체/1208/category/24/display/1/
핑크제브라,타란툴라코리아,자사몰,2026-06-02,25000,25000,0,,,재고,https://tarantulakorea.com/product/핑크제브라-유체/685/category/24/display/1/
핑크제브라 뷰티,타란툴라코리아,네이버,2026-06-02,25000,25000,0,,,재고,https://smartstore.naver.com/tarantulakorea/products/11768746352
핑크토 최 사이즈 아마조니카 마나우스 핑크토 타란툴라 나무위성 절지동물 거미 곤충,타란툴라코리아,네이버,2026-06-02,40000,40000,0,,,품절,https://smartstore.naver.com/tarantulakorea/products/10609477428
핑크풋 골리앗,타란툴라코리아,자사몰,2026-06-02,65000,65000,0,,,재고,https://tarantulakorea.com/product/핑크풋-골리앗-유체/133/category/24/display/1/
핑크풋 골리앗 버드이터,거미랑,자사몰,2026-06-02,350000,350000,0,,,품절,https://theraphosidae.co.kr/product/핑크풋-골리앗-버드이터-18cm-암컷/1291/category/24/display/1/
핑크풋 골리앗 버드이터,거미랑,자사몰,2026-06-02,420000,420000,0,,,품절,https://theraphosidae.co.kr/product/핑크풋-골리앗-버드이터-18cm-한쌍/1290/category/24/display/1/
핑크풋 골리앗 버드이터,거미랑,자사몰,2026-06-02,45000,45000,0,,,품절,https://theraphosidae.co.kr/product/핑크풋-골리앗-버드이터-유체/1064/category/24/display/1/
핑크풋 골리앗 버드이터,타란센터,자사몰,2026-06-02,39000,39000,0,,,품절,https://tarancenter.com/product/핑크풋-골리앗-버드이터-유체-theraphosa-apophysis/1120/category/51/display/1/
핑크풋 골리앗 버드이터,타란센터,자사몰,2026-06-02,60000,60000,0,,,품절,https://tarancenter.com/product/핑크풋-골리앗-버드이터-유체-사이즈-옵션선택-theraphosa-apophysis/672/category/51/display/1/
핑크풋골리앗버드이터 타란튤라 애완거미,타란센터,네이버,2026-06-02,39000,39000,0,,,품절,https://smartstore.naver.com/tarancenter/products/7139854983
하누마윌라수미카 오너멘탈,거미랑,자사몰,2026-06-02,60000,60000,0,,,품절,https://theraphosidae.co.kr/product/하누마윌라수미카-오너멘탈-유체/1244/category/24/display/1/
하르팍티라 나마쿠엔시스,거미랑,자사몰,2026-06-02,75000,75000,0,,,품절,https://theraphosidae.co.kr/product/하르팍티라-나마쿠엔시스-5cm-암컷/1678/category/24/display/1/
하르팍티라 나마쿠엔시스,거미랑,자사몰,2026-06-02,18000,18000,0,,,품절,https://theraphosidae.co.kr/product/하르팍티라-나마쿠엔시스-유체/839/category/24/display/1/
하르팍티라 딕타토르,거미랑,자사몰,2026-06-02,35000,35000,0,,,품절,https://theraphosidae.co.kr/product/하르팍티라-딕타토르-유체/1746/category/24/display/1/
하르팍티라 바비아나,거미랑,자사몰,2026-06-02,45000,45000,0,,,품절,https://theraphosidae.co.kr/product/하르팍티라-바비아나-유체/1258/category/24/display/1/
하르팍티라 카프레리아나,거미랑,자사몰,2026-06-02,45000,45000,0,,,품절,https://theraphosidae.co.kr/product/하르팍티라-카프레리아나-유체/1801/category/24/display/1/
하르팍티라 카프레리아나,거미랑,자사몰,2026-06-02,75000,75000,0,,,품절,https://theraphosidae.co.kr/product/하르팍티라-카프레리아나-유체/840/category/24/display/1/
하르팍티라 크뤼소가스테르,거미랑,자사몰,2026-06-02,165000,165000,0,,,품절,https://theraphosidae.co.kr/product/하르팍티라-크뤼소가스테르-유체/1988/category/24/display/1/
하르팍티렐라 오웨르디이키,거미랑,자사몰,2026-06-02,40000,40000,0,,,품절,https://theraphosidae.co.kr/product/하르팍티렐라-오웨르디이키/1260/category/24/display/1/
하리본 어스타이거,타란센터,네이버,2026-06-02,30000,30000,0,,,재고,https://smartstore.naver.com/tarancenter/products/11887520509
하리본 어스타이거,타란센터,자사몰,2026-06-02,35000,35000,0,,,품절,https://tarancenter.com/product/하리본-어스-타이거-유체-ornithoctoninae-sp-haribon/768/category/51/display/1/
하리본 어스타이거,타란센터,자사몰,2026-06-02,180000,180000,0,,,품절,https://tarancenter.com/product/하리본-어스타이거-12cm-준성체-암컷-ornithoctoninae-sp-haribon/1484/category/51/display/1/
하리본 어스타이거,타란센터,자사몰,2026-06-02,120000,120000,0,,,품절,https://tarancenter.com/product/하리본-어스타이거-암컷-아성체-910cm-ornithoctoninae-sp-haribon/1548/category/51/display/1/
하리본 어스타이거,타란센터,자사몰,2026-06-02,30000,30000,0,,,재고,https://tarancenter.com/product/하리본-어스타이거-유체-ornithoctoninae-sp-haribon/1261/category/51/display/1/
하리본 타이거,거미랑,자사몰,2026-06-02,20000,20000,0,,,품절,https://theraphosidae.co.kr/product/하리본-타이거-유체/1564/category/24/display/1/
하리본 타이거,타란툴라코리아,네이버,2026-06-02,30000,30000,0,,,재고,https://smartstore.naver.com/tarantulakorea/products/12299131643
하리본 타이거,타란툴라코리아,자사몰,2026-06-02,30000,30000,0,,,재고,https://tarantulakorea.com/product/하리본-타이거-유체/446/category/67/display/1/
하티하티 어스타이거,거미랑,네이버,2026-06-02,5000,5000,0,,,재고,https://smartstore.naver.com/terrafactory/products/5757635833
하티하티 어스타이거,거미랑,자사몰,2026-06-02,6000,6000,0,,,재고,https://theraphosidae.co.kr/product/하티하티-타이거-유체/1217/category/24/display/1/
하티하티 어스타이거,거미랑,자사몰,2026-06-02,15000,15000,0,,,품절,https://theraphosidae.co.kr/product/하티하티-타이거-유체대/977/category/24/display/1/
하티하티 어스타이거,더쥬 송파점,네이버,2026-06-02,5000,5000,0,,,품절,https://smartstore.naver.com/tzblossom/products/9970842629
하티하티 어스타이거,타란센터,자사몰,2026-06-02,40000,40000,0,,,품절,https://tarancenter.com/product/하티하티-어스-타이거-13cm-암컷-성체-초-cyriopagopus-sp-hati-hati/1058/category/51/display/1/
하티하티 어스타이거,타란센터,자사몰,2026-06-02,5000,5000,0,,,재고,https://tarancenter.com/product/하티하티-어스-타이거-유체-크기-옵션선택-cyriopagopus-sp-hati-hati/192/category/51/display/1/
하티하티 어스타이거,타란센터,자사몰,2026-06-02,40000,40000,0,,,품절,https://tarancenter.com/product/하티하티-어스타이거-10cm-준성체-암컷-cyriopagopus-sp-hati-hati/1149/category/51/display/1/
하티하티 어스타이거,타란툴라코리아,네이버,2026-06-02,5000,5000,0,,,재고,https://smartstore.naver.com/tarantulakorea/products/10581170321
하티하티 어스타이거,타란툴라코리아,자사몰,2026-06-02,6000,6000,0,,,재고,https://tarantulakorea.com/product/하티하티-타이거-유체/107/category/67/display/1/
하팔로클라스투스 spec. 시나몬,거미랑,자사몰,2026-06-02,65000,65000,0,,,품절,https://theraphosidae.co.kr/product/하팔로클라스투스-spec-시나몬-유체/1816/category/24/display/1/
하팔로클라스투스 칼리,타란툴라코리아,네이버,2026-06-02,75000,75000,0,,,재고,https://smartstore.naver.com/tarantulakorea/products/12032286238
하팔로트레무스 spec. 노브,거미랑,자사몰,2026-06-02,250000,250000,0,,,품절,https://theraphosidae.co.kr/product/하팔로트레무스-spec-노브-9cm암컷/1704/category/24/display/1/
하팔로트레무스 spec. 블루,거미랑,자사몰,2026-06-02,550000,550000,0,,,품절,https://theraphosidae.co.kr/product/하팔로트레무스-spec-블루-준성체한쌍-암-9cm-수-46cm/1508/category/24/display/1/
하팔로트레무스 빌카노타,거미랑,자사몰,2026-06-02,550000,550000,0,,,품절,https://theraphosidae.co.kr/product/하팔로트레무스-빌카노타-준성체한쌍-암-7-9cm-수-5-6cm/1507/category/24/display/1/
하팔로푸스 spec. 게릴라,거미랑,자사몰,2026-06-02,75000,75000,0,,,품절,https://theraphosidae.co.kr/product/하팔로푸스-spec-게릴라-아성체/1451/category/24/display/1/
하팔로푸스 spec. 게릴라,거미랑,자사몰,2026-06-02,38000,38000,0,,,품절,https://theraphosidae.co.kr/product/하팔로푸스-spec-게릴라-유체/1383/category/24/display/1/
하팔로푸스 spec. 게릴라,거미랑,자사몰,2026-06-02,50000,50000,0,,,품절,https://theraphosidae.co.kr/product/하팔로푸스-spec-게릴라-유체/1450/category/24/display/1/
하팔로푸스 spec. 게릴라,거미랑,자사몰,2026-06-02,30000,30000,0,,,품절,https://theraphosidae.co.kr/product/하팔로푸스-spec-게릴라-유체/1828/category/24/display/1/
하팔로푸스 오렌지패치 게릴라 학명 Hapalopus spec. Guerilla 습성 배회성 수명 약 10~15년 사육온도 23~27도 사육습도 75~80% 사이즈 성장 속도 빠름 가장 거 한 하팔로푸스 라는 멋진 수식어의 주인공 게릴라 입니다. 오렌지색의 복부패턴과 발색이 정 이쁜 타란툴라로 사육할 가치가 충분 합니다. 분양되는 게릴라의 사이즈는 급 입니다. ● 영상 ● 추가 사진,타란툴라코리아,네이버,2026-06-02,30000,30000,0,,,재고,https://smartstore.naver.com/tarantulakorea/products/10534257107
하프로펠마 다미,타란툴라코리아,네이버,2026-06-02,25000,25000,0,,,재고,https://smartstore.naver.com/tarantulakorea/products/12986443884
하프로펠마 다미,타란툴라코리아,자사몰,2026-06-02,25000,25000,0,,,재고,https://tarantulakorea.com/product/하프로펠마-다미-유체/734/category/66/display/1/
하플로펠마 cf.로부스툼,거미랑,자사몰,2026-06-02,40000,40000,0,,,품절,https://theraphosidae.co.kr/product/하플로펠마-cf로부스툼-유체/686/category/24/display/1/
하플로펠마 spec. 다미,거미랑,자사몰,2026-06-02,25000,25000,0,,,재고,https://theraphosidae.co.kr/product/하플로펠마-spec-다미-유체/1644/category/24/display/1/
하플로펠마 spec. 타이제브라 DCF,거미랑,자사몰,2026-06-02,60000,60000,0,,,품절,https://theraphosidae.co.kr/product/하플로펠마-spec-타이제브라-dcf-15cm-암컷/1425/category/24/display/1/
학명 - Anqasha picta,거미랑,네이버,2026-06-02,35000,35000,0,,,재고,https://smartstore.naver.com/terrafactory/products/10705104112
학명 - Anqasha picta,거미랑,네이버,2026-06-02,65000,65000,0,,,재고,https://smartstore.naver.com/terrafactory/products/10740317859
학명 - Anqasha picta,거미랑,네이버,2026-06-02,55000,55000,0,,,재고,https://smartstore.naver.com/terrafactory/products/12540679320
학명 - Anqasha picta,거미랑,네이버,2026-06-02,165000,165000,0,,,재고,https://smartstore.naver.com/terrafactory/products/12577352492
학명 - Anqasha picta,거미랑,네이버,2026-06-02,45000,45000,0,,,품절,https://smartstore.naver.com/terrafactory/products/12577372402
학명 - Anqasha picta,거미랑,네이버,2026-06-02,125000,125000,0,,,재고,https://smartstore.naver.com/terrafactory/products/12608676505
학명 - Anqasha picta,거미랑,네이버,2026-06-02,135000,135000,0,,,품절,https://smartstore.naver.com/terrafactory/products/12936742674
학명 - Anqasha picta,거미랑,네이버,2026-06-02,19000,19000,0,,,재고,https://smartstore.naver.com/terrafactory/products/13448512395
학명 - Anqasha picta,거미랑,네이버,2026-06-02,25000,25000,0,,,재고,https://smartstore.naver.com/terrafactory/products/13567607840
학명 - Anqasha picta,거미랑,네이버,2026-06-02,25000,25000,0,,,재고,https://smartstore.naver.com/terrafactory/products/13567610964
학명 - Anqasha picta,거미랑,네이버,2026-06-02,70000,70000,0,,,재고,https://smartstore.naver.com/terrafactory/products/13568132829
학명 - Anqasha picta,거미랑,네이버,2026-06-02,75000,75000,0,,,품절,https://smartstore.naver.com/terrafactory/products/5229637967
학명 - Anqasha picta,거미랑,네이버,2026-06-02,55000,55000,0,,,품절,https://smartstore.naver.com/terrafactory/products/5230232252
학명 - Anqasha picta,거미랑,네이버,2026-06-02,25000,25000,0,,,재고,https://smartstore.naver.com/terrafactory/products/5492010969
학명 - Anqasha picta,거미랑,네이버,2026-06-02,8000,8000,0,,,재고,https://smartstore.naver.com/terrafactory/products/7514552323
학명 - Anqasha picta,거미랑,네이버,2026-06-02,450000,1000000,1,"450,000 → 1,000,000",2026-06-06,품절,https://smartstore.naver.com/terrafactory/products/7818302362
학명 - Anqasha picta,거미랑,자사몰,2026-06-02,125000,125000,0,,,품절,https://theraphosidae.co.kr/product/팜포베테우스-spec-메가카라팍스-몬타나-exthearaphosinae-spec-유체/1844/category/24/display/1/
학명 - Anqasha picta,타란센터,네이버,2026-06-02,125000,125000,0,,,품절,https://smartstore.naver.com/tarancenter/products/11217467584
학명 - Anqasha picta,타란센터,자사몰,2026-06-02,125000,125000,0,,,품절,https://tarancenter.com/product/팜포베테우스-sp-메가카라팍스-몬타나-유체-pamphobeteus-spec-megacarapax-montana/1146/category/51/display/1/
학명 - Anqasha picta,타란툴라코리아,네이버,2026-06-02,125000,125000,0,,,품절,https://smartstore.naver.com/tarantulakorea/products/11182306542
학명 - Anqasha picta,타란툴라코리아,네이버,2026-06-02,125000,125000,0,,,품절,https://smartstore.naver.com/tarantulakorea/products/11239239612
학명 - Anqasha picta,타란툴라코리아,네이버,2026-06-02,68000,68000,0,,,재고,https://smartstore.naver.com/tarantulakorea/products/12577896569
학명 - Anqasha picta,타란툴라코리아,네이버,2026-06-02,55000,55000,0,,,재고,https://smartstore.naver.com/tarantulakorea/products/12577901410
학명 - Augacephalus Junodi,거미랑,네이버,2026-06-02,28000,28000,0,,,재고,https://smartstore.naver.com/terrafactory/products/13583636038
학명 - Avicularia huriana,거미랑,네이버,2026-06-02,45000,45000,0,,,품절,https://smartstore.naver.com/terrafactory/products/5852947982
학명 - Ceratogyrus spec,거미랑,네이버,2026-06-02,20000,20000,0,,,품절,https://smartstore.naver.com/terrafactory/products/7518943630
학명 - Citharacanthus cyaneus,거미랑,네이버,2026-06-02,55000,55000,0,,,품절,https://smartstore.naver.com/terrafactory/products/12321631937
학명 - Citharacanthus cyaneus,타란툴라코리아,네이버,2026-06-02,55000,55000,0,,,재고,https://smartstore.naver.com/tarantulakorea/products/12411588749
학명 - Euathlus spec. Valparaiso,거미랑,네이버,2026-06-02,96000,96000,0,,,재고,https://smartstore.naver.com/terrafactory/products/13442537535
학명 - Eucratoscelus pachypus 관용명 - 아프리칸 스타우트렉 바분 크기 - 판매개체 - +-. 수명 - 15년 이상 - *판매개체,거미랑,네이버,2026-06-02,185000,185000,0,,,재고,https://smartstore.naver.com/terrafactory/products/12508299390
학명 - Haplopelma spec. Bach ma,거미랑,네이버,2026-06-02,15000,15000,0,,,재고,https://smartstore.naver.com/terrafactory/products/13447292311
학명 - Haplopelma spec. Bach ma,거미랑,네이버,2026-06-02,25000,25000,0,,,품절,https://smartstore.naver.com/terrafactory/products/5230411646
학명 - Haplopelma spec. Bach ma,거미랑,네이버,2026-06-02,10000,10000,0,,,품절,https://smartstore.naver.com/terrafactory/products/5397850008
학명 - Harpactira cafreriana,거미랑,네이버,2026-06-02,60000,60000,0,,,품절,https://smartstore.naver.com/terrafactory/products/5230374703
학명 - Harpactira chrysogaster,거미랑,네이버,2026-06-02,165000,165000,0,,,품절,https://smartstore.naver.com/terrafactory/products/12936904573
학명 - Hysterocrates spec. Gigas,거미랑,네이버,2026-06-02,5000,5000,0,,,품절,https://smartstore.naver.com/terrafactory/products/10797333238
학명 - Ornithoctoninae spec. Prison Des Abeiles Laos 관용명 - 라오스 타이거 크기 - 판매개체,거미랑,네이버,2026-06-02,135000,135000,0,,,품절,https://smartstore.naver.com/terrafactory/products/12936760059
학명 - Orphnaecus spec. Blue,거미랑,네이버,2026-06-02,25000,25000,0,,,재고,https://smartstore.naver.com/terrafactory/products/12461447299
학명 - Orphnaecus spec. Blue,거미랑,네이버,2026-06-02,25000,25000,0,,,재고,https://smartstore.naver.com/terrafactory/products/5898884510
학명 - Orphnaecus spec. Blue,타란툴라코리아,네이버,2026-06-02,10000,10000,0,,,재고,https://smartstore.naver.com/tarantulakorea/products/10556047267
학명 - Pamphobeteus cf.antinous Big Black,거미랑,네이버,2026-06-02,65000,65000,0,,,재고,https://smartstore.naver.com/terrafactory/products/10797453687
학명 - Phormictopus spec. Dominican Purple,거미랑,네이버,2026-06-02,35000,35000,0,,,재고,https://smartstore.naver.com/terrafactory/products/5230241216
학명 - Phormictopus spec. Dominican Purple,타란툴라코리아,네이버,2026-06-02,25000,25000,0,,,재고,https://smartstore.naver.com/tarantulakorea/products/10561987146
학명 - Poecilotheria metalica,거미랑,네이버,2026-06-02,35000,1000000,1,"35,000 → 1,000,000",2026-06-06,재고,https://smartstore.naver.com/terrafactory/products/5230026888
학명 - Psalmopoeus spec. Tononegro Ecuador,거미랑,네이버,2026-06-02,65000,65000,0,,,품절,https://smartstore.naver.com/terrafactory/products/12430194029
학명: Aphonopelma gabeli,거미랑,네이버,2026-06-02,520000,520000,0,,,재고,https://smartstore.naver.com/terrafactory/products/12508244244
할리퀸 핑크토,거미랑,자사몰,2026-06-02,65000,65000,0,,,품절,https://theraphosidae.co.kr/product/할리퀸-핑크토-유체/264/category/24/display/1/
할리퀸 핑크토 소오레타마,타란툴라코리아,네이버,2026-06-02,80000,80000,0,,,품절,https://smartstore.naver.com/tarantulakorea/products/10604246387
합사사육이 가능한 타란튤라 소코트라 아일랜드 블루바분,더쥬 송파점,네이버,2026-06-02,15000,15000,0,,,품절,https://smartstore.naver.com/tzblossom/products/12823533556
해당 종은 서비스가 제공되지 않는 품목 입니다. 서비스 제공 여부는 추후 변경될 수 있습니다. 칠레 플레임 학명 Homoeomma chilensis 습성 배회성 수명 약 15년 +사육온도 25~27도 사육습도 40~60% 사이즈 성장 속도 느림 칠레에 서식하는 배회성 타란툴라로 블랙바디에 복부상단에만 붉은 털이 있는 귀여운 종입니다. 크기는 급 소형으로 장수종으로 알려진 종입니다. 과거에는 칠레종은 로즈헤어처럼 국내에서는 저렴하게 분양했지만 번식난이도,타란툴라코리아,네이버,2026-06-02,95000,95000,0,,,품절,https://smartstore.naver.com/tarantulakorea/products/10614726412
해당 종은 서비스가 제공되지 않는 품목 입니다. 서비스 제공 여부는 추후 변경될 수 있습니다. 코스타리카 레드 학명 Megaphobema mesomelas 습성 배회성 수명 약 10년 +,타란툴라코리아,네이버,2026-06-02,165000,165000,0,,,재고,https://smartstore.naver.com/tarantulakorea/products/12577857810
해당 종은 서비스가 제공되지 않는 품목 입니다. 서비스 제공 여부는 추후 변경될 수 있습니다. 퀴리오코스무스 아우에리 학명 Cyriocosmus aueri 습성 배회성 수명 약 10년 +,타란툴라코리아,네이버,2026-06-02,38000,38000,0,,,재고,https://smartstore.naver.com/tarantulakorea/products/12577879594
해당 종은 서비스가 제공되지 않는 품목 입니다. 서비스 제공 여부는 추후 변경될 수 있습니다. 파나마 핑크,타란툴라코리아,네이버,2026-06-02,95000,95000,0,,,품절,https://smartstore.naver.com/tarantulakorea/products/12577870252
헤라클레스 바분,거미랑,네이버,2026-06-02,5000,5000,0,,,재고,https://smartstore.naver.com/terrafactory/products/5747877495
헤라클레스 바분,거미랑,자사몰,2026-06-02,5000,5000,0,,,재고,https://theraphosidae.co.kr/product/헤라클레스-바분-유체/2028/category/24/display/1/
헤라클레스 바분,거미랑,자사몰,2026-06-02,10000,10000,0,,,품절,https://theraphosidae.co.kr/product/헤라클레스-바분-유체/714/category/24/display/1/
헤라클레스 바분,더쥬 송파점,네이버,2026-06-02,3000,3000,0,,,재고,https://smartstore.naver.com/tzblossom/products/8764117249
헤라클레스 바분,타란센터,자사몰,2026-06-02,30000,30000,0,,,품절,https://tarancenter.com/product/헤라클레스-바분-10cm-준성체-암컷-hysterocrates-hercules/1060/category/51/display/1/
헤라클레스 바분,타란센터,자사몰,2026-06-02,3000,3000,0,,,품절,https://tarancenter.com/product/헤라클레스-바분-유체-hysterocrates-hercules/1305/category/51/display/1/
헤라클레스 바분,타란센터,자사몰,2026-06-02,10000,10000,0,,,품절,https://tarancenter.com/product/헤라클레스-바분-유체-대아성체급-hysterocrates-hercules/770/category/51/display/1/
헤라클레스 바분,타란툴라코리아,네이버,2026-06-02,5000,5000,0,,,재고,https://smartstore.naver.com/tarantulakorea/products/10615664399
헤라클레스 바분,타란툴라코리아,자사몰,2026-06-02,5000,5000,0,,,재고,https://tarantulakorea.com/product/헤라클레스-바분-유체/88/category/66/display/1/
헤라클레스바분 버로우성 타란튤라,타란센터,네이버,2026-06-02,3000,3000,0,,,품절,https://smartstore.naver.com/tarancenter/products/11167470172
헤이티안 브라운,더쥬 송파점,네이버,2026-06-02,25000,25000,0,,,품절,https://smartstore.naver.com/tzblossom/products/11958178320
헤이티안 브라운,타란센터,자사몰,2026-06-02,50000,50000,0,,,품절,https://tarancenter.com/product/헤이티안-브라운-버드이터-5cm-암컷-아성체-phormictopus-cancerides/1181/category/51/display/1/
헤이티안 브라운,타란센터,자사몰,2026-06-02,20000,20000,0,,,품절,https://tarancenter.com/product/헤이티안-브라운-버드이터-유체-phormictopus-cancerides/1103/category/51/display/1/
헤이티안 브라운,타란툴라코리아,네이버,2026-06-02,20000,20000,0,,,재고,https://smartstore.naver.com/tarantulakorea/products/10564210533
헤이티안 브라운,타란툴라코리아,자사몰,2026-06-02,20000,20000,0,,,재고,https://tarantulakorea.com/product/헤이티안-브라운-유체/162/category/24/display/1/
헤이티안브라운 버드이터 타란튤라 애완거미,타란센터,네이버,2026-06-02,20000,20000,0,,,품절,https://smartstore.naver.com/tarancenter/products/10752144318
헤테로텔레 가보넨시스,거미랑,자사몰,2026-06-02,20000,20000,0,,,품절,https://theraphosidae.co.kr/product/헤테로텔레-가보넨시스-유체/1866/category/24/display/1/
호세이 타이거,거미랑,자사몰,2026-06-02,80000,80000,0,,,품절,https://theraphosidae.co.kr/product/호세이-타이거-유체/291/category/24/display/1/
호치민 어스 타이거 DCF,타란센터,자사몰,2026-06-02,25000,25000,0,,,재고,https://tarancenter.com/product/호치민-어스-타이거-dcf-유체-ornithoctoninae-sp-ho-chi-minh-dcf/994/category/51/display/1/
호치민 타이거,거미랑,네이버,2026-06-02,10000,10000,0,,,재고,https://smartstore.naver.com/terrafactory/products/10705092036
호치민 타이거,거미랑,자사몰,2026-06-02,60000,60000,0,,,품절,https://theraphosidae.co.kr/product/호치민-타이거-dcf-12cm-암컷-1218일-추가입고/183/category/24/display/1/
호치민 타이거,거미랑,자사몰,2026-06-02,10000,10000,0,,,재고,https://theraphosidae.co.kr/product/호치민-타이거-dcf-유체/1670/category/24/display/1/
호치민 타이거,거미랑,자사몰,2026-06-02,150000,150000,0,,,품절,https://theraphosidae.co.kr/product/호치민-타이거-dcf-준성체암/59/category/24/display/1/
호치민타이거 DCF,타란툴라코리아,자사몰,2026-06-02,10000,10000,0,,,재고,https://tarantulakorea.com/product/호치민타이거dcf-유체/388/category/66/display/1/
호치민타이거 다크폼 DCF,타란툴라코리아,네이버,2026-06-02,10000,10000,0,,,재고,https://smartstore.naver.com/tarantulakorea/products/10634610029
홀로텔레 spec. 에콰도르 푸투마요,거미랑,자사몰,2026-06-02,28000,28000,0,,,품절,https://theraphosidae.co.kr/product/홀로텔레-spec-에콰도르-푸투마요-아성체/1868/category/24/display/1/
화이트 칼라드,거미랑,자사몰,2026-06-02,120000,120000,0,,,재고,https://theraphosidae.co.kr/product/화이트-칼라드-준성체-암컷/1911/category/24/display/1/
후리아나 핑크토,거미랑,자사몰,2026-06-02,140000,140000,0,,,품절,https://theraphosidae.co.kr/product/아위쿨라리아-후리아나-미사와이-유체/1253/category/24/display/1/
후리아나 핑크토,거미랑,자사몰,2026-06-02,170000,170000,0,,,품절,https://theraphosidae.co.kr/product/아위쿨라리아-후리아나-미사와이-유체대/1295/category/24/display/1/
후리아나 핑크토,거미랑,자사몰,2026-06-02,45000,45000,0,,,품절,https://theraphosidae.co.kr/product/후리아나-핑크토-미사와이-유체/1526/category/24/display/1/
후리아나 핑크토,거미랑,자사몰,2026-06-02,70000,70000,0,,,품절,https://theraphosidae.co.kr/product/후리아나-핑크토-유체/826/category/24/display/1/
후리아나 핑크토,더쥬 송파점,네이버,2026-06-02,35000,35000,0,,,품절,https://smartstore.naver.com/tzblossom/products/12484750494
후리아나 핑크토,더쥬 송파점,네이버,2026-06-02,45000,45000,0,,,품절,https://smartstore.naver.com/tzblossom/products/8801527154
후리아나 핑크토,타란센터,네이버,2026-06-02,45000,45000,0,,,품절,https://smartstore.naver.com/tarancenter/products/12602011245
후리아나 핑크토,타란센터,네이버,2026-06-02,45000,45000,0,,,품절,https://smartstore.naver.com/tarancenter/products/8863231835
후리아나 핑크토,타란센터,자사몰,2026-06-02,45000,45000,0,,,품절,https://tarancenter.com/product/후리아나-핑크토-미사와이-유체-avicularia-huriana/1375/category/51/display/1/
후리아나 핑크토,타란툴라코리아,네이버,2026-06-02,45000,45000,0,,,재고,https://smartstore.naver.com/tarantulakorea/products/10650816813
후리아나 핑크토,타란툴라코리아,자사몰,2026-06-02,45000,45000,0,,,재고,https://tarantulakorea.com/product/후리아나-핑크토미사와이-유체/519/category/67/display/1/
후아히니 버드이터,거미랑,자사몰,2026-06-02,8000,8000,0,,,품절,https://theraphosidae.co.kr/product/후아히니-버드이터-유체/1906/category/24/display/1/
후아히니 버드이터,거미랑,자사몰,2026-06-02,65000,65000,0,,,품절,https://theraphosidae.co.kr/product/후아히니-버드이터-준성체암컷/1830/category/24/display/1/
후아히니 버드이터,더쥬 송파점,네이버,2026-06-02,5000,5000,0,,,품절,https://smartstore.naver.com/tzblossom/products/8764155411
후아히니 버드이터,타란센터,네이버,2026-06-02,5000,5000,0,,,재고,https://smartstore.naver.com/tarancenter/products/12022605663
후아히니 버드이터,타란센터,자사몰,2026-06-02,15000,15000,0,,,품절,https://tarancenter.com/product/후아히니-버드이터-4cm-유체-대-chilobrachys-huahini/606/category/51/display/1/
후아히니 버드이터,타란센터,자사몰,2026-06-02,45000,45000,0,,,품절,https://tarancenter.com/product/후아히니-버드이터-성체급-암컷-chilobrachys-huahini/1453/category/51/display/1/
후아히니 버드이터,타란센터,자사몰,2026-06-02,5000,5000,0,,,재고,https://tarancenter.com/product/후아히니-버드이터-유체-chilobrachys-huahini/1288/category/51/display/1/
후하이니 버드이터,타란툴라코리아,네이버,2026-06-02,10000,10000,0,,,재고,https://smartstore.naver.com/tarantulakorea/products/10621988039
후하이니 버드이터,타란툴라코리아,자사몰,2026-06-02,4000,4000,0,,,재고,https://tarantulakorea.com/product/후하이니-버드이터-유체/361/category/66/display/1/
히 라야 뷰티,타란툴라코리아,자사몰,2026-06-02,15000,15000,0,,,재고,https://tarantulakorea.com/product/히말라야-뷰티-유체/316/category/66/display/1/
히 라야 뷰티 바분,타란툴라코리아,네이버,2026-06-02,15000,15000,0,,,재고,https://smartstore.naver.com/tarantulakorea/products/10635283003
히 라야나 뷰티,타란센터,자사몰,2026-06-02,25000,25000,0,,,품절,https://tarancenter.com/product/히말라야나-뷰티-유체-대-haplocosmia-himalayana/101/category/51/display/1/
히 라얀 뷰티,거미랑,자사몰,2026-06-02,15000,15000,0,,,품절,https://theraphosidae.co.kr/product/히말라얀-뷰티-유체/1278/category/24/display/1/
히 라얀 뷰티,거미랑,자사몰,2026-06-02,30000,30000,0,,,품절,https://theraphosidae.co.kr/product/히말라얀-뷰티-유체/80/category/24/display/1/
